Molecular Weight,Rotatable Bond,logP,HBA,HBD,tPSA,Number of Atoms,Number of Bonds,Fold,Label,ID
275.13822478400004,1,0.4214999999999997,7,0,82.67,20,22,5,1,Active_1
291.133139404,1,-0.3401,7,0,96.71999999999998,21,23,3,1,Active_2
249.12257472,0,-0.3287,7,0,82.67,18,19,1,1,Active_3
265.11748934,0,-1.0902999999999985,7,0,96.71999999999998,19,20,4,1,Active_4
279.096753896,1,-1.883899999999998,8,0,105.95,20,22,3,1,Active_5
322.138953056,2,-0.6014999999999997,9,1,121.0,23,24,3,1,Active_6
338.133867676,2,-1.363099999999998,9,1,135.05,24,25,3,1,Active_7
193.059974464,0,-1.3281800000000006,6,1,93.53000000000002,14,15,1,1,Active_8
265.11748934,3,-0.8162799999999995,7,0,96.72,19,20,4,1,Active_9
275.13822478400004,1,0.6504199999999996,7,0,82.67,20,22,5,1,Active_10
291.133139404,1,-0.11118,7,0,96.72,21,23,3,1,Active_11
283.10692465600005,2,0.1935199999999997,7,0,82.67,21,23,1,1,Active_12
285.086189212,1,-0.6271800000000003,7,0,96.72,21,23,4,1,Active_13
303.16952491200004,2,1.4654,7,0,82.67,22,24,5,1,Active_14
351.16952491200004,3,1.9328,7,0,82.67,26,29,2,1,Active_15
319.164439532,2,0.7038000000000004,7,0,96.72,23,25,3,1,Active_16
343.20082504000004,2,2.3897000000000004,7,0,82.67,25,28,5,1,Active_17
359.19573966,2,1.6280999999999997,7,0,96.71999999999998,26,29,3,1,Active_18
299.101839276,2,-0.7969999999999993,7,0,96.71999999999998,22,24,1,1,Active_19
297.12257472000005,3,0.159,7,0,82.67,22,24,2,1,Active_20
313.11748934,3,-0.6025999999999998,7,0,96.71999999999998,23,25,1,1,Active_21
207.075624528,0,-1.3177800000000004,7,0,82.67,15,16,1,1,Active_22
223.070539148,0,-2.079379999999998,7,0,96.72,16,17,4,1,Active_23
235.106924656,1,-0.5028000000000004,7,0,82.67,17,18,1,1,Active_24
251.101839276,1,-1.264399999999998,7,0,96.72,18,19,4,1,Active_25
233.091274592,1,-0.7487999999999999,7,0,82.67,17,19,5,1,Active_26
249.086189212,1,-1.5103999999999989,7,0,96.71999999999998,18,20,3,1,Active_27
270.08652356,1,-0.5642,8,0,95.56,20,22,2,1,Active_28
283.10692465600005,2,-0.0354000000000003,7,0,82.67,21,23,2,1,Active_29
283.10692465600005,1,0.3492199999999996,7,0,82.67,21,23,2,1,Active_30
287.08185278,1,0.1798999999999999,7,0,82.67,21,23,2,1,Active_31
299.101839276,2,0.0493999999999992,8,0,91.9,22,24,2,1,Active_32
270.08652356,1,-0.5642,8,0,95.56,20,22,2,1,Active_33
270.08652356,1,-0.5642,8,0,95.56,20,22,2,1,Active_34
91.02694302,2,-1.0387,3,2,72.55,6,5,5,1,Active_35
552.1056468399998,4,5.437000000000007,10,5,170.8,41,46,4,1,Active_36
342.18310931199994,10,4.959500000000006,4,3,77.76,25,26,5,1,Active_37
570.1162115239999,4,4.802400000000007,11,6,187.12,42,47,4,1,Active_38
412.261359632,14,6.751400000000007,4,4,80.92,30,31,5,1,Active_39
504.084517472,0,5.081040000000003,8,6,155.52,38,45,1,1,Active_40
189.053826464,0,0.1939700000000001,5,3,100.06,14,15,2,1,Active_41
504.0845174719999,0,5.081040000000005,8,6,155.52,38,45,1,1,Active_42
556.1005614599999,3,4.499400000000008,11,7,198.12,41,46,4,1,Active_43
447.27465867600006,9,3.0497000000000014,7,2,87.45,33,37,2,0,Ligand_3
300.15862588,7,2.4072000000000005,6,1,74.32,22,23,1,0,Ligand_7
384.09912198,7,0.6149000000000002,8,1,116.84,26,28,1,0,Ligand_9
443.1514919,4,2.6737400000000013,5,2,104.81000000000002,31,34,4,0,Ligand_10
396.168521868,4,2.20332,7,1,92.78,29,32,5,0,Ligand_12
423.125277152,4,2.9250000000000007,5,1,78.95,30,34,4,0,Ligand_13
406.200490692,7,3.675600000000003,6,1,81.53999999999999,30,33,4,0,Ligand_17
432.1355074879999,8,2.6643,5,1,104.22,30,32,4,0,Ligand_18
337.098393708,7,1.93812,5,1,85.61,23,24,4,0,Ligand_19
463.120191772,5,3.961420000000002,8,1,101.85,33,37,2,0,Ligand_20
392.10420736,5,2.16822,6,1,94.17,27,29,2,0,Ligand_24
428.151826248,6,2.2776200000000006,6,1,93.41000000000004,30,32,3,0,Ligand_25
440.245726632,7,2.17634,6,1,95.75,30,32,1,0,Ligand_27
344.117235244,4,3.2767000000000017,4,2,80.57,25,27,2,0,Ligand_30
352.10929273999994,8,1.6151999999999995,5,1,88.85000000000001,24,25,5,0,Ligand_31
416.176978376,7,2.7632200000000005,4,1,75.71000000000001,29,31,3,0,Ligand_32
453.135841836,7,3.138840000000001,8,1,95.47,32,35,1,0,Ligand_33
383.059421356,6,2.815700000000001,5,1,85.61,25,27,4,0,Ligand_35
369.103479088,6,3.491920000000002,4,1,76.38,26,28,4,0,Ligand_36
401.183837584,6,3.184340000000001,5,2,105.84,29,31,3,0,Ligand_38
421.13055256000007,4,4.052140000000002,6,1,81.81,30,33,3,0,Ligand_39
294.067427928,5,1.8996,5,1,77.52000000000001,20,21,2,0,Ligand_40
458.05110493600006,4,2.3219000000000003,5,0,83.99000000000001,27,29,2,0,Ligand_41
354.144038436,6,1.3304199999999995,7,3,128.07,26,28,2,0,Ligand_44
339.16166266000005,6,2.3128,5,2,86.28999999999999,23,24,1,0,Ligand_45
337.109627088,4,1.2036600000000002,4,2,103.1,23,24,3,0,Ligand_51
378.116189688,7,2.2896,6,2,97.12,26,28,2,0,Ligand_53
422.1754188160001,5,1.6055999999999993,5,1,74.64999999999999,31,34,5,0,Ligand_54
413.104541708,7,2.6861000000000006,8,2,102.68,29,31,4,0,Ligand_56
424.199821996,6,3.8229000000000033,5,1,77.10000000000001,31,34,5,0,Ligand_57
396.219511884,5,1.97394,4,1,76.72,27,29,4,0,Ligand_59
420.190988628,9,3.323700000000001,8,1,97.79,31,34,5,0,Ligand_60
358.098728056,3,2.4874,5,1,81.31,25,28,5,0,Ligand_64
414.004903692,7,2.5730000000000004,3,2,75.27,24,25,3,0,Ligand_65
355.153206152,7,2.4030000000000005,5,2,97.1,26,28,5,0,Ligand_68
291.024851908,4,2.4626,8,1,90.72,19,21,3,0,Ligand_69
355.079075908,5,3.306800000000001,4,2,74.85,25,27,4,0,Ligand_70
398.19877644,5,1.83072,6,1,95.75,27,28,1,0,Ligand_71
397.2001563440001,7,3.0649000000000006,5,3,88.69000000000001,29,31,3,0,Ligand_75
417.081698088,8,3.225900000000001,7,2,101.29,28,30,5,0,Ligand_76
376.145678248,6,2.932040000000001,5,1,89.27,26,28,2,0,Ligand_80
397.157245976,3,2.931360000000001,7,1,79.60000000000001,28,31,2,0,Ligand_81
445.076612708,5,2.700000000000001,7,1,105.67,30,33,2,0,Ligand_82
277.08849772,3,1.5343,4,2,84.55,19,20,5,0,Ligand_84
317.08341234000005,3,2.27384,3,3,94.82,22,24,4,0,Ligand_86
485.198442092,5,3.342120000000002,5,1,96.02,34,37,4,0,Ligand_87
511.2286966639999,12,2.5693200000000003,8,1,104.61,34,36,5,0,Ligand_89
355.141972772,5,1.8321,5,0,80.75,26,29,1,0,Ligand_90
352.182063756,7,2.686000000000001,3,2,75.27000000000001,24,25,3,0,Ligand_91
327.11538116400004,3,2.6107000000000005,5,1,74.77,23,26,1,0,Ligand_92
483.11472953200007,8,3.297860000000002,10,2,127.83,33,36,3,0,Ligand_93
441.135841836,9,2.2856000000000005,5,2,108.57000000000002,31,33,4,0,Ligand_94
443.19573966,4,3.471040000000002,6,0,76.51000000000002,33,37,2,0,Ligand_95
367.100205276,4,1.4512999999999998,5,1,82.71000000000001,25,27,5,0,Ligand_96
355.1354479120001,6,3.755740000000003,5,1,75.00999999999999,25,26,1,0,Ligand_98
389.104541708,7,1.1273999999999995,7,2,102.42,27,29,3,0,Ligand_100
319.10692465600005,3,1.9114999999999995,5,2,92.67,24,27,1,0,Ligand_101
414.15034694,5,3.8785000000000025,6,1,80.49000000000001,30,33,3,0,Ligand_102
280.099396752,4,0.2925999999999993,5,1,89.18,19,20,1,0,Ligand_105
369.125945848,3,2.37534,7,1,79.60000000000001,26,29,3,0,Ligand_113
379.1024335320001,6,3.139300000000002,6,1,89.02,25,27,5,0,Ligand_114
462.1936910600001,6,2.5614600000000003,7,1,110.6,32,34,2,0,Ligand_115
290.083746688,3,1.80062,5,1,75.19,20,21,1,0,Ligand_117
401.109959348,3,4.272240000000003,6,1,85.32000000000001,29,32,5,0,Ligand_120
379.08674364000007,4,1.668,7,2,111.99,27,29,5,0,Ligand_121
450.076468388,6,1.1976999999999998,7,2,119.27,30,32,4,0,Ligand_126
405.160993964,10,2.676020000000001,5,1,81.7,28,29,3,0,Ligand_127
347.130362532,3,2.5120400000000007,5,1,81.06,24,26,4,0,Ligand_132
452.2059699959999,7,1.4414999999999998,7,1,96.87,33,36,4,0,Ligand_135
443.1263397720001,6,1.391099999999999,7,2,138.43,31,34,3,0,Ligand_136
484.178040996,6,1.7056999999999989,7,2,119.27,34,37,1,0,Ligand_137
451.19410566,8,3.137840000000001,5,2,91.5,31,33,1,0,Ligand_140
332.083077992,3,2.5491400000000004,5,1,81.31,23,25,5,0,Ligand_141
376.136925132,7,2.6594000000000007,5,1,75.19,26,28,1,0,Ligand_142
307.073910276,6,0.3167999999999992,7,2,110.0,21,22,2,0,Ligand_144
429.1180835960001,5,2.786800000000002,6,2,87.63,29,32,1,0,Ligand_145
382.119857424,6,1.7685999999999995,7,1,107.61,26,28,1,0,Ligand_147
358.146346944,6,3.1807200000000018,5,1,75.19,25,27,2,0,Ligand_149
491.20563564800005,8,2.575420000000001,7,1,103.53,36,40,2,0,Ligand_150
452.209341124,8,0.9967000000000013,6,0,90.46999999999998,31,33,1,0,Ligand_152
371.1732729,3,2.633820000000001,5,1,79.98,27,30,5,0,Ligand_153
379.1453439,5,2.9278000000000013,5,0,72.91,26,28,5,0,Ligand_161
304.088163372,5,1.94352,4,1,76.13,21,22,5,0,Ligand_163
357.16885621599994,8,1.7221999999999995,6,2,87.74000000000001,26,28,5,0,Ligand_164
455.15149190000005,6,3.771500000000003,5,2,108.56999999999998,32,35,1,0,Ligand_166
348.077992612,4,2.29202,5,2,101.57,24,25,3,0,Ligand_167
461.198442092,4,2.1604,6,0,88.92,32,35,5,0,Ligand_168
411.134969244,6,3.402200000000001,5,1,73.22,29,32,2,0,Ligand_170
419.19573966,8,1.5109999999999997,6,1,97.19,31,34,4,0,Ligand_172
410.147786424,6,2.7311000000000005,6,1,94.17,30,33,5,0,Ligand_173
431.131505404,5,2.6018000000000017,4,1,86.79,30,33,4,0,Ligand_175
336.1473925,5,3.5493900000000016,4,2,75.32,25,27,5,0,Ligand_179
363.125277152,8,1.4634999999999991,5,2,97.39,25,26,2,0,Ligand_180
434.159019804,5,2.36932,9,0,97.35000000000002,32,35,2,0,Ligand_184
268.069536104,6,-0.1650000000000005,5,4,136.82,19,19,5,0,Ligand_187
358.098728056,5,2.2806200000000008,5,1,84.82999999999998,25,27,1,0,Ligand_188
488.245726632,8,2.657700000000001,6,1,91.71999999999998,34,37,5,0,Ligand_189
409.167141964,5,1.4741999999999995,5,1,88.17999999999999,28,31,4,0,Ligand_190
346.044584308,4,3.017120000000001,5,1,76.13,23,25,2,0,Ligand_191
382.065713676,8,1.8022,7,1,102.43,25,26,5,0,Ligand_192
382.152871804,6,2.494300000000001,6,1,78.79,28,30,4,0,Ligand_193
459.162805532,7,2.639900000000001,4,1,86.79,32,35,4,0,Ligand_197
453.3216088680001,6,3.149800000000001,7,1,79.18,33,37,3,0,Ligand_202
387.125277152,7,2.6346000000000007,5,1,75.02000000000001,27,29,4,0,Ligand_203
298.095356928,5,1.5821000000000005,4,1,79.62,22,24,3,0,Ligand_204
273.06843097200004,3,1.3439,6,1,76.46000000000001,19,21,4,0,Ligand_206
415.24710653599993,8,2.8904000000000014,6,1,72.80000000000001,30,32,4,0,Ligand_207
456.168521868,6,4.192100000000003,6,1,88.96000000000001,34,38,2,0,Ligand_209
460.141655488,7,0.1827000000000003,8,1,119.71,32,34,4,0,Ligand_210
339.0711334040001,4,2.9285000000000005,5,2,88.16,22,23,3,0,Ligand_211
434.195405312,8,3.872340000000002,7,1,90.89,32,35,5,0,Ligand_213
381.088222948,6,1.6661,7,0,95.28,26,28,1,0,Ligand_215
350.174275944,3,2.9069600000000007,4,3,82.59,26,28,2,0,Ligand_218
340.12232062400005,5,3.380070000000001,4,2,75.32,25,27,5,0,Ligand_219
331.062676896,3,1.6204199999999995,7,2,103.62,23,25,1,0,Ligand_222
509.2096754720001,10,1.9900999999999995,8,1,96.76999999999998,36,39,5,0,Ligand_228
463.15657728,8,4.008920000000003,7,1,82.32999999999998,33,36,3,0,Ligand_229
315.158291532,6,2.957740000000001,5,1,73.22,23,24,4,0,Ligand_230
335.103669116,6,2.617800000000001,5,1,77.25,23,25,3,0,Ligand_231
444.146740868,7,0.7830000000000004,7,2,119.27,31,33,4,0,Ligand_237
333.10373109600005,4,2.63122,6,1,81.41,24,26,2,0,Ligand_239
317.126322708,4,1.9218,5,0,72.91,23,25,4,0,Ligand_240
368.13722174,5,2.1913,6,2,89.79,27,29,1,0,Ligand_241
455.122752288,7,3.670200000000002,7,1,81.81,32,35,2,0,Ligand_243
474.103161804,3,1.5581,8,1,112.28999999999998,32,36,1,0,Ligand_244
323.0939770240001,7,2.3441,7,1,82.57000000000002,22,23,2,0,Ligand_245
398.130028184,7,3.558600000000002,5,2,76.66000000000001,28,30,2,0,Ligand_247
318.98521086,5,2.1387,6,1,81.18,19,20,1,0,Ligand_249
399.088891644,7,2.883700000000001,8,1,91.80000000000004,28,31,1,0,Ligand_253
484.160282756,3,3.026220000000001,7,1,82.07999999999998,33,37,1,0,Ligand_255
416.140592868,7,2.1570400000000003,5,2,101.57,29,31,2,0,Ligand_256
346.135113564,7,3.117100000000001,3,2,75.27000000000001,24,25,3,0,Ligand_257
442.1198574239999,6,2.787200000000001,6,0,93.20000000000002,31,34,4,0,Ligand_259
407.187877408,6,1.5591999999999993,4,1,86.78999999999999,28,30,2,0,Ligand_261
367.099062404,3,2.3044,5,1,81.06,26,29,4,0,Ligand_262
405.160993964,10,3.023620000000001,5,1,81.7,28,29,3,0,Ligand_267
425.198442092,7,0.8527200000000019,6,1,88.18,29,31,3,0,Ligand_268
423.2158064080001,9,3.256300000000002,6,1,82.97,31,33,1,0,Ligand_271
404.140592868,8,2.549900000000001,5,2,93.73,28,30,4,0,Ligand_273
389.13755608800005,6,3.645800000000002,4,1,82.86000000000001,29,32,4,0,Ligand_275
432.13213636,5,3.5074000000000023,7,0,89.28999999999999,32,36,4,0,Ligand_277
457.167141964,6,2.19952,6,1,101.62,32,35,3,0,Ligand_279
470.1875430599999,7,4.182300000000003,7,0,77.84,33,36,4,0,Ligand_280
357.205241724,6,2.3786000000000005,3,2,78.51,26,28,4,0,Ligand_281
386.093642676,5,1.9415,5,2,101.57,27,29,2,0,Ligand_286
382.156242932,5,1.3448,5,0,76.15,26,28,3,0,Ligand_287
328.051777864,3,2.75509,5,2,84.32,23,25,5,0,Ligand_288
526.228362316,11,1.8764000000000007,7,1,99.26,35,37,1,0,Ligand_289
296.13069688,3,0.8579199999999996,5,2,73.8,20,21,1,0,Ligand_293
382.1528718039999,6,2.4833000000000007,5,1,77.1,28,31,4,0,Ligand_296
390.124942804,6,2.1135,5,1,84.94,27,29,5,0,Ligand_297
422.2430242,6,2.19124,7,1,85.05000000000001,31,34,3,0,Ligand_298
332.0976825,6,1.6972999999999998,6,1,92.26,21,22,4,0,Ligand_299
457.132093848,6,3.095800000000001,9,1,115.55,33,37,4,0,Ligand_300
387.125277152,5,2.928240000000001,6,1,88.6,27,29,1,0,Ligand_303
469.203527472,6,3.0923000000000016,4,2,95.58,33,36,3,0,Ligand_304
442.07654864,6,2.82592,5,1,84.94,29,31,3,0,Ligand_305
372.091055832,5,2.0279,4,1,75.71000000000001,24,26,3,0,Ligand_306
462.22670544,8,2.790420000000001,6,1,93.41000000000004,34,38,3,0,Ligand_307
379.120191772,6,1.23832,8,1,99.52,26,28,2,0,Ligand_308
401.169918836,7,-0.1901999999999983,9,1,109.38,29,31,4,0,Ligand_310
426.101620516,7,3.0488000000000017,5,1,88.85000000000001,28,30,3,0,Ligand_311
474.19369106,6,1.5987,8,1,102.76,33,37,5,0,Ligand_313
378.070799056,4,2.954600000000001,5,1,75.71000000000001,25,27,3,0,Ligand_314
487.1599484080001,7,3.0489000000000006,5,1,86.79,33,36,1,0,Ligand_317
342.024119144,4,2.3077000000000005,3,2,89.25999999999999,22,23,2,0,Ligand_318
369.1688562160001,7,1.9694999999999996,4,2,87.74000000000001,27,28,3,0,Ligand_322
455.187877408,9,3.5310000000000024,5,1,80.64,32,35,3,0,Ligand_323
308.1194635,5,1.62674,3,2,79.03,21,22,3,0,Ligand_325
362.093642676,6,2.0646000000000004,5,1,84.94,25,27,4,0,Ligand_326
369.1259458480001,3,2.3753400000000005,7,1,79.60000000000001,26,29,3,0,Ligand_327
260.090940244,3,0.3864000000000002,7,1,100.1,19,20,5,0,Ligand_328
391.0643869160001,5,1.7397,6,3,106.06,24,26,1,0,Ligand_330
392.140592868,7,2.3954000000000004,5,1,88.85000000000001,27,29,3,0,Ligand_331
494.162390932,7,2.695920000000001,8,1,106.55,35,38,1,0,Ligand_332
313.142641468,4,2.537020000000001,4,1,75.44,23,25,5,0,Ligand_334
519.082739412,4,4.071720000000003,4,2,95.58,32,35,3,0,Ligand_335
328.07290723200003,6,-0.0002,5,3,124.01,22,23,2,0,Ligand_336
407.15149190000005,7,2.044059999999999,6,2,106.5,28,29,5,0,Ligand_338
362.094980068,5,2.9171000000000005,7,1,85.07,26,29,3,0,Ligand_340
485.198442092,7,2.8523000000000005,5,1,96.02,34,37,4,0,Ligand_342
449.122083592,7,3.1967000000000017,7,1,84.67,31,34,3,0,Ligand_343
403.111438656,5,1.4594999999999996,8,1,98.88,28,30,2,0,Ligand_346
380.059755704,4,3.128800000000002,5,0,76.57,25,27,4,0,Ligand_347
338.090271548,3,2.3709000000000007,5,1,92.78,25,27,5,0,Ligand_350
376.145678248,8,2.37692,4,2,84.5,26,27,2,0,Ligand_351
438.136176184,7,3.137700000000001,7,1,93.65,31,34,1,0,Ligand_354
505.2689046,9,4.059720000000002,7,2,96.03,37,40,4,0,Ligand_357
354.088557296,5,-0.123699999999999,6,1,109.85,24,25,1,0,Ligand_361
332.028934244,3,2.772900000000001,5,1,75.6,22,24,4,0,Ligand_362
498.093638444,9,2.4137200000000005,6,0,84.74,30,32,5,0,Ligand_363
339.11067264400003,5,2.2233,5,2,87.07000000000001,25,27,1,0,Ligand_364
388.145930256,5,1.8103999999999996,7,1,84.65,28,31,3,0,Ligand_365
455.16455511999993,9,2.553400000000001,4,2,95.58,30,32,3,0,Ligand_366
528.204255744,14,2.0174,9,2,120.78,37,39,5,0,Ligand_367
455.187877408,5,2.7636200000000004,4,1,86.79,32,35,4,0,Ligand_371
295.084457896,3,3.124000000000001,4,1,82.53,22,24,1,0,Ligand_372
375.169524912,4,3.5227200000000014,6,2,81.07,28,31,5,0,Ligand_373
424.185903248,9,1.4886999999999988,8,3,133.39,31,33,2,0,Ligand_379
387.114043772,6,3.2615000000000016,6,0,74.60000000000001,27,29,4,0,Ligand_380
361.109627088,5,2.0765,6,1,82.33000000000001,25,27,4,0,Ligand_385
526.224991188,8,2.916360000000001,8,1,102.64,37,40,2,0,Ligand_386
374.141261564,2,1.1520999999999997,6,0,75.50999999999999,26,29,2,0,Ligand_388
529.1147082360001,7,3.237190000000001,6,2,73.37,33,36,5,0,Ligand_390
354.121571676,6,2.3286000000000007,5,1,84.94,26,28,1,0,Ligand_391
486.09663694400007,8,4.418540000000003,11,1,108.81,32,35,2,0,Ligand_392
378.19771382,6,3.220200000000001,3,2,75.27000000000001,26,28,3,0,Ligand_393
311.09060589600006,1,1.0475799999999995,6,2,114.44,23,25,5,0,Ligand_397
374.01617664,6,1.6070000000000009,4,2,106.32999999999998,23,24,4,0,Ligand_399
375.158291532,0,2.584480000000001,5,1,96.42,28,32,2,0,Ligand_400
322.146346944,5,2.2202,5,1,75.19,22,24,2,0,Ligand_401
398.0541034360001,5,1.7376399999999996,7,0,83.47000000000001,25,27,2,0,Ligand_402
445.163770836,7,4.053900000000003,7,1,91.68,33,36,2,0,Ligand_403
419.15149190000005,7,1.8158999999999996,6,1,97.83,29,31,3,0,Ligand_404
360.089225992,0,1.043319999999999,6,1,99.15,25,27,2,0,Ligand_407
386.106705896,6,2.418,4,1,75.71000000000001,25,27,3,0,Ligand_409
455.2420211559999,8,3.147100000000002,7,2,96.97,33,36,5,0,Ligand_410
495.215806408,5,5.409400000000004,6,1,80.76,37,42,1,0,Ligand_411
305.07217896000003,2,2.2123,6,1,78.62,21,23,5,0,Ligand_412
364.145678248,6,2.9035800000000016,4,2,88.26,25,26,2,0,Ligand_413
378.124942804,5,2.6416200000000005,6,1,77.10000000000001,26,28,1,0,Ligand_414
321.035416592,4,1.7469199999999998,6,3,103.53,21,23,3,0,Ligand_415
426.079033936,6,3.523000000000003,5,3,96.89,26,27,1,0,Ligand_419
304.14230712,6,1.064,3,3,95.5,22,23,1,0,Ligand_421
488.24235550399993,8,1.3444000000000011,6,0,81.24,36,40,5,0,Ligand_422
427.15657728,7,2.7508000000000017,5,1,80.64,30,33,3,0,Ligand_424
345.11471246800005,5,1.8225,3,3,101.29,24,26,5,0,Ligand_426
234.100442308,2,-0.3327000000000006,3,1,80.47,17,19,3,0,Ligand_427
319.08782902400003,7,3.092600000000001,4,2,75.63,22,23,4,0,Ligand_430
473.198442092,7,2.9782,5,2,108.72,33,36,4,0,Ligand_431
287.073990528,5,0.1292,3,2,78.51,19,20,4,0,Ligand_432
419.09734815200005,6,3.015320000000001,6,2,105.23,28,30,2,0,Ligand_433
402.104956308,4,3.9171200000000015,4,1,79.61999999999999,28,31,4,0,Ligand_434
340.145678248,8,2.1372,4,2,84.5,23,24,5,0,Ligand_437
429.05500467200005,4,3.3348000000000013,6,0,80.97999999999999,29,32,4,0,Ligand_440
306.157957184,4,2.2629200000000003,4,2,78.87,22,23,2,0,Ligand_444
405.135841836,5,1.6351999999999995,7,2,89.13000000000001,28,31,3,0,Ligand_445
309.10010796,3,2.989600000000001,4,2,79.54,23,25,2,0,Ligand_450
326.130028184,6,1.8346,4,1,75.71000000000001,22,23,4,0,Ligand_455
285.040400164,4,1.9348,5,1,77.35,19,20,2,0,Ligand_457
278.090271548,5,1.9305,7,0,83.68,20,21,3,0,Ligand_461
277.09502258000003,5,1.36,4,1,83.91,20,21,2,0,Ligand_462
235.08693816,4,0.8409999999999993,5,1,72.7,17,18,5,0,Ligand_463
390.111024056,5,0.6168199999999995,10,1,124.91,27,29,2,0,Ligand_466
321.033875304,2,2.6193,4,2,74.85,21,23,3,0,Ligand_469
310.106590308,3,1.38678,6,2,114.02,23,25,2,0,Ligand_470
359.18450628,8,2.6429400000000003,6,1,82.45,26,27,1,0,Ligand_471
370.135113564,5,2.974360000000001,3,2,79.03,26,28,3,0,Ligand_472
231.064391148,3,1.1538,4,2,91.12,17,18,5,0,Ligand_473
319.035080156,5,1.1383,7,1,95.92,21,22,4,0,Ligand_476
319.153206152,2,1.3162999999999996,6,1,76.7,23,25,2,0,Ligand_477
296.16371126,3,1.74728,4,1,75.05,22,24,5,0,Ligand_480
439.177706648,6,0.8284000000000012,6,1,119.23999999999998,30,32,3,0,Ligand_481
360.15862588,4,2.5382000000000007,3,2,78.08999999999999,27,30,4,0,Ligand_482
402.082032436,7,3.4087400000000017,7,2,97.12,27,29,2,0,Ligand_483
393.135841836,6,0.6991999999999992,6,1,97.71,27,29,5,0,Ligand_484
344.13069688,5,1.9458999999999995,5,2,88.32000000000001,24,26,3,0,Ligand_486
372.168521868,7,2.2044,7,1,84.94,27,29,5,0,Ligand_487
400.12052612,6,1.83834,7,2,102.32000000000002,28,30,5,0,Ligand_488
383.13688739200006,5,2.859820000000001,5,2,109.75,28,31,3,0,Ligand_489
397.236541852,3,1.7549999999999994,4,2,86.86999999999999,29,31,3,0,Ligand_490
337.120860468,4,0.6582999999999997,7,1,106.84,23,24,3,0,Ligand_491
377.140927216,8,1.6243999999999996,4,1,78.95,26,27,5,0,Ligand_492
307.08514365600007,2,-0.7495999999999998,10,0,92.53,21,23,1,0,Ligand_493
396.171892996,6,1.69952,5,1,84.94000000000001,27,29,3,0,Ligand_497
325.146012596,4,1.2504000000000002,4,2,92.5,22,23,3,0,Ligand_499
481.1395452240001,9,3.7512000000000025,8,1,99.0,33,35,1,0,Ligand_500
315.06776227600005,3,2.2317,5,1,81.06,22,24,5,0,Ligand_501
485.1984420920001,7,2.8539000000000003,5,1,96.01999999999998,34,37,4,0,Ligand_504
471.14640652,7,2.2598000000000003,6,2,117.79999999999995,33,36,5,0,Ligand_505
403.0838062640001,7,2.202,8,1,128.45999999999998,28,30,5,0,Ligand_506
468.07913548400006,5,3.466500000000001,6,3,125.56,33,36,3,0,Ligand_507
373.152537456,6,2.48742,5,2,105.84,27,29,1,0,Ligand_508
381.0801568,5,3.969400000000003,4,1,76.38,25,27,2,0,Ligand_511
293.04702683200003,3,0.9102699999999998,6,3,100.51000000000002,20,22,1,0,Ligand_512
386.093642676,5,2.854700000000001,6,2,89.8,27,29,2,0,Ligand_514
385.098393708,7,3.1921000000000017,5,1,85.61,27,29,4,0,Ligand_515
363.125277152,5,1.5679899999999998,7,1,76.56,25,27,1,0,Ligand_516
385.100873972,6,3.1801000000000013,5,3,96.01,27,29,2,0,Ligand_521
420.171892996,7,3.268320000000002,6,1,98.5,29,31,2,0,Ligand_524
529.1615779159999,10,2.402,9,1,117.86,37,40,3,0,Ligand_525
372.168521868,5,2.1985,7,1,100.74,27,29,4,0,Ligand_526
383.19573966,6,1.2157,8,0,82.13,28,30,3,0,Ligand_527
394.076947056,5,1.07332,7,1,103.7,26,28,1,0,Ligand_530
418.094705296,9,2.3406,9,2,128.72,29,31,2,0,Ligand_532
511.2286966639999,11,2.4252200000000013,8,1,104.61,34,36,5,0,Ligand_534
406.164105184,5,1.7464999999999993,6,1,93.53,30,33,2,0,Ligand_535
455.253254536,8,1.9057,8,1,89.05000000000001,33,36,1,0,Ligand_536
369.1437040880001,4,0.6355000000000002,9,0,92.64,27,30,4,0,Ligand_537
373.109627088,6,3.1487000000000016,6,1,102.16,26,28,5,0,Ligand_538
386.104876056,5,1.96812,8,1,115.48,27,29,5,0,Ligand_539
391.15657728,9,2.115719999999999,5,1,88.60000000000001,27,28,5,0,Ligand_542
501.22974222,7,3.764900000000004,5,2,116.67,35,38,4,0,Ligand_543
311.126991404,6,2.8870200000000006,5,1,81.16000000000001,23,25,5,0,Ligand_545
373.1208604680001,6,2.4786400000000004,7,1,99.0,26,28,2,0,Ligand_546
333.11134134,4,2.4591000000000003,5,1,77.13,25,28,3,0,Ligand_548
435.1365105320001,4,3.6825000000000023,8,1,88.83,31,35,2,0,Ligand_551
320.063091496,4,2.07058,5,1,79.19,22,23,1,0,Ligand_552
353.148789468,9,2.832580000000001,8,1,98.13,26,28,3,0,Ligand_553
499.210721028,7,4.593600000000004,6,1,84.25000000000001,37,41,2,0,Ligand_555
449.161852688,5,4.038260000000003,6,1,81.81,32,35,3,0,Ligand_556
442.134461932,7,0.9496199999999996,8,1,110.6,29,31,5,0,Ligand_557
338.126657056,5,3.919520000000002,5,1,73.59,25,27,1,0,Ligand_559
428.0976825,9,4.100100000000003,8,1,86.11,29,31,5,0,Ligand_560
501.118083596,5,6.141460000000004,6,1,79.37,35,39,5,0,Ligand_561
489.156971204,7,2.2425,7,1,114.48,34,37,1,0,Ligand_562
406.156242932,7,2.7038200000000003,5,1,88.85000000000001,28,30,3,0,Ligand_565
374.23179082,10,1.8698,5,1,74.24000000000001,27,28,2,0,Ligand_568
503.172621268,8,1.9083,8,1,120.08000000000004,35,38,3,0,Ligand_569
396.204907376,8,3.274700000000002,5,1,83.55000000000001,29,31,1,0,Ligand_572
519.1675358879999,9,0.8090000000000006,8,1,123.71,36,39,1,0,Ligand_574
376.14230712,6,4.208400000000002,4,2,76.66000000000001,28,30,2,0,Ligand_575
374.087117816,7,2.9754000000000014,7,1,76.36000000000001,25,27,3,0,Ligand_576
494.2554004520001,9,1.9691999999999992,8,1,98.96999999999998,36,40,2,0,Ligand_577
367.090309288,4,3.386400000000001,6,1,72.7,26,29,2,0,Ligand_580
396.171892996,8,1.9716,5,2,93.73,27,29,2,0,Ligand_581
491.230787776,8,4.775140000000004,5,2,105.84,36,39,3,0,Ligand_585
252.097088244,3,0.1061199999999998,9,1,121.95,18,19,2,0,Ligand_586
359.10521040400005,7,1.5394999999999996,7,1,99.0,25,27,2,0,Ligand_587
453.22974222,8,2.1953000000000005,5,1,88.18,31,33,3,0,Ligand_588
377.137556088,3,2.4091000000000005,7,1,78.39,28,31,2,0,Ligand_590
426.263090948,9,1.9920000000000009,5,2,83.44,31,33,5,0,Ligand_592
463.258339916,9,1.689899999999999,6,2,90.44,34,37,5,0,Ligand_597
426.0928674,7,3.3331000000000026,6,2,97.12,28,30,2,0,Ligand_599
443.115106392,6,1.3322999999999998,6,1,113.09,31,34,5,0,Ligand_600
401.152160596,5,2.770420000000002,7,2,109.48,28,31,3,0,Ligand_601
434.127799928,6,4.020800000000002,6,1,88.96000000000001,32,35,1,0,Ligand_604
363.114043772,6,2.18272,5,0,76.82,25,27,2,0,Ligand_611
395.18450628,8,2.6013,4,1,78.95,29,31,4,0,Ligand_612
325.142641468,4,2.0862,5,1,75.02,24,26,1,0,Ligand_613
380.13722174,5,2.810100000000001,6,1,78.79,28,31,1,0,Ligand_615
344.083077992,6,3.3503000000000016,6,1,73.59,24,26,3,0,Ligand_616
385.1208604680001,5,1.7507999999999997,8,0,81.85000000000001,27,30,2,0,Ligand_618
364.201159388,6,2.856740000000001,6,1,75.94,27,30,4,0,Ligand_620
388.1535405,4,3.3649400000000016,7,0,79.01,29,32,5,0,Ligand_623
475.0968694839999,6,2.3282,6,1,99.93,32,35,3,0,Ligand_624
392.0413104960001,7,2.931000000000001,7,2,97.12,26,28,2,0,Ligand_626
363.105290656,4,2.2601000000000004,4,1,79.37,25,27,3,0,Ligand_627
389.220223092,9,2.8207000000000013,6,2,84.86,28,29,4,0,Ligand_628
414.124942804,7,3.5205400000000022,6,1,98.5,29,31,2,0,Ligand_631
311.079372516,4,2.5841000000000003,4,1,83.91,23,25,4,0,Ligand_632
370.04572718,4,2.1604,5,1,75.71000000000001,24,26,3,0,Ligand_637
445.211389724,4,2.6637000000000004,7,0,72.6,33,37,2,0,Ligand_638
433.167141964,8,2.2402,8,1,93.89,30,32,4,0,Ligand_640
375.125277152,6,1.8585,4,3,118.36,26,27,4,0,Ligand_642
378.169190564,3,2.8847400000000007,4,1,82.44000000000001,28,31,5,0,Ligand_647
361.1460125960001,4,3.058440000000001,3,2,82.27000000000001,25,27,3,0,Ligand_648
479.194402268,8,4.163020000000003,6,2,115.07,35,38,2,0,Ligand_651
362.130028184,6,2.7167400000000006,4,1,75.71000000000001,25,26,5,0,Ligand_652
526.1886056799999,5,1.5304,8,0,101.39,37,41,5,0,Ligand_653
394.211724072,6,2.940500000000001,7,1,84.64999999999999,29,32,1,0,Ligand_655
480.1921315,5,1.1720999999999997,9,0,98.51000000000002,35,39,4,0,Ligand_657
276.111006992,3,0.1903000000000005,4,1,75.71000000000001,20,21,2,0,Ligand_658
360.077992612,5,1.5906999999999998,6,1,94.06,25,27,1,0,Ligand_659
237.063722452,2,0.9169,5,1,73.86000000000001,17,18,5,0,Ligand_660
404.140592868,6,1.95452,5,1,84.94,28,30,1,0,Ligand_661
389.0503979600001,6,3.2048000000000005,6,2,97.39,26,28,3,0,Ligand_662
360.13213635999995,6,3.1430000000000007,6,2,95.12000000000002,26,27,1,0,Ligand_664
451.23318778800007,11,1.8062999999999996,8,2,113.75,33,36,4,0,Ligand_666
396.064362416,8,2.6836,4,2,76.66,26,27,4,0,Ligand_667
464.037974704,5,3.1317000000000013,7,1,101.49,30,33,4,0,Ligand_669
403.120191772,7,1.8869999999999996,5,3,113.6,28,30,3,0,Ligand_672
388.07627836,4,-0.375599999999999,6,1,109.85,25,27,1,0,Ligand_675
379.15657728,5,2.637560000000001,4,2,95.41,26,28,3,0,Ligand_677
461.178455596,8,2.7441000000000013,4,2,95.58,32,34,3,0,Ligand_678
401.185174976,6,2.786320000000001,6,1,81.28999999999999,30,33,4,0,Ligand_679
400.1317595,8,1.889199999999999,8,3,124.15999999999998,28,30,2,0,Ligand_680
428.1859835,6,1.3469999999999995,5,2,90.98,31,33,1,0,Ligand_681
375.1616626600001,5,3.565000000000002,3,2,82.27000000000001,26,28,3,0,Ligand_682
380.1484551200001,4,2.2765000000000004,5,1,91.67,28,31,5,0,Ligand_683
440.1089158800001,8,2.641020000000001,8,1,102.14,30,33,5,0,Ligand_684
533.1766610919999,8,2.20062,9,1,113.84,36,39,5,0,Ligand_686
453.193356712,7,1.7035000000000002,6,2,114.04,31,33,5,0,Ligand_687
283.08782902400003,3,1.62282,3,1,74.68,19,20,2,0,Ligand_688
459.14640652,8,3.4510600000000027,7,1,110.97,32,34,5,0,Ligand_692
284.116092372,1,2.730480000000001,5,1,89.25,21,23,4,0,Ligand_693
355.099062404,4,2.948520000000001,5,3,90.79,25,27,4,0,Ligand_694
380.176978376,5,1.93852,4,1,75.71000000000001,26,28,3,0,Ligand_696
502.2050046920001,6,2.3864,5,1,90.03,35,38,3,0,Ligand_698
354.157957184,3,3.1546800000000017,6,1,94.57,26,28,4,0,Ligand_700
406.0324954000001,6,3.553700000000002,7,1,76.36,26,29,3,0,Ligand_701
384.08136374,5,2.675320000000001,7,0,89.71,25,27,4,0,Ligand_702
457.147155468,5,2.7822000000000013,5,1,88.48,32,35,5,0,Ligand_705
411.215806408,8,3.092900000000001,4,2,87.74000000000001,30,31,3,0,Ligand_706
465.173370216,9,1.6536,6,1,88.17999999999999,32,34,4,0,Ligand_708
409.070087848,8,3.1304200000000018,9,1,89.25,26,28,3,0,Ligand_709
482.1736243120001,6,1.5601199999999995,9,1,113.16,34,38,3,0,Ligand_710
535.225325536,9,2.5227000000000004,8,1,96.77,38,42,5,0,Ligand_711
404.18821175599993,6,2.22974,6,1,84.30000000000001,28,30,5,0,Ligand_712
424.045625632,8,3.4575000000000022,3,2,75.27000000000001,25,26,3,0,Ligand_713
353.0899372,5,2.0994,6,0,89.97999999999999,26,28,1,0,Ligand_714
413.140927216,5,4.269800000000003,5,2,101.3,29,31,1,0,Ligand_715
551.2599967919999,8,2.917220000000002,8,1,104.61,37,40,5,0,Ligand_716
477.119226468,5,2.771000000000001,6,1,86.78999999999999,32,35,2,0,Ligand_717
390.13280505600005,4,3.0973200000000007,7,2,102.29000000000002,29,32,3,0,Ligand_720
303.11067264400003,7,2.6241000000000003,4,2,88.77,22,23,4,0,Ligand_721
334.098728056,6,1.9139,4,2,98.48999999999998,23,24,5,0,Ligand_722
431.1514919,6,2.2535000000000007,5,1,96.02,30,32,3,0,Ligand_723
462.103161804,11,2.5293,9,2,115.58,31,33,2,0,Ligand_725
458.196548184,7,1.3556,6,2,100.21,33,35,1,0,Ligand_727
453.11068970800005,6,2.440840000000001,8,2,136.19,32,35,5,0,Ligand_728
354.078661308,5,2.529700000000001,5,2,101.05,25,27,3,0,Ligand_729
486.1824576799999,6,3.5455200000000024,6,1,102.01,34,37,4,0,Ligand_730
493.178375344,9,3.3320000000000016,7,2,112.46,35,38,2,0,Ligand_733
283.08782902400003,4,1.3130000000000002,3,1,74.68,19,20,3,0,Ligand_734
393.12371759199993,6,1.9188,8,0,91.9,29,32,4,0,Ligand_735
402.124942804,5,2.8253400000000006,5,2,101.57,28,30,1,0,Ligand_737
424.08098688,8,2.9503000000000013,10,1,102.14,27,29,3,0,Ligand_738
503.1297109,10,0.6310000000000019,8,3,153.25,34,36,1,0,Ligand_739
434.1590198039999,4,3.0363000000000016,8,1,108.48,32,36,2,0,Ligand_740
383.164519784,5,2.3575,3,2,78.51,28,30,2,0,Ligand_741
455.1081831160001,7,2.3695000000000004,5,1,78.94999999999999,30,32,1,0,Ligand_743
346.135113564,8,2.02232,3,2,75.27,24,25,5,0,Ligand_745
361.134779216,6,3.3754200000000028,4,1,76.38,25,27,2,0,Ligand_747
408.08136374,7,2.5826,6,2,105.48,27,29,2,0,Ligand_748
397.175004216,8,2.5768000000000004,8,2,113.52,29,31,2,0,Ligand_751
402.104956308,6,3.9044000000000025,6,1,81.43,28,31,3,0,Ligand_753
400.0534878840001,6,2.4141000000000004,3,3,86.88,25,27,1,0,Ligand_754
502.168619184,7,2.983240000000002,7,0,96.19,35,38,3,0,Ligand_756
377.1409272160001,6,2.1279,4,2,91.5,26,28,5,0,Ligand_757
411.182792028,7,1.3725999999999998,5,1,88.18,28,30,3,0,Ligand_759
326.039498928,6,2.0465,5,2,98.49,21,22,5,0,Ligand_761
382.144118688,5,2.9572200000000013,6,1,81.53999999999999,28,31,3,0,Ligand_763
348.08270113200007,6,1.9317,8,1,77.63,23,25,3,0,Ligand_764
425.1851749760001,8,4.125580000000003,6,1,92.83,32,35,1,0,Ligand_765
443.1514919,8,3.120160000000002,6,1,101.74,31,33,5,0,Ligand_767
455.18365075200006,10,2.4511000000000003,7,2,104.52,32,35,4,0,Ligand_768
409.13055256,5,3.7714000000000016,6,2,95.06,29,32,1,0,Ligand_770
428.125132832,6,2.3021000000000003,6,2,102.32,30,32,2,0,Ligand_773
413.23145647199993,10,1.9961,7,1,78.95,30,32,2,0,Ligand_774
456.183126376,8,2.865660000000001,6,1,93.53,32,34,5,0,Ligand_776
397.211389724,5,2.756500000000001,8,1,85.54,29,33,1,0,Ligand_777
523.225325536,5,2.9959200000000017,8,0,87.97999999999999,37,41,5,0,Ligand_778
364.046395876,5,2.4704200000000007,7,1,76.36000000000001,24,26,3,0,Ligand_779
411.0907214839999,6,3.144540000000002,5,0,76.82,27,29,2,0,Ligand_780
489.139212964,7,2.624900000000001,6,1,96.02,33,36,1,0,Ligand_781
536.303241508,14,3.241100000000003,6,1,99.26,37,39,1,0,Ligand_784
462.108327436,9,3.7847200000000023,6,1,89.27,31,33,2,0,Ligand_785
368.13722174,5,2.843000000000001,5,2,93.73,27,29,3,0,Ligand_786
452.278741012,5,3.9891200000000016,5,1,76.34,33,36,2,0,Ligand_787
373.1750042160001,6,0.6425000000000001,9,1,92.31000000000002,27,29,4,0,Ligand_788
338.126657056,6,2.7101000000000006,4,1,75.71000000000001,25,27,1,0,Ligand_789
326.130028184,4,1.8809,4,2,84.50000000000001,22,23,4,0,Ligand_791
373.07324158,5,2.2255000000000003,7,1,105.67,26,28,4,0,Ligand_792
511.214092156,7,3.0999000000000008,5,1,96.02,36,40,4,0,Ligand_793
407.0721960240001,8,0.9103999999999997,9,1,115.55,27,29,3,0,Ligand_794
493.196133584,7,0.8566000000000005,8,2,145.84999999999997,36,39,2,0,Ligand_795
445.167141964,8,1.9775000000000005,5,2,104.81,31,33,3,0,Ligand_796
377.07938958000005,4,-0.0794999999999999,10,1,117.22,26,28,2,0,Ligand_797
462.19369106,8,2.880040000000001,7,1,110.59999999999998,32,34,2,0,Ligand_798
400.22228875600007,4,1.4126999999999992,8,0,85.09,29,33,5,0,Ligand_800
371.105210404,7,2.4103000000000003,8,1,91.16,26,28,4,0,Ligand_801
463.1235629,5,2.771600000000001,6,1,99.93,31,34,4,0,Ligand_804
378.065031112,4,4.403760000000003,5,1,72.95,25,27,5,0,Ligand_805
410.130280192,6,1.6308999999999994,7,1,94.7,30,33,4,0,Ligand_806
423.14640652,8,2.07604,6,2,117.8,29,30,3,0,Ligand_808
402.161328312,7,3.2577200000000017,4,1,75.71000000000001,28,30,3,0,Ligand_809
461.195070964,9,3.6621000000000015,6,1,89.99000000000001,34,37,2,0,Ligand_810
352.066382372,4,2.0281,6,1,92.26,23,25,4,0,Ligand_811
505.1783753440001,6,4.025500000000003,9,1,105.9,36,40,2,0,Ligand_814
459.162805532,8,4.065640000000003,5,1,92.51,32,34,5,0,Ligand_815
441.172227344,8,3.140900000000002,5,1,80.64,31,34,3,0,Ligand_817
370.156242932,7,1.034100000000001,5,1,84.94000000000001,25,26,3,0,Ligand_818
459.1286482800001,5,3.247020000000002,5,1,86.79,31,34,1,0,Ligand_819
298.106590308,3,1.1085199999999995,6,1,89.35,22,24,2,0,Ligand_820
462.9871247759999,4,1.52034,7,0,98.57,26,28,4,0,Ligand_821
366.121571676,6,3.801400000000002,5,2,89.80000000000001,27,29,1,0,Ligand_823
472.1668076159999,10,3.6864000000000026,8,0,86.66000000000001,33,35,1,0,Ligand_824
493.073614208,7,3.955800000000002,6,2,105.53,31,33,5,0,Ligand_825
409.147155468,5,2.458240000000001,5,1,82.71,28,30,4,0,Ligand_828
421.11931918,8,5.079000000000004,5,2,76.38000000000001,30,33,2,0,Ligand_829
537.148905056,7,4.119200000000004,5,1,78.95000000000002,37,41,3,0,Ligand_835
302.126657056,5,2.0523,4,2,76.66000000000001,22,23,3,0,Ligand_836
377.129693836,6,3.324600000000002,5,1,85.61,26,28,2,0,Ligand_837
436.211055376,4,2.2286399999999995,7,0,78.59,32,36,2,0,Ligand_841
391.1929627880001,7,3.222620000000002,5,1,75.44,27,29,1,0,Ligand_842
366.080491148,8,2.3673,3,2,75.27,24,25,5,0,Ligand_845
351.133139404,5,1.5159999999999991,7,1,94.43,26,29,1,0,Ligand_846
529.2212857119999,8,4.602200000000004,7,1,93.48000000000002,39,43,2,0,Ligand_847
434.1082471840001,10,2.6105,9,1,94.82,29,31,3,0,Ligand_848
382.121194816,6,3.4167200000000006,8,1,98.73,27,30,1,0,Ligand_849
520.2508120120001,7,4.883320000000005,6,1,76.34,37,41,2,0,Ligand_850
421.0878460880001,8,1.2188199999999996,9,1,115.55,28,30,3,0,Ligand_851
441.18191943599993,5,5.027340000000003,5,2,84.22,31,35,4,0,Ligand_852
386.130028184,6,3.6137200000000016,5,1,79.73,27,29,5,0,Ligand_853
418.0947052959999,9,2.3406,9,2,128.72,29,31,2,0,Ligand_855
391.041920156,7,3.729800000000002,3,2,75.63,24,25,2,0,Ligand_857
452.217203376,9,2.105539999999998,8,3,133.39,33,35,1,0,Ligand_858
397.163770836,6,1.6731999999999994,5,2,96.97,29,31,2,0,Ligand_859
367.1314251520001,8,0.6119199999999996,8,1,106.54,25,26,5,0,Ligand_860
440.136366212,6,2.1511,9,1,95.97,31,34,2,0,Ligand_861
380.0168453360001,5,2.984720000000001,7,1,76.36000000000001,24,26,3,0,Ligand_862
388.066382372,6,2.642000000000001,6,2,101.05,26,28,3,0,Ligand_863
352.14230712,7,3.1873000000000014,4,2,86.71000000000001,26,28,1,0,Ligand_864
411.0711334040001,6,4.551420000000003,7,1,85.09,28,31,4,0,Ligand_865
441.099456328,7,2.3001000000000005,7,0,110.01999999999998,31,34,3,0,Ligand_866
462.1936910600001,7,1.445740000000001,7,1,100.95,32,34,4,0,Ligand_867
305.0899372,7,1.6258,4,2,111.98000000000002,22,23,2,0,Ligand_869
421.16714196400005,7,2.35248,6,2,106.5,29,30,5,0,Ligand_870
393.135841836,6,2.4588,5,2,100.73,27,29,1,0,Ligand_872
424.1746698679999,9,2.3985000000000003,8,1,100.0,31,34,2,0,Ligand_874
373.1208604680001,5,1.5680799999999997,6,1,108.09,26,28,3,0,Ligand_875
427.1314251520001,6,2.097,8,0,107.28000000000002,30,33,2,0,Ligand_876
430.124565944,7,2.903920000000001,9,2,115.79,29,31,3,0,Ligand_878
416.176978376,8,3.096300000000001,4,2,84.5,29,31,3,0,Ligand_879
493.203527472,4,3.890900000000003,5,0,79.69,35,39,5,0,Ligand_880
486.2875914439999,8,1.5529000000000028,6,1,91.42,33,36,4,0,Ligand_881
303.04106886,4,2.913000000000001,5,1,81.16000000000001,21,23,2,0,Ligand_883
351.1542687720001,9,0.1972000000000017,9,3,133.76,25,26,2,0,Ligand_884
372.171002132,3,0.3625000000000002,7,1,79.16,27,30,4,0,Ligand_885
333.11134134,5,2.9654000000000016,5,0,76.30000000000001,25,28,3,0,Ligand_887
462.091928424,7,3.0985000000000014,7,2,118.64,31,33,2,0,Ligand_889
501.201218964,7,3.383600000000002,8,1,110.03000000000002,37,41,2,0,Ligand_891
416.10420736,6,1.9501,6,2,110.8,29,31,2,0,Ligand_892
432.1355074879999,6,2.62312,5,2,113.01,30,32,1,0,Ligand_894
427.15657728,7,2.2442,5,1,88.48,30,32,5,0,Ligand_895
349.006203344,3,3.7014200000000015,5,1,81.16000000000001,21,23,1,0,Ligand_896
486.230076568,5,2.9815400000000007,6,0,82.93,34,37,4,0,Ligand_897
425.195070964,9,2.609900000000001,5,1,88.18,31,33,4,0,Ligand_900
331.15320615200005,6,1.9267,6,0,77.69000000000001,24,26,5,0,Ligand_901
414.082032436,5,3.296420000000001,8,1,90.02,28,31,1,0,Ligand_902
435.182792028,9,1.7117400000000005,7,1,101.74,30,32,2,0,Ligand_903
454.131090804,8,2.698200000000001,8,1,106.79,32,35,2,0,Ligand_904
487.1599484080001,6,3.170720000000002,5,1,86.79,33,36,1,0,Ligand_905
343.1644395320001,7,1.9994,7,2,93.54000000000002,25,27,5,0,Ligand_906
535.135939152,5,1.27522,9,0,105.05,36,40,5,0,Ligand_909
409.101764836,7,2.6598200000000016,6,0,72.91,27,29,2,0,Ligand_910
499.23318778800007,8,3.2334000000000014,9,1,104.96,37,41,1,0,Ligand_911
457.203527472,5,3.875040000000003,5,0,83.72,32,35,1,0,Ligand_912
442.156242932,10,3.322420000000002,6,1,98.5,31,33,2,0,Ligand_913
447.065569356,5,3.223600000000001,7,1,99.52,30,33,4,0,Ligand_915
423.1794209,6,2.8465000000000007,6,1,84.24999999999999,31,34,3,0,Ligand_918
442.059945732,4,4.698520000000003,6,1,82.06,30,33,3,0,Ligand_919
441.217617976,7,1.4506400000000002,7,1,81.39000000000001,32,35,5,0,Ligand_921
404.0976825,8,2.9840000000000018,8,1,85.59,27,29,3,0,Ligand_922
488.199445136,10,4.139300000000003,7,2,93.84,35,38,2,0,Ligand_923
350.126657056,6,3.857820000000002,4,2,80.57000000000001,26,28,2,0,Ligand_924
323.1269914040001,6,2.7402200000000008,5,1,77.25,24,26,5,0,Ligand_925
357.2052417240001,8,3.906900000000002,5,1,77.25,26,28,3,0,Ligand_927
411.125277152,6,4.286620000000003,5,2,101.3,29,32,3,0,Ligand_928
484.12235596,9,5.786900000000005,5,2,76.66000000000001,33,35,4,0,Ligand_930
435.182792028,9,1.71174,7,1,101.74,30,32,2,0,Ligand_931
460.1304221079999,9,3.2293200000000013,8,1,116.96,32,34,2,0,Ligand_932
400.10929274,5,2.0297400000000003,5,2,119.47,28,30,4,0,Ligand_933
485.123226464,7,3.1898000000000017,5,2,104.81000000000002,33,35,3,0,Ligand_934
536.303241508,12,2.9529000000000023,6,1,99.26,37,39,1,0,Ligand_936
422.206638692,6,2.0344999999999995,8,1,93.88,31,35,3,0,Ligand_938
402.0997906759999,9,2.722100000000001,8,2,119.49,28,30,2,0,Ligand_939
357.1259458480001,6,2.8706400000000016,7,1,81.41,25,27,4,0,Ligand_940
458.1511575519999,9,3.2068400000000024,7,1,107.73,32,34,2,0,Ligand_942
424.1238972480001,6,2.73714,7,1,101.49,28,30,5,0,Ligand_944
378.216809452,7,3.117900000000001,6,2,84.21000000000001,28,31,2,0,Ligand_947
383.141595912,4,2.521820000000001,6,1,83.88,27,30,1,0,Ligand_949
433.178375344,7,0.6951400000000009,7,2,127.39,30,32,5,0,Ligand_951
326.09364267599994,3,0.3437999999999999,5,1,98.93,22,24,2,0,Ligand_957
503.1878774079999,7,3.4658000000000024,5,1,78.95000000000002,36,40,3,0,Ligand_958
372.089225992,6,2.1735,6,2,114.19,26,28,4,0,Ligand_959
424.199821996,10,3.0736000000000017,6,1,78.79,31,33,1,0,Ligand_960
355.164439532,4,1.0032199999999998,8,0,74.29,26,29,5,0,Ligand_963
381.132470708,4,2.5414000000000003,6,0,89.02,28,31,5,0,Ligand_968
411.125277152,6,4.281740000000003,6,2,89.55000000000001,29,31,1,0,Ligand_969
386.130028184,5,2.570000000000001,4,1,75.71,27,30,5,0,Ligand_971
430.156242932,7,2.621100000000001,5,1,84.94,30,33,5,0,Ligand_972
330.078661308,4,1.7623999999999995,7,1,89.87,23,25,5,0,Ligand_973
403.1929627880001,5,3.781260000000003,3,1,73.48,28,30,3,0,Ligand_974
340.14230712,7,2.699700000000001,5,1,73.47,25,27,3,0,Ligand_978
374.0572571679999,4,0.8761999999999999,6,1,102.01000000000002,26,29,5,0,Ligand_979
395.107040244,6,2.815200000000001,3,2,82.27000000000001,26,28,3,0,Ligand_980
507.167331992,7,3.2817000000000016,7,1,98.46,36,40,2,0,Ligand_981
392.184840628,7,2.942100000000001,6,1,81.53999999999999,29,32,1,0,Ligand_983
419.107040244,8,4.191400000000003,6,1,75.44,28,30,4,0,Ligand_984
397.146012596,6,3.083820000000001,6,1,73.22,28,31,4,0,Ligand_986
331.15320615200005,7,1.973,6,1,86.48,24,26,3,0,Ligand_987
509.173289964,10,3.417800000000001,10,1,109.5,36,39,4,0,Ligand_988
411.227039788,10,2.830040000000001,7,1,90.64,30,32,2,0,Ligand_989
417.172227344,8,2.4913,5,2,97.39,29,31,3,0,Ligand_990
306.096419548,4,1.5489999999999993,7,4,125.83,22,23,1,0,Ligand_993
460.123897248,5,2.585320000000001,7,1,93.41000000000004,31,34,3,0,Ligand_994
418.189257312,2,4.774800000000004,5,1,75.71000000000001,31,34,3,0,Ligand_995
243.100776656,4,0.8989,4,2,75.11,18,19,5,0,Ligand_996
407.113565104,4,2.700000000000001,6,2,101.93,28,30,4,0,Ligand_998
440.217203376,9,1.2696000000000005,9,1,103.11,32,35,1,0,Ligand_1000
451.2219544080001,5,2.1828999999999983,9,0,91.36,33,37,5,0,Ligand_1001
283.095691276,4,2.56802,5,1,81.16000000000001,21,23,2,0,Ligand_1003
406.156242932,8,2.6893,5,2,97.64,28,30,3,0,Ligand_1004
450.23793882,5,3.4250000000000025,8,1,94.4,33,37,3,0,Ligand_1008
440.105146336,4,4.492640000000003,6,1,82.06,31,34,2,0,Ligand_1010
423.162805532,7,2.1412999999999998,6,1,80.63999999999999,29,31,3,0,Ligand_1011
398.184171932,8,2.4866200000000003,5,1,77.10000000000001,29,31,1,0,Ligand_1014
368.140592868,6,1.4832999999999996,5,1,84.94000000000001,25,27,4,0,Ligand_1015
340.099396752,5,3.5593200000000014,6,1,80.91000000000001,24,26,1,0,Ligand_1016
404.08644912,7,2.18912,5,1,83.55000000000001,27,29,5,0,Ligand_1020
501.27398998,6,4.287920000000004,6,1,89.23000000000002,37,41,2,0,Ligand_1021
404.0484025040001,5,1.89192,6,1,77.63,25,27,2,0,Ligand_1022
410.097013804,6,2.8047000000000013,6,1,84.94000000000001,27,29,3,0,Ligand_1026
324.111006992,4,2.3184000000000005,4,1,75.71000000000001,24,26,1,0,Ligand_1027
448.214426504,9,1.6269400000000012,7,1,95.75,31,33,2,0,Ligand_1030
554.0235081960002,5,4.024600000000003,5,1,82.61,34,37,2,0,Ligand_1031
348.07217687200006,2,3.504800000000001,3,3,82.19,25,27,5,0,Ligand_1032
443.136887392,5,4.261200000000003,6,1,89.21000000000001,33,37,4,0,Ligand_1037
503.172621268,9,1.1905,7,1,114.48,35,38,1,0,Ligand_1038
373.175004216,6,1.7431999999999996,9,0,89.91000000000001,27,29,4,0,Ligand_1039
478.193771312,10,3.286500000000002,5,2,93.73,33,35,3,0,Ligand_1040
460.21105537599993,8,3.1308000000000016,6,2,102.32,34,37,2,0,Ligand_1044
358.02126202000005,7,2.3863000000000003,4,2,75.27,22,23,1,0,Ligand_1047
351.088891644,3,0.1623999999999993,5,2,110.78,24,26,5,0,Ligand_1054
424.211055376,4,3.005600000000001,4,2,83.14,31,34,5,0,Ligand_1059
418.19262844,8,3.4137200000000023,5,1,79.62,29,31,4,0,Ligand_1067
359.18450628,4,1.2245199999999994,4,1,92.94,26,28,2,0,Ligand_1077
257.07217896000003,6,1.52412,4,2,79.54,17,17,1,0,Ligand_1078
322.132885308,6,0.5058999999999996,4,1,75.71,23,24,1,0,Ligand_1080
317.173941596,3,2.2305,3,2,78.51,23,24,5,0,Ligand_1083
382.102099184,4,2.2956000000000003,5,1,83.55000000000001,25,27,2,0,Ligand_1084
266.163042564,5,0.9442999999999996,4,2,75.27000000000001,19,19,1,0,Ligand_1086
332.173607248,6,1.5041999999999998,4,2,76.66,24,26,5,0,Ligand_1089
372.216140756,4,1.3318400000000006,5,2,73.91,27,29,4,0,Ligand_1090
547.1219017920001,3,4.576100000000004,5,1,78.01,36,41,2,0,Ligand_1092
386.23179082,4,1.1331000000000002,5,2,73.91,28,31,5,0,Ligand_1093
281.137556088,5,-0.6557999999999988,5,2,83.81,20,21,3,0,Ligand_1095
362.103334768,5,2.541500000000001,4,1,75.71000000000001,25,27,1,0,Ligand_1097
311.18450628000005,4,0.7807000000000004,4,2,87.74000000000001,22,23,2,0,Ligand_1098
307.11437603199994,2,1.123099999999999,3,2,78.51,21,22,2,0,Ligand_1100
326.07251330799994,5,4.035520000000003,5,1,76.22,23,25,4,0,Ligand_1102
297.147726848,1,2.4759800000000007,5,1,81.03999999999999,22,24,4,0,Ligand_1111
256.084792244,1,2.09438,5,1,89.25000000000001,19,21,4,0,Ligand_1112
179.080709908,2,-0.1821200000000002,6,0,74.93,13,13,4,0,Ligand_1113
264.111006992,2,-0.0358000000000007,5,2,106.32999999999998,19,20,5,0,Ligand_1114
273.114712468,4,2.767300000000001,6,1,77.25,18,18,3,0,Ligand_1117
287.130362532,4,3.013300000000002,6,1,77.25,19,19,3,0,Ligand_1118
415.199487648,8,3.5200000000000022,5,2,105.84,30,32,2,0,Ligand_1122
367.15320615200005,2,2.2861,5,1,80.64000000000001,27,30,4,0,Ligand_1123
321.000860924,3,0.7687999999999999,6,1,89.02,19,20,3,0,Ligand_1127
280.099396752,3,1.2676999999999998,5,1,75.19,19,21,2,0,Ligand_1128
343.061135608,3,3.534600000000002,4,2,77.84,24,26,1,0,Ligand_1132
326.039498928,3,1.8173,6,1,85.36,21,23,2,0,Ligand_1134
324.122240372,3,1.71664,5,1,92.26,24,26,1,0,Ligand_1135
415.11774716,8,3.922900000000002,6,1,77.25,28,30,5,0,Ligand_1137
342.10158518000003,5,1.1182000000000003,4,2,100.70000000000002,25,27,4,0,Ligand_1139
414.201553312,4,0.5656000000000005,9,0,98.51000000000002,30,33,4,0,Ligand_1140
430.196467932,6,-0.6328999999999985,10,1,118.74,31,34,4,0,Ligand_1141
345.11471246800005,5,2.1417400000000004,6,1,73.34,24,26,5,0,Ligand_1142
349.09839370799995,6,1.8743,5,0,76.82,24,26,2,0,Ligand_1143
377.093308328,5,1.904,5,1,93.14,26,28,3,0,Ligand_1146
415.199487648,6,3.4927600000000023,5,2,105.84,30,32,3,0,Ligand_1147
501.277361108,11,3.0040000000000013,7,2,96.33,35,38,5,0,Ligand_1148
489.266127728,6,3.720200000000002,4,2,95.58,34,37,1,0,Ligand_1149
384.190988628,5,-0.414099999999999,8,2,99.39,28,31,4,0,Ligand_1152
401.140927216,3,2.3393200000000007,6,0,75.76000000000002,28,31,2,0,Ligand_1153
421.200156344,8,4.391700000000004,6,1,80.74000000000001,31,35,2,0,Ligand_1154
377.129693836,6,2.896300000000002,5,0,76.82,26,28,2,0,Ligand_1155
513.2838859679999,9,4.571000000000003,7,1,81.73000000000002,37,40,5,0,Ligand_1156
401.1142338,3,2.2705,4,0,74.07000000000001,28,31,4,0,Ligand_1157
379.153206152,6,2.9825000000000017,5,2,87.68,28,31,2,0,Ligand_1158
353.137556088,3,1.3695000000000002,5,0,74.07000000000001,26,29,3,0,Ligand_1159
471.23941604,6,0.2168000000000003,9,1,91.63,34,38,2,0,Ligand_1160
443.097348152,4,3.3082400000000023,6,1,96.44,30,33,2,0,Ligand_1161
381.1688562160001,8,2.889100000000001,4,1,78.95,28,30,4,0,Ligand_1162
397.200156344,4,3.405400000000002,4,1,75.02000000000001,29,32,2,0,Ligand_1163
407.18450628,5,2.06444,6,1,82.33000000000001,30,33,1,0,Ligand_1164
443.1514919,7,2.1354999999999995,5,2,104.81,31,34,5,0,Ligand_1165
433.167141964,5,1.7147,6,1,97.71,30,33,5,0,Ligand_1166
457.167141964,7,2.1137999999999995,6,0,87.22999999999999,32,35,3,0,Ligand_1167
472.08751174,7,1.2952,8,0,117.61,32,35,1,0,Ligand_1168
419.19573966,6,3.367960000000002,7,1,94.95000000000002,31,34,3,0,Ligand_1170
416.196074008,4,2.2683,6,2,86.25999999999999,31,35,1,0,Ligand_1171
429.135841836,6,2.4974000000000007,6,1,105.67,30,33,3,0,Ligand_1172
443.1514919,6,2.743400000000001,6,1,105.67,31,34,3,0,Ligand_1173
418.131090804,6,2.4153199999999995,6,3,138.35,29,31,1,0,Ligand_1174
439.204196168,10,2.8374000000000006,7,1,73.97,31,34,2,0,Ligand_1175
443.224262916,6,4.110600000000003,4,1,79.37,31,34,5,0,Ligand_1176
440.151826248,4,2.817300000000001,6,1,105.4,31,35,3,0,Ligand_1177
379.108958392,7,2.1709,6,1,94.84,26,28,2,0,Ligand_1178
487.098410772,7,0.7519000000000007,8,0,120.85,33,36,1,0,Ligand_1179
399.159434404,8,3.028200000000001,4,1,78.95,29,31,4,0,Ligand_1180
356.14059286799994,7,1.8431999999999995,5,1,84.94000000000001,24,25,3,0,Ligand_1181
377.129693836,6,2.491140000000001,5,0,76.82,26,28,2,0,Ligand_1182
447.194025408,4,0.5911000000000013,7,0,95.82,31,34,3,0,Ligand_1183
471.182792028,7,2.75234,5,2,104.81,33,36,5,0,Ligand_1185
452.188211756,7,4.372900000000004,7,1,76.58,32,35,1,0,Ligand_1186
505.221285712,10,4.949800000000004,7,2,98.36,37,40,4,0,Ligand_1187
462.19369106,6,1.8786599999999996,5,3,132.2,32,34,5,0,Ligand_1188
229.040878832,4,0.4379999999999999,3,2,83.47,15,15,1,0,Ligand_1190
516.184269248,9,2.3345,6,2,111.81,36,39,5,0,Ligand_1192
443.16925014,9,2.1065399999999994,6,4,164.86999999999998,32,34,2,0,Ligand_1194
416.140592868,8,2.26992,4,2,103.78000000000002,29,31,4,0,Ligand_1195
475.250477664,4,3.325700000000001,4,1,86.79,33,36,4,0,Ligand_1196
282.103813436,3,2.05142,5,1,72.63,19,20,4,0,Ligand_1197
421.167141964,8,2.05356,5,2,108.57,29,30,2,0,Ligand_1198
473.062003968,4,2.2110000000000003,5,0,87.22999999999999,28,30,1,0,Ligand_1199
368.140592868,8,2.3227400000000005,6,1,90.54,25,26,4,0,Ligand_1200
425.142070088,8,1.88424,5,2,108.57,29,30,2,0,Ligand_1202
470.172083024,4,2.8820400000000017,7,0,78.59,33,37,2,0,Ligand_1204
485.198442092,6,3.0744000000000016,5,1,99.93,34,38,4,0,Ligand_1205
384.087684704,5,3.4179200000000023,6,0,78.26,27,29,1,0,Ligand_1206
471.038119024,6,4.461110000000004,9,1,86.35,31,34,4,0,Ligand_1207
349.15387484800004,6,2.2147999999999994,5,2,88.91,26,28,5,0,Ligand_1208
463.0191148960001,6,0.9435,10,3,165.71999999999997,30,33,1,0,Ligand_1210
352.105921612,4,3.2058000000000018,6,2,89.8,26,29,2,0,Ligand_1215
392.139702004,6,1.4917999999999991,7,1,94.7,29,32,4,0,Ligand_1217
383.19573966,4,1.63932,8,0,74.29,28,31,1,0,Ligand_1218
402.0368938120001,5,2.4352,8,2,105.56,27,30,1,0,Ligand_1219
505.156594344,8,0.9836199999999996,10,1,130.39,34,37,5,0,Ligand_1223
535.15438436,6,3.6941000000000015,6,1,105.25,36,39,4,0,Ligand_1224
386.103334768,7,4.285800000000003,5,2,80.57000000000001,27,29,2,0,Ligand_1225
437.242689852,7,1.6199600000000007,7,1,81.39000000000001,32,35,5,0,Ligand_1226
476.209341124,5,1.6338400000000006,7,0,84.32,33,36,4,0,Ligand_1227
513.2079612199999,12,1.4156200000000017,9,1,113.84,34,36,5,0,Ligand_1228
399.023514516,3,4.416520000000002,7,1,85.61,27,30,1,0,Ligand_1231
358.109961436,6,2.5426,7,1,89.87,25,27,5,0,Ligand_1232
358.99135886,3,1.9624400000000004,8,2,109.48,22,24,3,0,Ligand_1233
416.037974704,5,2.8443000000000014,8,0,88.77,26,28,2,0,Ligand_1234
354.99161589999994,5,-0.1033999999999996,6,3,133.21,21,22,3,0,Ligand_1235
386.106705896,4,2.4234,4,1,75.71000000000001,25,27,1,0,Ligand_1236
322.08997494,3,1.2734000000000003,5,2,82.92,22,23,1,0,Ligand_1238
343.00687204,4,3.3401000000000014,6,1,76.2,21,23,3,0,Ligand_1240
434.968082288,4,2.2636000000000003,3,1,74.68,22,24,3,0,Ligand_1242
311.08274364400006,6,1.4167,6,2,84.86,21,22,5,0,Ligand_1243
352.0727033360001,5,3.5323800000000007,6,2,86.51,25,27,3,0,Ligand_1246
288.041403208,2,2.4622,6,1,86.94,20,22,1,0,Ligand_1248
348.069239496,4,1.0743999999999998,7,1,89.75,24,26,4,0,Ligand_1249
295.99088762800005,3,1.83752,4,2,83.28,17,18,2,0,Ligand_1252
266.126657056,5,1.9096,4,2,76.66000000000001,19,19,4,0,Ligand_1253
389.060090052,3,3.9003200000000033,5,0,75.77000000000001,26,29,4,0,Ligand_1254
311.01313986,4,1.7608,5,1,94.64,20,21,5,0,Ligand_1255
338.054812556,3,1.2082999999999997,4,1,75.71000000000001,22,23,5,0,Ligand_1257
314.16218703600003,5,1.4794999999999996,7,2,75.2,21,22,4,0,Ligand_1267
372.099773612,5,4.6647000000000025,4,1,76.74000000000001,28,31,1,0,Ligand_1270
297.07832696,6,0.1931,7,1,82.45,20,21,3,0,Ligand_1272
321.0767856719999,7,3.3004000000000016,3,2,79.53,22,23,3,0,Ligand_1273
295.072368988,4,1.3914000000000006,4,1,84.99000000000001,20,21,5,0,Ligand_1276
404.0822224640001,6,2.4523199999999994,7,3,114.93,27,29,2,0,Ligand_1277
362.14126156399993,5,2.5571,8,0,78.60000000000001,25,26,5,0,Ligand_1278
278.06511942,6,-0.1119000000000003,7,2,127.43,20,21,3,0,Ligand_1279
320.073239492,1,-1.0702000000000005,6,2,102.20000000000002,22,23,2,0,Ligand_1280
338.19674270400003,5,1.913,8,1,82.43,25,28,1,0,Ligand_1281
394.185234552,4,-0.1603999999999981,8,0,99.7,28,30,5,0,Ligand_1282
437.216200332,9,0.878300000000001,7,3,126.43000000000002,31,32,2,0,Ligand_1283
209.068807832,3,1.9532,3,2,75.63,15,15,2,0,Ligand_1284
411.1394479080001,4,4.085900000000003,5,1,75.02,30,33,5,0,Ligand_1286
427.14132114,7,0.2673000000000018,8,1,120.08000000000004,29,31,1,0,Ligand_1287
365.17642186,7,3.134800000000001,7,2,78.33,27,29,1,0,Ligand_1289
384.061377244,5,2.411,4,1,83.55,25,27,5,0,Ligand_1290
291.110672644,4,1.0296000000000003,6,2,84.86,21,22,3,0,Ligand_1291
382.175338564,6,1.947259999999999,7,3,128.07,28,30,2,0,Ligand_1292
416.1859835,4,1.0268,7,0,73.4,30,33,5,0,Ligand_1293
242.126657056,6,0.2441200000000004,5,1,73.32000000000001,17,17,2,0,Ligand_1297
384.062532576,4,1.998,6,2,105.67,27,30,3,0,Ligand_1300
199.132076784,3,-0.0476999999999996,4,3,73.72,14,14,1,0,Ligand_1303
429.0583758000001,7,3.8300300000000016,7,2,81.59,27,28,5,0,Ligand_1305
250.025753144,2,1.4502000000000004,6,1,80.36999999999999,17,18,3,0,Ligand_1311
437.113330476,5,3.332440000000001,7,1,81.81,30,32,3,0,Ligand_1313
224.116092372,3,2.00644,4,2,74.68,16,16,3,0,Ligand_1315
320.09431137200005,5,2.2383999999999995,8,0,77.44,22,23,5,0,Ligand_1316
490.053624768,3,3.0364000000000013,10,2,110.24,32,36,5,0,Ligand_1317
429.205241724,0,4.142200000000003,5,1,96.42000000000002,32,36,1,0,Ligand_1323
308.06915924400005,5,-0.5295999999999996,7,4,132.09999999999997,21,22,3,0,Ligand_1324
427.075740116,5,4.800620000000003,5,1,82.86,29,32,4,0,Ligand_1325
341.001117964,6,2.355700000000001,5,2,97.36,20,21,4,0,Ligand_1327
370.152871804,6,2.9331000000000014,7,2,96.06000000000002,27,29,2,0,Ligand_1329
303.088687748,2,2.3707700000000003,3,4,93.66,21,23,1,0,Ligand_1331
337.0433590960001,1,2.5641800000000003,7,1,97.07,24,27,2,0,Ligand_1333
253.131408088,6,1.72372,5,2,79.53999999999999,18,18,3,0,Ligand_1334
339.10306240000006,8,2.0436,5,2,93.45,24,25,3,0,Ligand_1337
339.10306240000006,7,1.7419,6,1,82.45,24,25,3,0,Ligand_1343
331.076847652,4,1.9846,4,1,79.37,24,26,5,0,Ligand_1347
265.10625596,5,-0.9852,7,4,111.63,19,20,4,0,Ligand_1348
489.1293744640001,8,2.263939999999999,8,3,139.38,33,34,1,0,Ligand_1354
331.09906240400005,7,2.4096,6,1,88.15,23,24,4,0,Ligand_1355
320.10331649600005,4,-0.7339999999999987,4,4,114.93,23,25,3,0,Ligand_1356
472.143485328,6,2.551,6,0,93.22,31,33,3,0,Ligand_1357
350.08782693600006,3,4.182300000000001,4,3,78.37,25,27,4,0,Ligand_1360
350.97349881199995,2,2.0469,5,1,89.53999999999999,21,22,3,0,Ligand_1361
367.057294908,4,1.80637,4,5,120.1,24,25,5,0,Ligand_1364
373.094167052,3,2.404840000000001,6,2,107.78,26,28,4,0,Ligand_1367
260.173607248,7,1.8933,4,2,76.66000000000001,18,17,4,0,Ligand_1369
339.109817116,2,0.0995999999999992,7,0,82.13,23,25,2,0,Ligand_1371
405.205241724,4,4.519280000000003,6,2,99.06,30,32,1,0,Ligand_1373
392.15590649600006,5,1.6336999999999997,7,2,80.26,27,28,5,0,Ligand_1374
388.953499076,3,2.646100000000001,4,2,111.98000000000002,24,26,2,0,Ligand_1377
381.014659852,6,3.628000000000003,5,2,75.11000000000001,22,23,5,0,Ligand_1378
247.01822524,3,1.2857199999999998,6,1,78.1,15,15,3,0,Ligand_1379
479.041011484,7,1.5372000000000008,9,1,107.87999999999998,29,31,3,0,Ligand_1382
314.104876056,4,-0.3876999999999992,8,0,77.02,21,23,2,0,Ligand_1383
457.130756456,8,1.3380000000000003,7,1,114.37,32,35,1,0,Ligand_1384
436.062648164,5,3.607700000000003,6,1,84.94,27,29,5,0,Ligand_1385
451.210721028,7,2.965420000000001,5,2,104.81,33,35,5,0,Ligand_1387
266.068286652,4,1.3838,6,1,85.59,18,19,1,0,Ligand_1391
477.0583758,8,4.145800000000003,6,1,88.07,31,33,5,0,Ligand_1392
394.054732304,7,2.6016000000000004,7,2,110.26,27,29,2,0,Ligand_1396
352.117154992,5,1.200699999999999,6,2,105.54999999999998,26,28,5,0,Ligand_1397
392.05975570400005,6,2.879100000000001,6,0,78.26,26,28,5,0,Ligand_1399
276.1473925,6,1.6007000000000002,5,2,81.42,20,20,3,0,Ligand_1402
363.96295862800014,4,3.257600000000001,5,2,83.28,21,23,2,0,Ligand_1405
357.132470708,6,1.4773999999999996,8,0,92.42000000000002,26,28,3,0,Ligand_1406
362.12263429600006,7,1.0682999999999994,10,0,112.97,26,27,5,0,Ligand_1412
238.098728056,5,-1.5158999999999976,5,2,81.08000000000001,15,15,5,0,Ligand_1415
340.049381048,5,2.3456,4,2,82.92,22,23,3,0,Ligand_1419
403.1929627880001,6,3.466840000000002,3,1,73.48,28,30,3,0,Ligand_1421
339.057671768,5,2.0415,5,1,73.86000000000001,23,25,3,0,Ligand_1425
403.067190896,4,0.8969400000000001,7,0,98.57,26,28,4,0,Ligand_1426
372.032083744,5,1.7665000000000002,6,2,89.38000000000001,22,23,3,0,Ligand_1428
180.046967256,2,1.04248,5,1,75.59,12,12,2,0,Ligand_1429
364.103477,3,2.6075000000000013,4,2,73.13,26,28,5,0,Ligand_1432
409.005467636,5,4.797120000000002,6,1,85.09,26,28,4,0,Ligand_1434
265.153874848,5,-0.2348999999999999,6,1,75.92,19,20,4,0,Ligand_1435
416.051773632,5,1.4128999999999996,5,1,82.08000000000001,24,25,2,0,Ligand_1436
405.0688036,8,3.8857000000000017,4,2,83.7,25,26,5,0,Ligand_1437
490.071383008,9,2.920200000000001,9,2,124.81000000000002,33,36,2,0,Ligand_1438
332.96704096400003,3,1.6868,3,1,74.68,18,19,2,0,Ligand_1439
419.037640356,4,1.41124,7,0,98.57,26,28,4,0,Ligand_1440
416.048402504,5,3.186320000000001,6,1,77.22,26,28,1,0,Ligand_1442
383.138224784,4,4.025920000000003,6,0,76.53,29,33,1,0,Ligand_1444
450.178231024,8,2.8394000000000013,8,1,111.47000000000004,31,33,1,0,Ligand_1445
438.083884428,6,4.357800000000002,5,2,89.8,31,33,1,0,Ligand_1447
349.211389724,9,1.4974599999999998,7,1,90.64,25,26,2,0,Ligand_1448
445.98316226,7,3.628000000000003,8,1,106.34,27,29,1,0,Ligand_1450
473.04201747200005,4,2.816740000000001,5,1,80.63999999999999,28,30,4,0,Ligand_1451
487.18739874,10,2.966600000000001,6,2,89.13,34,36,4,0,Ligand_1452
224.036796496,0,-0.4710000000000003,6,1,72.68,15,17,2,0,Ligand_1453
322.99055328000003,2,1.7029,6,1,87.21,19,20,2,0,Ligand_1469
214.05244656,2,-0.5594299999999999,4,4,122.06,14,14,5,0,Ligand_1471
224.090940244,2,-1.5739999999999998,7,1,82.04999999999998,16,17,2,0,Ligand_1479
310.175338564,5,-1.0509999999999975,9,2,95.87,22,24,4,0,Ligand_1485
255.133139404,4,-1.1086999999999978,3,4,102.57,18,19,2,0,Ligand_1488
239.115758024,3,1.0248,3,1,74.68,17,18,2,0,Ligand_1491
353.195070964,8,0.7881000000000007,7,1,88.18,25,26,4,0,Ligand_1493
232.14230712,6,1.2572,4,2,76.66000000000001,16,15,1,0,Ligand_1495
514.107972412,12,-1.151399999999998,9,4,172.75,34,36,2,0,Ligand_1496
351.13651053200005,4,0.1931999999999993,8,1,112.87,24,25,2,0,Ligand_1497
273.07832696,7,0.2836999999999999,6,2,104.91,18,18,1,0,Ligand_1499
206.08037556,4,0.0333999999999992,6,1,73.06,15,16,4,0,Ligand_1502
321.173564736,3,1.83777,7,2,95.02,22,24,1,0,Ligand_1503
275.08274364400006,7,0.6284999999999994,5,1,73.86,18,18,5,0,Ligand_1504
369.118083596,7,1.6887999999999996,7,1,73.22,24,26,3,0,Ligand_1505
295.062676896,3,0.9920999999999996,6,1,82.45,20,22,3,0,Ligand_1506
384.15862588,6,4.194400000000003,5,1,76.88,29,32,1,0,Ligand_1509
156.053492116,2,0.2919999999999998,4,2,75.21,11,11,5,0,Ligand_1510
299.039833276,4,1.1485999999999998,6,1,81.18,19,21,4,0,Ligand_1512
385.07173594400007,2,3.6461000000000015,5,2,80.0,26,28,4,0,Ligand_1516
388.039688956,5,3.1831000000000014,5,2,101.05,26,28,3,0,Ligand_1523
295.164439532,6,0.1872999999999998,7,2,93.94,21,22,4,0,Ligand_1525
338.050732308,4,1.45572,8,1,90.02,22,24,1,0,Ligand_1526
423.16818752,5,3.4223000000000017,6,2,94.09,31,34,4,0,Ligand_1530
353.115775088,3,-1.0783999999999985,9,0,91.36,24,26,3,0,Ligand_1533
471.2037175,8,3.0214000000000025,6,1,78.01,33,36,3,0,Ligand_1540
362.075884436,3,3.538540000000001,4,2,75.27000000000001,24,26,1,0,Ligand_1543
329.08341234000005,5,3.579240000000002,6,1,77.25000000000001,23,25,4,0,Ligand_1545
295.14197277200003,9,2.0786,4,2,84.86,21,21,1,0,Ligand_1546
415.120191772,8,3.415600000000002,8,1,91.8,29,31,4,0,Ligand_1550
429.104873968,4,2.902100000000001,6,2,115.89,31,34,3,0,Ligand_1551
291.06776227600005,5,1.896,6,1,81.17999999999999,20,21,4,0,Ligand_1553
391.039354608,7,3.7473000000000023,7,1,94.32,26,28,4,0,Ligand_1555
366.063201272,3,1.9231,6,2,119.55,26,29,3,0,Ligand_1558
269.08341234,3,0.4902000000000001,5,1,87.09,18,19,2,0,Ligand_1559
399.125277152,8,3.797100000000002,7,1,82.57000000000001,28,30,4,0,Ligand_1560
260.079706864,2,-0.0721999999999997,4,3,89.87000000000002,19,21,1,0,Ligand_1563
370.0212620200001,3,3.7524000000000015,5,1,76.13,23,25,1,0,Ligand_1565
409.070796968,5,4.509120000000002,6,1,85.09,28,30,4,0,Ligand_1566
456.192818468,7,4.258300000000003,5,1,74.77000000000001,32,35,3,0,Ligand_1569
463.201967912,2,2.549300000000001,6,1,87.53999999999999,34,38,4,0,Ligand_1572
427.1314251520001,4,1.4756199999999993,8,1,100.03,30,33,3,0,Ligand_1573
385.032161052,4,3.2234000000000016,5,1,79.36999999999999,24,26,4,0,Ligand_1575
357.07832696,3,2.4544200000000007,6,1,94.2,25,28,4,0,Ligand_1577
356.08644912,5,1.479,5,1,83.55000000000001,23,24,1,0,Ligand_1578
398.02741002,4,3.0165000000000006,7,1,83.36,25,27,2,0,Ligand_1582
528.2406412519999,8,3.0871000000000013,6,2,108.05,37,40,3,0,Ligand_1583
448.0875117399999,8,2.6283000000000003,8,1,110.72,30,32,5,0,Ligand_1584
349.153874848,6,2.949300000000001,7,1,73.57000000000001,26,29,5,0,Ligand_1587
433.076612708,8,2.5585000000000004,8,1,107.48,29,31,4,0,Ligand_1590
460.222288756,8,1.4734999999999998,8,1,93.76,34,38,1,0,Ligand_1592
425.007089176,6,3.917600000000001,5,2,88.16,27,29,3,0,Ligand_1594
482.2529201879999,10,2.7081,8,1,89.03000000000002,35,38,2,0,Ligand_1596
441.135841836,9,2.610500000000001,6,1,97.83,31,33,5,0,Ligand_1598
341.128802972,5,2.3086,6,2,95.06,25,27,2,0,Ligand_1601
543.0575872840001,9,3.339500000000002,8,2,111.13,34,37,3,0,Ligand_1602
394.175338564,6,1.7347999999999997,8,1,101.72,29,32,1,0,Ligand_1603
374.07818264,3,1.95312,7,1,99.13,26,28,2,0,Ligand_1605
321.10010796,4,3.535520000000001,3,2,87.49,24,26,5,0,Ligand_1606
298.106590308,4,1.1453,7,0,79.01,22,24,5,0,Ligand_1607
351.158291532,4,3.270220000000002,3,3,79.46000000000001,26,28,4,0,Ligand_1608
396.114630128,5,1.9531999999999996,7,1,94.7,29,32,4,0,Ligand_1609
334.189257312,8,2.3489999999999998,4,2,76.66000000000001,24,25,3,0,Ligand_1610
303.123735864,9,0.67472,5,3,73.16000000000001,20,20,4,0,Ligand_1613
413.1142338,7,2.8085000000000004,5,2,89.43,29,31,4,0,Ligand_1614
298.131742436,5,3.365740000000001,3,3,78.25999999999999,22,24,3,0,Ligand_1618
393.168856216,8,2.5452000000000004,5,2,89.43,29,31,4,0,Ligand_1619
391.15657728,5,2.6873400000000007,5,1,80.63999999999999,27,29,3,0,Ligand_1621
455.199110788,5,3.200120000000002,6,1,95.5,32,35,2,0,Ligand_1622
329.0681562,7,-0.875899999999999,5,4,141.67,22,22,5,0,Ligand_1623
392.183503236,5,2.3352000000000004,7,2,110.13000000000002,28,29,1,0,Ligand_1624
397.029932796,4,2.6669000000000014,7,2,103.62,26,28,4,0,Ligand_1625
439.15657728,5,3.129900000000001,4,2,99.34,31,34,1,0,Ligand_1627
309.062866924,5,0.4649999999999999,6,3,123.14,21,22,5,0,Ligand_1628
325.0844749600001,6,-0.3314799999999989,7,3,140.21,22,23,2,0,Ligand_1634
518.1835202999999,13,0.7535000000000027,10,2,129.89,36,38,1,0,Ligand_1635
400.1910688800001,7,2.0290999999999992,5,2,73.91,29,31,1,0,Ligand_1636
458.1260054239999,10,2.7562000000000006,9,2,124.81000000000002,32,34,2,0,Ligand_1639
391.18959166,8,2.17512,4,2,80.2,29,31,2,0,Ligand_1642
446.1260054239999,11,2.0607999999999995,9,2,128.72,31,33,2,0,Ligand_1643
429.060626208,5,1.9885,5,2,104.81,29,31,4,0,Ligand_1644
464.1729556159999,10,2.5664,9,2,124.81000000000002,32,34,2,0,Ligand_1645
522.259068188,10,0.8864000000000027,9,2,118.03,38,41,2,0,Ligand_1646
431.036834776,5,2.7377200000000004,5,1,83.91,27,29,1,0,Ligand_1649
484.2144265039999,11,3.390590000000002,7,2,88.59,34,36,1,0,Ligand_1650
379.20082504,4,2.23374,4,3,84.22999999999999,28,31,1,0,Ligand_1652
356.083077992,4,3.818900000000002,4,2,84.5,25,27,5,0,Ligand_1654
373.153874848,4,4.538960000000003,6,2,92.94,28,31,2,0,Ligand_1655
303.06776227600005,4,1.3346999999999998,3,3,94.82,21,23,2,0,Ligand_1656
317.08341234000005,3,2.27384,3,3,94.82,22,24,4,0,Ligand_1657
360.094391624,5,2.49662,3,2,79.03,25,27,3,0,Ligand_1658
351.1582915320001,5,2.663420000000001,5,1,73.22,26,28,1,0,Ligand_1659
358.073575928,7,2.3234000000000004,7,2,110.26,25,27,2,0,Ligand_1660
407.060962644,7,1.9941,7,2,110.38,27,29,2,0,Ligand_1666
405.132470708,6,2.0704,7,1,95.47,30,33,1,0,Ligand_1667
348.07799261199995,4,2.24932,6,1,90.54,24,26,5,0,Ligand_1669
456.146740868,7,1.6938999999999995,7,1,110.72,32,35,1,0,Ligand_1670
376.145678248,8,2.9532000000000016,4,2,84.50000000000001,26,27,3,0,Ligand_1671
310.044584308,4,2.26464,4,2,89.25999999999999,20,21,4,0,Ligand_1672
308.063091496,3,2.644520000000001,3,2,75.27,21,22,3,0,Ligand_1673
406.05025364,7,3.2852200000000016,7,2,110.26,27,29,2,0,Ligand_1674
457.167141964,10,3.280990000000002,7,2,94.58,32,34,5,0,Ligand_1675
386.1048760559999,7,2.940240000000001,7,2,110.26,27,29,2,0,Ligand_1676
394.127719676,5,1.7451,6,3,122.29,29,31,2,0,Ligand_1677
390.124942804,6,2.740600000000001,5,1,84.94,27,29,5,0,Ligand_1678
431.148120772,6,2.808300000000001,7,1,91.56,32,35,1,0,Ligand_1679
386.1048760559999,7,2.940240000000001,7,2,110.26,27,29,2,0,Ligand_1680
393.201218964,5,-0.3939999999999979,10,0,100.59,28,30,4,0,Ligand_1681
396.13213636,7,3.0600000000000014,7,1,92.05,29,32,1,0,Ligand_1682
415.136590784,8,3.554790000000001,5,2,76.12,29,31,1,0,Ligand_1683
451.9612443760001,7,3.554400000000002,7,2,97.12,26,28,2,0,Ligand_1685
350.07365618,3,2.57424,4,2,84.50000000000001,24,26,5,0,Ligand_1686
392.10420736,7,2.250900000000001,6,2,102.96,27,29,3,0,Ligand_1687
401.12094072,9,4.123400000000003,6,1,77.25,28,30,2,0,Ligand_1688
380.094311372,5,2.9769200000000016,7,1,86.11000000000001,27,30,1,0,Ligand_1689
402.082032436,7,3.4087400000000017,7,2,97.12,27,29,2,0,Ligand_1690
413.0681562,4,1.6168999999999991,7,2,131.24,29,32,4,0,Ligand_1691
313.09973110000004,5,2.646100000000001,5,2,83.56,22,24,1,0,Ligand_1692
372.13684488,6,1.89572,7,2,97.6,26,28,3,0,Ligand_1693
402.082032436,7,3.4087400000000017,7,2,97.12,27,29,2,0,Ligand_1694
475.1510132319999,10,2.0348,8,1,100.79,33,35,1,0,Ligand_1695
313.153874848,5,2.3704400000000003,7,1,73.57000000000001,23,25,4,0,Ligand_1696
380.105544752,5,2.3825000000000003,6,3,108.46,27,30,3,0,Ligand_1697
431.148120772,6,4.137900000000002,6,2,100.82,32,36,2,0,Ligand_1698
487.1777066479999,11,3.253490000000002,8,2,103.81000000000002,34,36,5,0,Ligand_1699
357.081698088,8,1.1924999999999997,6,1,96.85,23,24,5,0,Ligand_1700
433.065379328,6,3.342820000000001,6,2,109.77,29,31,2,0,Ligand_1701
399.114043772,7,3.5005200000000025,5,1,85.61,28,30,4,0,Ligand_1703
446.098351196,5,4.975540000000002,8,2,96.45,31,35,2,0,Ligand_1705
491.16272528,7,2.3336200000000007,7,1,114.25999999999998,35,38,2,0,Ligand_1706
400.1205261199999,7,3.248660000000002,7,2,110.26,28,30,2,0,Ligand_1707
388.084140612,8,2.332,8,2,119.49,27,29,2,0,Ligand_1708
471.1464065199999,9,2.944090000000002,8,2,103.81000000000002,33,36,3,0,Ligand_1716
396.13213636,5,2.2143999999999995,7,1,88.02000000000001,29,32,4,0,Ligand_1717
487.1678106600001,6,5.294320000000004,8,1,98.48,35,39,5,0,Ligand_1718
418.0769470559999,9,3.1906000000000017,8,2,106.35,28,30,2,0,Ligand_1719
473.1521605960001,6,4.869440000000004,8,1,98.48,34,38,5,0,Ligand_1720
459.054216156,5,2.7032,8,2,113.52,29,32,2,0,Ligand_1721
542.219905808,8,3.5461000000000027,6,1,116.33,38,41,4,0,Ligand_1722
402.082032436,8,3.354300000000002,7,2,97.12,27,29,2,0,Ligand_1723
468.216140756,7,5.313200000000005,6,1,76.58000000000001,35,39,5,0,Ligand_1724
459.1365105320001,5,4.479340000000003,8,1,98.48,33,37,5,0,Ligand_1725
438.02232464,8,3.453900000000001,8,2,106.35,28,30,2,0,Ligand_1726
476.169584488,9,2.1099999999999994,8,2,124.57,35,38,1,0,Ligand_1729
345.0241832120001,4,3.384000000000002,6,1,95.99,23,25,1,0,Ligand_1731
470.131171056,8,2.597900000000001,4,3,112.57000000000002,33,35,3,0,Ligand_1732
509.162056584,10,2.988700000000001,9,1,100.79,36,39,1,0,Ligand_1733
344.083077992,5,3.459420000000001,5,1,81.42999999999999,24,26,2,0,Ligand_1735
486.1573055519999,8,1.6663999999999997,8,1,119.95,34,37,1,0,Ligand_1736
505.2689046,9,2.6083000000000007,7,2,105.56,37,40,2,0,Ligand_1737
378.034413548,5,3.2989200000000016,7,1,98.5,25,27,1,0,Ligand_1739
539.128169612,6,3.3952000000000027,6,1,96.02,37,41,3,0,Ligand_1740
377.152160596,5,3.4356000000000018,7,2,88.61,26,28,4,0,Ligand_1741
501.193356712,10,2.558700000000001,7,1,106.94000000000004,35,37,5,0,Ligand_1742
472.1746698679999,8,2.4491000000000005,7,2,111.55,35,38,2,0,Ligand_1743
376.10929274,5,2.2782,5,1,84.94,26,28,1,0,Ligand_1744
381.1124842119999,4,2.4593000000000007,6,1,82.45,28,31,5,0,Ligand_1746
318.157957184,6,2.6664000000000003,4,2,76.66,23,24,5,0,Ligand_1748
325.142641468,7,2.332,6,2,76.38,24,26,4,0,Ligand_1749
422.1145681480001,4,4.353540000000003,6,1,82.06,30,33,2,0,Ligand_1752
396.151015636,4,3.9365400000000026,6,1,77.11,29,32,1,0,Ligand_1753
474.16158032,7,4.839600000000003,7,1,86.34000000000002,35,39,4,0,Ligand_1754
394.144118688,4,2.7361000000000004,5,1,76.46000000000001,29,32,4,0,Ligand_1755
351.133139404,4,2.311,7,1,91.16,26,29,2,0,Ligand_1756
345.14370408800005,5,0.6559999999999997,9,1,112.69,25,27,4,0,Ligand_1757
395.024577136,6,2.2075,8,2,127.71,26,28,1,0,Ligand_1758
325.13055256,8,2.7559000000000013,7,1,74.09,22,23,2,0,Ligand_1759
380.055481252,5,3.8812000000000015,6,1,80.91,26,28,1,0,Ligand_1760
378.169190564,7,2.1038999999999994,5,2,93.09,28,30,4,0,Ligand_1761
416.095454244,8,2.8781000000000008,7,2,106.35,29,31,2,0,Ligand_1766
441.172227344,8,3.926540000000003,5,1,92.51,31,33,5,0,Ligand_1768
489.1470752160001,6,4.487940000000003,9,1,107.71,35,39,5,0,Ligand_1769
472.2335221360001,7,2.7342200000000005,9,1,100.78,35,39,1,0,Ligand_1770
445.211389724,7,3.4751400000000023,7,1,91.04,33,36,3,0,Ligand_1771
372.151015636,5,2.5740000000000007,6,1,75.42,27,30,3,0,Ligand_1772
348.122240372,5,4.045600000000002,7,1,82.3,26,29,3,0,Ligand_1773
373.100873972,4,1.8813,7,0,72.62,26,29,3,0,Ligand_1774
419.11644378400007,6,2.8755000000000006,8,2,114.17,30,33,3,0,Ligand_1775
419.1957396600001,5,3.8397400000000017,7,2,90.3,31,34,5,0,Ligand_1776
431.187877408,6,3.3871400000000023,5,1,92.51,30,32,1,0,Ligand_1777
419.1514919,6,2.30872,6,1,101.74,29,31,1,0,Ligand_1778
312.068096624,5,2.652800000000001,6,1,80.89999999999999,22,24,4,0,Ligand_1779
498.1573055519999,9,3.096900000000001,9,1,116.02,35,38,2,0,Ligand_1781
385.109627088,7,3.407000000000002,7,1,82.57000000000001,27,29,4,0,Ligand_1782
425.195070964,6,3.5958400000000026,5,3,97.92000000000002,31,33,4,0,Ligand_1783
486.1573055519999,12,2.4764,9,2,124.81000000000002,34,36,2,0,Ligand_1784
526.1133900519999,10,3.775000000000002,9,2,124.81000000000002,36,38,2,0,Ligand_1785
355.099062404,6,3.3984000000000014,6,1,73.34000000000002,25,27,4,0,Ligand_1786
436.1998219959999,4,4.851000000000004,7,2,85.89000000000001,32,35,3,0,Ligand_1787
353.104541708,8,2.3527000000000005,8,1,91.80000000000004,24,25,2,0,Ligand_1788
553.2246568399999,10,3.457320000000002,7,1,97.41,39,42,2,0,Ligand_1790
450.1573055519999,9,2.13,9,1,116.02,31,33,2,0,Ligand_1791
360.148535372,7,1.818,4,2,76.66,26,27,4,0,Ligand_1792
350.14778642399995,6,1.9034,6,2,95.12,25,26,1,0,Ligand_1793
451.1855689,7,3.2401000000000018,9,2,108.76,33,36,5,0,Ligand_1794
373.089640592,6,3.5375000000000014,6,1,73.34000000000002,26,28,4,0,Ligand_1795
336.07799261199995,6,1.6034999999999997,5,2,107.72,23,24,2,0,Ligand_1796
494.1071617999999,10,3.034400000000001,9,2,124.81000000000002,34,36,2,0,Ligand_1797
428.1042073599999,7,3.1431000000000013,7,0,95.03,30,32,1,0,Ligand_1798
406.164105184,6,3.329620000000002,7,1,86.97000000000001,30,33,5,0,Ligand_1800
462.218843188,10,4.0043200000000025,5,1,84.94000000000001,32,33,5,0,Ligand_1802
418.152871804,5,3.2676000000000016,5,1,84.94000000000001,31,35,3,0,Ligand_1803
433.109627088,6,4.296500000000003,5,2,97.39,31,34,3,0,Ligand_1805
467.185649152,9,3.168100000000001,7,1,83.2,34,37,5,0,Ligand_1807
471.14640652,7,3.054600000000001,7,1,99.1,33,36,3,0,Ligand_1808
468.14674086800005,8,3.563340000000002,7,2,119.51,33,35,4,0,Ligand_1809
356.13722174,4,2.5271800000000004,7,1,103.8,26,28,3,0,Ligand_1811
420.168521868,5,3.8018000000000023,5,1,84.94000000000001,31,34,4,0,Ligand_1812
367.03781332,6,4.309200000000002,4,2,75.63000000000001,24,25,5,0,Ligand_1813
354.121571676,6,3.6197000000000017,6,1,82.82000000000001,26,28,3,0,Ligand_1814
424.141655488,8,1.3320999999999996,8,1,111.99,29,31,3,0,Ligand_1815
460.1270509799999,7,3.5317000000000007,6,3,123.19,34,37,1,0,Ligand_1816
339.11067264400003,5,3.639400000000002,5,1,77.77000000000001,25,27,5,0,Ligand_1817
460.1416554879999,8,1.85554,9,2,120.78000000000004,32,34,5,0,Ligand_1819
426.101620516,8,3.6400000000000015,5,1,84.94000000000001,28,29,5,0,Ligand_1821
452.2059699959999,6,1.7242999999999995,9,1,111.96999999999998,33,36,5,0,Ligand_1824
488.1729556159999,10,2.63574,9,2,120.78000000000004,34,36,5,0,Ligand_1825
428.130754368,6,2.6983000000000006,9,1,96.73,30,32,5,0,Ligand_1826
332.083077992,3,2.15102,4,1,75.71000000000001,23,25,5,0,Ligand_1827
406.116486296,4,3.322180000000002,8,1,124.78000000000002,30,33,3,0,Ligand_1828
354.132805056,7,1.2418,4,4,144.38,26,27,5,0,Ligand_1830
489.1470752160001,6,4.487940000000004,9,1,107.71,35,39,5,0,Ligand_1833
509.0924528000001,6,4.832920000000004,9,1,107.71,35,39,5,0,Ligand_1834
478.09807642400006,8,2.7122400000000004,8,2,136.57999999999998,32,34,2,0,Ligand_1835
339.0576717679999,4,2.4063000000000008,5,1,73.86000000000001,23,25,4,0,Ligand_1839
529.037830384,6,5.177900000000004,9,1,107.71,35,39,5,0,Ligand_1841
385.109627088,6,3.200520000000002,5,2,101.3,27,29,2,0,Ligand_1842
272.036796496,1,1.4618799999999998,7,2,105.05,19,21,5,0,Ligand_1843
298.106590308,2,1.89932,6,1,97.01,22,23,4,0,Ligand_1844
273.12257472,4,0.6443999999999994,5,2,88.91,20,21,5,0,Ligand_1853
396.0813637399999,4,2.26264,5,1,92.78,26,28,2,0,Ligand_1858
309.011288724,1,1.48734,4,2,80.88,18,19,2,0,Ligand_1862
348.129691748,3,1.6554,4,1,75.71000000000001,24,25,1,0,Ligand_1868
285.12257472000005,4,1.5609199999999996,7,1,81.41,21,23,5,0,Ligand_1874
413.065711588,5,1.9755,4,2,95.58,28,30,5,0,Ligand_1875
343.090309288,5,2.7470000000000008,6,1,72.7,24,26,3,0,Ligand_1877
330.058674812,5,3.001500000000001,6,1,80.91,23,25,1,0,Ligand_1878
299.072847656,4,2.1791,4,1,82.32,21,22,5,0,Ligand_1885
286.095356928,3,2.2668,6,0,74.33000000000001,21,23,5,0,Ligand_1886
367.153206152,7,2.7794000000000008,6,1,86.36000000000001,27,29,4,0,Ligand_1887
351.121906024,3,1.4407199999999998,4,2,95.58,26,28,1,0,Ligand_1889
308.12732575200005,4,2.64382,4,2,79.37,23,25,3,0,Ligand_1898
357.070260812,6,4.214200000000003,4,2,78.91,24,25,2,0,Ligand_1900
357.984876512,5,1.9128,5,2,106.32999999999998,22,23,5,0,Ligand_1906
322.106590308,2,0.93454,6,2,129.92999999999998,24,26,3,0,Ligand_1908
251.079372516,3,2.1863,5,1,73.86,18,19,3,0,Ligand_1910
263.072847656,4,1.1423,4,2,85.08,18,19,3,0,Ligand_1912
326.090271548,3,2.0044,6,1,82.7,24,27,5,0,Ligand_1918
264.023848864,2,-0.4017599999999992,4,2,120.32,16,16,5,0,Ligand_1924
398.1048760559999,2,1.151599999999999,5,1,99.15,28,31,1,0,Ligand_1927
308.13722174,6,0.978999999999999,5,2,93.73,22,22,4,0,Ligand_1928
337.124940716,3,1.8756,4,2,87.74000000000001,23,24,2,0,Ligand_1929
305.1600228480001,8,1.7161999999999995,9,2,106.97,22,23,2,0,Ligand_1930
324.102253876,2,2.697400000000001,4,2,76.02,24,27,2,0,Ligand_1931
383.048068156,8,2.7144000000000004,6,1,100.47,23,24,3,0,Ligand_1932
318.058674812,4,2.591990000000001,5,2,75.85,22,24,1,0,Ligand_1934
374.0572571679999,4,1.2564,6,1,109.85,26,28,4,0,Ligand_1939
396.1256115000001,7,3.4097000000000017,5,2,101.05,28,30,3,0,Ligand_1940
261.07251122,2,0.74108,3,2,81.99000000000001,18,18,2,0,Ligand_1962
355.099062404,3,2.973520000000001,6,1,73.22,25,28,5,0,Ligand_1963
351.044439988,6,1.7685999999999995,4,2,87.63,23,24,5,0,Ligand_1965
299.090605896,1,0.0936999999999999,7,1,86.22999999999999,22,24,5,0,Ligand_1969
281.08341234000005,2,1.7875,5,0,76.3,19,21,4,0,Ligand_1978
388.1535405,4,3.700140000000002,6,1,82.06,29,32,3,0,Ligand_1985
344.12732575200005,5,4.259300000000003,6,0,73.93,26,29,5,0,Ligand_1987
317.126322708,5,3.311840000000002,6,0,78.63,23,24,2,0,Ligand_1989
271.01822524,4,1.5416,3,2,74.85,17,18,3,0,Ligand_1990
278.083746688,6,1.0868600000000002,5,1,110.98,19,19,1,0,Ligand_1998
179.058243148,2,0.6937000000000002,3,2,80.38999999999999,13,13,3,0,Ligand_2003
307.09906240400005,5,2.931000000000001,6,1,73.34,21,22,3,0,Ligand_2006
369.983215404,3,1.8397,4,2,76.02000000000001,21,22,5,0,Ligand_2007
335.082743644,6,2.2925000000000004,5,1,73.86000000000001,23,25,3,0,Ligand_2010
211.095691276,5,-0.5780200000000002,5,2,105.21,15,14,3,0,Ligand_2018
188.046488588,3,0.1164,5,3,84.06,12,12,4,0,Ligand_2029
313.026561668,3,1.633,7,0,83.31,21,22,5,0,Ligand_2030
332.10083623199995,6,2.5874000000000006,7,1,99.36,24,25,1,0,Ligand_2033
155.069476528,2,0.1686,4,2,81.0,11,11,5,0,Ligand_2040
326.083746688,1,3.6612800000000014,5,2,79.60000000000001,23,26,4,0,Ligand_2041
248.01542689582,2,0.6666000000000001,4,0,80.26,17,18,1,0,Ligand_2048
274.084123548,3,2.1352,4,1,76.74000000000001,20,22,2,0,Ligand_2049
289.07324158,7,-0.4814999999999997,7,2,114.14,19,19,1,0,Ligand_2055
289.017556544,3,1.5776999999999997,3,1,74.68,18,19,2,0,Ligand_2056
307.09906240400005,4,2.5274400000000004,6,1,73.22,21,22,4,0,Ligand_2059
468.1038305,8,3.5944400000000014,9,2,114.94,32,35,3,0,Ligand_2061
339.12190602400005,2,1.7460999999999995,6,2,114.44,25,27,5,0,Ligand_2063
480.206050248,5,4.433200000000004,7,1,91.09,35,38,2,0,Ligand_2064
388.0729072319999,5,1.5074000000000003,7,1,111.13,27,29,1,0,Ligand_2065
337.09839370800006,5,2.744720000000001,7,0,74.6,23,24,3,0,Ligand_2066
296.083077992,4,0.9242999999999996,5,1,84.82999999999998,20,21,1,0,Ligand_2067
316.08076948400003,5,0.146,7,2,126.79,23,25,3,0,Ligand_2069
366.124942804,7,2.2379,6,2,85.89000000000001,25,26,3,0,Ligand_2070
387.125277152,6,4.245640000000003,8,1,82.57000000000001,27,29,3,0,Ligand_2072
310.152871804,8,0.1251000000000011,5,2,85.89,22,22,4,0,Ligand_2073
335.093977024,6,1.4576999999999998,6,2,89.55,23,24,4,0,Ligand_2077
459.14640652,6,1.6272999999999993,8,0,97.74,32,35,1,0,Ligand_2078
383.11173526400006,3,0.6150799999999997,8,1,131.95000000000002,28,30,5,0,Ligand_2079
462.09026731600005,6,2.332700000000001,5,3,94.14,29,31,2,0,Ligand_2081
460.1110027600001,7,3.104300000000002,4,3,84.91000000000001,29,31,2,0,Ligand_2082
490.1215674440001,8,3.1129000000000016,5,3,94.14,31,33,2,0,Ligand_2083
496.0921591360001,7,3.382500000000001,4,3,84.91000000000001,31,33,2,0,Ligand_2084
465.0453125800001,6,3.793000000000003,8,0,106.53,32,35,5,0,Ligand_2086
338.11656654800004,3,1.2114999999999998,6,1,89.90000000000002,24,25,1,0,Ligand_2087
468.230745264,9,2.5709600000000004,8,1,84.65,33,36,2,0,Ligand_2089
497.2130465999999,9,1.8910200000000008,8,1,104.61,33,35,5,0,Ligand_2092
297.15762283600003,9,0.6584999999999998,6,2,79.23,21,21,4,0,Ligand_2093
381.099456328,4,0.1802000000000004,6,2,129.39999999999998,26,28,4,0,Ligand_2094
472.097203832,8,3.4897000000000027,7,1,97.56,32,35,2,0,Ligand_2095
478.098076424,6,0.176000000000001,7,2,134.23999999999998,32,35,4,0,Ligand_2097
492.113726488,7,0.5661000000000005,7,2,134.23999999999998,33,36,4,0,Ligand_2098
325.98369407200005,3,2.700900000000001,6,2,84.92,18,19,2,0,Ligand_2102
400.1317595,5,2.34676,7,2,118.87,28,30,2,0,Ligand_2103
332.16048260409,9,1.3450000000000002,4,2,95.9,24,25,3,0,Ligand_2104
349.142641468,5,3.316800000000001,4,2,76.24000000000001,26,29,1,0,Ligand_2106
416.140592868,6,2.796800000000001,5,1,92.78,29,31,3,0,Ligand_2107
430.156242932,6,3.2634200000000018,7,1,88.84,30,32,4,0,Ligand_2110
355.15657728,9,1.5317999999999998,6,1,84.55000000000001,24,25,2,0,Ligand_2111
480.091511736,7,1.49242,6,3,141.42999999999998,33,35,5,0,Ligand_2112
394.145009552,6,2.5745000000000005,7,1,89.90000000000002,27,28,4,0,Ligand_2114
437.071527328,6,0.8324000000000007,7,1,122.21,29,31,2,0,Ligand_2115
309.1113413400001,4,2.8283,5,2,90.37,23,25,4,0,Ligand_2116
421.13861870800014,6,2.1241,10,1,117.46,31,34,3,0,Ligand_2117
298.098728056,6,0.2147999999999997,4,2,84.5,20,21,4,0,Ligand_2119
502.1674763119999,7,3.2902000000000022,6,1,101.49,36,40,1,0,Ligand_2122
313.03685607200003,4,-1.0784999999999998,5,3,140.39999999999998,21,22,5,0,Ligand_2123
404.036433416,7,2.851700000000001,5,1,79.62,25,26,4,0,Ligand_2125
446.19877644,7,2.54084,6,1,95.75,31,33,1,0,Ligand_2127
442.167476312,10,2.751400000000001,6,2,110.28000000000002,31,33,2,0,Ligand_2128
341.09872596799994,3,3.2502000000000004,5,2,76.38000000000001,24,26,5,0,Ligand_2130
393.13584183600005,4,0.4135,7,0,98.45,27,29,2,0,Ligand_2131
395.115106392,4,-0.7401999999999977,8,0,107.68,27,29,2,0,Ligand_2132
354.082032436,6,2.631920000000001,6,2,101.05,23,24,1,0,Ligand_2135
451.063049524,4,2.8091000000000013,6,2,101.93,28,30,4,0,Ligand_2136
380.13069688,5,4.103720000000003,5,1,76.88,27,30,4,0,Ligand_2137
380.13069688,5,4.041300000000003,5,1,76.88,27,30,5,0,Ligand_2138
298.106590308,4,1.1851,6,1,89.35,22,24,3,0,Ligand_2139
397.157245976,4,3.1903200000000016,7,1,79.60000000000001,28,31,3,0,Ligand_2140
282.115046816,4,1.4266199999999998,6,2,88.00000000000001,19,20,3,0,Ligand_2141
298.098728056,4,0.5942999999999998,4,1,75.71000000000001,20,21,2,0,Ligand_2142
335.08522390800005,4,1.35874,6,1,89.25,23,25,2,0,Ligand_2143
459.162805532,4,3.162600000000002,4,1,86.79,32,35,4,0,Ligand_2145
455.187877408,4,3.331920000000002,4,1,86.79,32,35,4,0,Ligand_2146
489.148905056,5,3.3546000000000022,4,1,86.79,33,36,4,0,Ligand_2147
456.183126376,4,2.7269200000000007,5,1,99.68,32,35,4,0,Ligand_2148
372.098918084,5,3.4986200000000016,6,1,78.27000000000001,26,28,5,0,Ligand_2149
402.109482768,6,3.507220000000002,7,1,87.5,28,30,5,0,Ligand_2150
432.219511884,8,2.3774,6,2,73.91000000000001,30,32,2,0,Ligand_2152
329.08341234000005,5,2.5235200000000004,5,1,85.09,23,25,4,0,Ligand_2153
337.10625596000006,4,2.703720000000001,6,1,86.48,25,28,4,0,Ligand_2154
403.16781066,8,2.1335999999999995,8,1,90.52,28,31,5,0,Ligand_2155
367.083806264,5,0.0483400000000001,6,2,129.39999999999998,25,26,2,0,Ligand_2156
341.098725968,3,3.2502000000000013,5,2,76.38000000000001,24,26,5,0,Ligand_2157
410.195405312,5,1.8035999999999988,7,1,87.38000000000001,30,33,1,0,Ligand_2158
490.22162006,6,2.0402,7,0,84.32,36,40,2,0,Ligand_2159
474.1143951840001,8,0.9717000000000002,9,2,141.45,32,35,5,0,Ligand_2160
528.220654756,4,2.872700000000001,5,0,81.24,37,41,4,0,Ligand_2161
482.19877644,5,3.1987000000000023,5,1,99.68,34,38,4,0,Ligand_2162
377.084555212,3,1.4855199999999995,6,1,90.17000000000002,26,28,5,0,Ligand_2163
432.117749248,2,4.246700000000004,6,1,84.82999999999998,29,32,1,0,Ligand_2164
422.23179082,6,3.523220000000002,5,1,74.77000000000001,31,34,3,0,Ligand_2166
429.216475104,7,3.5090400000000024,6,1,81.81,32,35,3,0,Ligand_2174
529.22465684,8,3.820900000000002,6,1,105.25,37,40,4,0,Ligand_2175
458.1082471840001,6,2.8526000000000007,6,2,112.23,31,34,2,0,Ligand_2176
479.300873424,9,2.04136,8,1,88.28999999999999,35,38,3,0,Ligand_2177
317.056718924,4,3.474000000000002,5,1,81.16000000000001,22,24,3,0,Ligand_2180
343.11682064400003,6,2.837800000000001,7,1,99.62000000000002,25,27,3,0,Ligand_2181
386.104876056,6,2.7345000000000006,6,2,114.19,27,29,4,0,Ligand_2182
283.095691276,4,2.8206000000000007,5,1,81.16000000000001,21,23,3,0,Ligand_2183
367.102433532,8,1.5994999999999997,5,1,83.71000000000001,24,25,5,0,Ligand_2184
425.231456472,4,4.022240000000004,4,1,75.02000000000001,31,34,2,0,Ligand_2187
432.126754372,4,1.7772999999999992,7,1,93.41,30,33,4,0,Ligand_2188
436.222288756,7,2.695640000000001,8,1,94.4,32,35,1,0,Ligand_2189
373.152537456,5,3.048220000000001,6,1,86.85000000000001,27,29,3,0,Ligand_2190
306.085186168,4,-0.4907999999999994,8,0,96.6,22,23,3,0,Ligand_2191
408.0925971200001,9,1.0354,8,3,127.17,27,28,3,0,Ligand_2192
390.088557296,4,1.93762,6,1,102.01,27,29,5,0,Ligand_2193
404.188211756,8,1.8481,5,1,74.65,28,30,1,0,Ligand_2195
314.130028184,4,1.98284,4,1,79.47,21,22,4,0,Ligand_2196
367.164439532,4,2.3993,6,2,115.89,27,30,3,0,Ligand_2197
350.126657056,5,4.042200000000002,4,2,80.57,26,29,2,0,Ligand_2198
540.204255744,7,2.5861,9,1,111.87,38,42,2,0,Ligand_2199
359.13688739199995,3,1.6564999999999996,6,2,101.93,26,28,4,0,Ligand_2200
334.055817688,6,3.020120000000001,7,1,72.95,22,24,1,0,Ligand_2201
252.068096624,4,1.44732,6,1,72.95,17,18,2,0,Ligand_2202
380.08644912,6,1.82382,5,2,92.34,25,26,1,0,Ligand_2203
372.11437812,4,2.892300000000001,4,1,75.71,26,29,5,0,Ligand_2205
386.130028184,5,2.570000000000001,4,1,75.71,27,30,5,0,Ligand_2207
377.140927216,3,0.9689,4,1,100.78,26,29,3,0,Ligand_2208
455.187877408,4,3.333520000000002,4,1,86.79,32,35,4,0,Ligand_2209
384.080472876,5,2.9576200000000004,8,1,98.21,27,30,3,0,Ligand_2211
337.06742583999994,3,3.121900000000001,5,1,76.72,24,26,1,0,Ligand_2212
423.1794208999999,6,3.914100000000003,8,1,83.84,31,34,1,0,Ligand_2214
404.1096250000001,4,3.6644000000000014,6,1,85.58999999999999,29,32,5,0,Ligand_2217
436.112915876,5,2.407120000000001,7,1,109.56,30,33,2,0,Ligand_2218
355.02966251600003,5,1.4454999999999998,7,2,114.46,23,24,3,0,Ligand_2219
391.128054024,6,1.0848999999999989,6,3,129.96999999999997,29,32,5,0,Ligand_2225
309.07832696,2,0.391,4,2,103.1,21,23,4,0,Ligand_2226
357.07832696,4,3.4538400000000022,7,1,94.32,25,27,1,0,Ligand_2228
310.106590308,6,2.0037000000000003,6,1,90.13,23,25,3,0,Ligand_2231
355.18959166,3,2.6145000000000005,3,2,78.51,26,29,1,0,Ligand_2235
347.16451978399994,4,1.9426,3,2,78.51,25,27,5,0,Ligand_2236
341.148789468,5,2.745540000000001,8,2,94.32,25,27,5,0,Ligand_2237
297.16885621600005,3,0.0083000000000013,6,1,80.23,21,22,4,0,Ligand_2238
416.048402504,4,3.0501000000000014,6,0,75.61000000000001,26,29,1,0,Ligand_2240
366.161328312,6,2.2171199999999995,4,1,75.71,25,27,3,0,Ligand_2241
424.085970452,8,2.897500000000001,5,2,101.57,28,29,4,0,Ligand_2244
316.1535405,5,0.55288,6,1,85.67,23,24,1,0,Ligand_2245
384.000526576,5,3.7405000000000017,6,2,88.41,24,26,5,0,Ligand_2246
348.07799261200006,7,1.6665,5,2,105.59,24,25,2,0,Ligand_2249
326.050732308,6,2.03384,9,0,91.0,21,22,2,0,Ligand_2250
344.12732575200005,5,4.259300000000003,6,0,73.93,26,29,5,0,Ligand_2251
410.04516826,7,2.1918999999999995,7,2,123.42,27,29,5,0,Ligand_2252
204.111006992,7,-2.016399999999998,4,4,98.66,14,13,5,0,Ligand_2256
475.1235629,12,4.232500000000003,8,2,110.52,32,34,5,0,Ligand_2259
352.1535405,7,2.24562,6,1,96.6,26,27,4,0,Ligand_2260
414.109482768,2,2.415400000000001,6,0,84.22,29,32,2,0,Ligand_2261
332.13722174,5,0.8635999999999997,6,1,81.01,24,26,3,0,Ligand_2264
422.070320388,5,2.806120000000001,5,1,92.78000000000002,28,30,2,0,Ligand_2265
382.156242932,5,1.40722,5,0,76.15,26,28,3,0,Ligand_2267
417.172227344,7,1.62632,5,1,78.94999999999999,29,31,3,0,Ligand_2268
384.171892996,8,1.7717999999999998,5,1,84.94000000000001,26,27,3,0,Ligand_2272
371.136887392,5,2.940060000000001,5,1,100.96,27,29,4,0,Ligand_2273
397.157245976,4,2.30064,7,1,79.60000000000001,28,31,2,0,Ligand_2274
310.142975816,6,2.2590200000000005,4,2,83.45,23,24,4,0,Ligand_2275
307.11682064400003,5,0.5777999999999994,6,2,96.97,22,23,1,0,Ligand_2279
412.077217336,6,2.896700000000001,6,1,88.33,27,29,2,0,Ligand_2283
332.083077992,3,2.4351400000000005,4,2,84.50000000000001,23,25,1,0,Ligand_2284
404.140592868,7,2.2736,7,0,76.15,28,30,5,0,Ligand_2286
405.172227344,8,2.3214,5,1,80.63999999999999,28,30,1,0,Ligand_2287
471.072276276,5,3.8678000000000026,8,1,82.44999999999999,32,36,1,0,Ligand_2288
337.1426414680001,6,3.0486400000000016,5,1,77.25,25,27,5,0,Ligand_2291
380.13970200400007,7,3.0398000000000005,7,2,97.35,28,31,5,0,Ligand_2292
377.129693836,6,2.491140000000001,5,0,76.82,26,28,2,0,Ligand_2294
309.11134134,3,2.09742,5,1,73.22,23,25,2,0,Ligand_2295
437.004489092,3,3.08502,4,3,104.37,26,28,2,0,Ligand_2298
200.073182004,0,0.3121900000000001,5,2,76.69999999999999,13,13,1,0,Ligand_2305
345.1259458480001,6,2.5634,8,2,88.08,24,26,1,0,Ligand_2308
260.036796496,2,1.04287,5,2,90.68,18,19,5,0,Ligand_2311
289.10625596000006,5,1.8473,5,2,93.31000000000002,21,22,1,0,Ligand_2314
301.09973110000004,4,2.08462,7,2,78.85000000000001,21,23,5,0,Ligand_2319
418.083471916,7,1.7832999999999994,7,3,138.86999999999998,29,30,3,0,Ligand_2320
438.1283139319999,9,2.4479,7,0,76.15,29,31,5,0,Ligand_2321
338.137890436,7,1.3698999999999992,5,2,92.68,25,26,1,0,Ligand_2325
363.098583736,3,1.5685999999999998,6,1,84.4,25,27,2,0,Ligand_2327
326.137890436,6,2.0506199999999994,7,1,82.28999999999999,24,26,2,0,Ligand_2330
355.153206152,4,2.7289000000000003,4,2,91.65,26,28,5,0,Ligand_2331
218.08037556,3,0.6067999999999996,5,2,94.03,16,17,5,0,Ligand_2332
521.0635186679999,8,2.688600000000001,6,2,114.04,34,36,3,0,Ligand_2333
388.01299554,3,2.0885,6,1,91.73,26,29,1,0,Ligand_2334
311.126991404,5,1.9225,4,1,74.91,23,25,3,0,Ligand_2335
378.132805056,4,2.4557,7,1,86.86,28,31,5,0,Ligand_2337
401.1299458440001,6,3.347700000000001,8,1,83.32000000000001,29,32,2,0,Ligand_2339
370.0291242720001,3,4.560420000000002,6,1,80.91000000000001,25,28,2,0,Ligand_2341
477.089932968,8,3.197700000000002,5,3,100.13,30,32,2,0,Ligand_2342
311.126991404,6,1.9494,4,2,83.7,23,24,2,0,Ligand_2343
360.108814072,8,-0.4072800000000002,7,5,131.61,24,24,4,0,Ligand_2344
496.178040996,7,2.697700000000001,6,1,100.95,35,38,2,0,Ligand_2346
422.127799928,8,3.0017000000000014,4,3,108.64,31,33,4,0,Ligand_2347
409.119523076,7,2.1349,7,0,95.28,28,30,1,0,Ligand_2349
291.12190602400005,3,0.5820000000000001,4,2,87.74000000000001,21,22,2,0,Ligand_2350
274.15420919599995,3,1.3866999999999996,6,2,84.73,20,22,3,0,Ligand_2353
544.052836252,4,2.108999999999999,8,2,120.65999999999998,34,37,4,0,Ligand_2354
400.1270509799999,6,2.2067,9,0,98.11,29,31,2,0,Ligand_2355
364.018763484,6,2.3448,7,1,116.4,24,26,5,0,Ligand_2357
481.130756456,3,2.8151900000000003,8,1,95.02,34,39,2,0,Ligand_2359
322.156242932,8,0.173300000000002,5,1,84.94000000000001,21,21,1,0,Ligand_2362
416.1042073599999,5,2.0124,6,1,109.85,29,31,1,0,Ligand_2363
392.136366212,6,2.480600000000001,7,2,111.03000000000004,27,29,1,0,Ligand_2367
310.142975816,5,3.183740000000001,5,1,72.95,23,25,2,0,Ligand_2370
386.120189684,3,1.3683,8,0,85.61,27,29,4,0,Ligand_2371
452.172955616,7,0.1664000000000023,6,1,130.32,31,33,1,0,Ligand_2373
325.14601259600005,6,1.1495999999999995,4,1,79.37,22,23,3,0,Ligand_2374
393.215137712,7,2.1822,6,0,74.30000000000001,28,29,2,0,Ligand_2376
294.157957184,7,2.609720000000001,4,2,76.66000000000001,21,21,1,0,Ligand_2377
442.140782896,5,1.952,6,1,87.63999999999999,31,34,5,0,Ligand_2379
376.084140612,7,1.5384999999999995,7,2,123.42,26,28,5,0,Ligand_2380
328.133554004,6,3.263300000000001,5,1,72.95,24,26,5,0,Ligand_2381
409.167141964,7,0.9014000000000002,5,1,96.01999999999998,28,30,4,0,Ligand_2382
347.119129152,5,3.234320000000002,4,1,76.38,24,26,2,0,Ligand_2383
453.18683185200007,10,2.3302000000000005,7,1,95.5,30,32,4,0,Ligand_2387
303.101919528,3,2.11372,4,1,75.44,22,24,5,0,Ligand_2388
464.2059699959999,6,2.3911999999999995,7,1,102.76,34,37,2,0,Ligand_2389
367.15320615200005,6,2.2204999999999995,6,1,82.32999999999998,27,29,3,0,Ligand_2390
445.236541852,0,4.540920000000003,5,1,96.42000000000002,33,37,1,0,Ligand_2391
380.11544074,4,0.4421000000000002,7,1,104.70999999999998,26,28,1,0,Ligand_2392
370.08211268800005,5,3.382200000000002,5,1,76.13,24,25,3,0,Ligand_2395
395.0165109880001,4,3.2125200000000005,8,1,87.21000000000001,25,27,1,0,Ligand_2398
340.14230712,5,3.320000000000002,4,2,84.5,25,26,4,0,Ligand_2399
441.929275552,6,3.1073000000000013,7,1,116.4,25,27,5,0,Ligand_2400
416.11727058,6,2.0445,5,1,84.94000000000001,27,29,3,0,Ligand_2401
271.10692465600005,2,1.1085199999999995,5,2,88.91,20,22,2,0,Ligand_2403
334.098728056,6,2.818020000000001,6,1,77.52,23,24,1,0,Ligand_2404
408.1355074879999,7,2.0139,6,1,98.08,28,30,3,0,Ligand_2408
359.11644378400007,7,1.1720999999999997,10,0,100.61,25,27,2,0,Ligand_2409
328.1535405,4,2.6905600000000005,6,1,89.61,24,26,5,0,Ligand_2410
426.0553390200001,7,4.224600000000003,7,1,90.13,29,32,2,0,Ligand_2411
463.231850396,8,1.498299999999999,7,3,134.26999999999998,33,34,1,0,Ligand_2412
409.076612708,4,1.82234,5,2,112.65,27,29,1,0,Ligand_2413
339.04106886,3,4.388500000000002,5,1,81.16000000000001,24,27,3,0,Ligand_2414
242.072513308,2,0.2896999999999998,4,1,72.63000000000001,16,17,5,0,Ligand_2415
471.182792028,5,3.0321000000000016,5,1,96.02,33,36,4,0,Ligand_2419
409.16714196400005,9,1.3352999999999997,6,1,97.71,28,29,5,0,Ligand_2420
377.148789468,4,1.5581999999999994,8,0,78.2,28,32,5,0,Ligand_2421
393.152240848,4,3.505960000000002,3,2,82.27,27,29,3,0,Ligand_2423
371.093977024,4,2.5383400000000007,7,1,104.28,26,28,5,0,Ligand_2425
425.0867834680001,6,3.6201000000000016,7,1,73.22,29,32,1,0,Ligand_2426
461.162056584,9,2.1495,7,2,119.64,32,34,2,0,Ligand_2429
352.088163372,4,3.5731800000000016,6,1,85.34,25,27,5,0,Ligand_2431
443.108581532,5,2.6097200000000003,7,1,95.5,30,33,4,0,Ligand_2432
474.157305552,9,2.886340000000001,7,2,122.85,33,35,5,0,Ligand_2434
346.113332564,5,2.0874,6,1,92.26,22,23,4,0,Ligand_2435
466.1133325640001,8,5.063820000000004,8,1,85.58999999999999,32,35,4,0,Ligand_2436
372.0117599560001,4,2.2283,6,1,92.26,23,25,4,0,Ligand_2437
238.077598688,4,2.3311800000000003,5,1,76.11,16,16,4,0,Ligand_2440
415.15657728,6,1.921,4,1,86.79,29,31,3,0,Ligand_2441
404.12667412,6,1.0069199999999994,10,1,124.91,28,30,2,0,Ligand_2443
485.198442092,6,2.666300000000001,5,1,96.02,34,37,1,0,Ligand_2445
363.1616626600001,9,3.0155900000000013,5,2,76.12,25,26,1,0,Ligand_2448
404.09545424400005,4,2.4013,6,1,105.4,28,31,4,0,Ligand_2449
373.082933672,5,1.7462999999999995,5,2,89.02000000000001,26,28,1,0,Ligand_2450
320.083077992,5,1.8849,4,1,79.62,22,24,4,0,Ligand_2452
407.1514919,4,0.6595000000000009,7,0,98.45000000000002,28,30,2,0,Ligand_2455
430.053624768,6,2.7737000000000007,7,1,101.49,27,29,5,0,Ligand_2460
304.051777864,4,2.6572000000000013,6,1,76.99000000000001,21,22,5,0,Ligand_2461
410.1082471840001,6,2.42872,7,1,101.49,27,29,5,0,Ligand_2462
482.252920188,9,3.925600000000003,8,1,86.96000000000001,35,38,3,0,Ligand_2463
380.14193026,7,2.992500000000001,7,1,85.06,27,29,4,0,Ligand_2465
434.2430242,6,3.303880000000002,7,1,85.17,32,35,1,0,Ligand_2466
381.0743042,4,-1.1585999999999983,8,3,146.26999999999998,26,28,2,0,Ligand_2468
456.171892996,8,2.8630000000000013,5,1,92.78,32,35,4,0,Ligand_2469
435.182792028,8,1.8695,6,1,97.71,30,32,5,0,Ligand_2472
442.1198574239999,8,3.4147200000000018,7,1,115.57,31,33,2,0,Ligand_2473
389.060090052,4,4.192440000000003,4,1,84.56,26,28,2,0,Ligand_2474
397.0863048,5,2.7239000000000013,5,1,80.63999999999999,26,28,5,0,Ligand_2476
400.188588616,3,2.3366,6,1,97.74,29,32,1,0,Ligand_2477
522.2114492999999,8,1.9344000000000008,9,1,129.06,38,41,2,0,Ligand_2479
510.16584231200005,9,3.806600000000002,5,1,92.78,34,37,4,0,Ligand_2485
512.2093411239999,12,4.494400000000004,9,1,104.69,36,38,1,0,Ligand_2486
364.0915345,8,1.9260999999999997,4,2,89.25999999999999,24,25,2,0,Ligand_2488
426.136176184,9,2.3999,8,1,95.34000000000002,30,32,5,0,Ligand_2492
404.1042073599999,5,1.96642,5,2,113.01,28,30,5,0,Ligand_2493
418.0674236960001,6,1.7896,5,3,114.18,24,25,3,0,Ligand_2496
406.200490692,6,3.880600000000003,6,1,76.58,30,33,1,0,Ligand_2497
424.199821996,4,3.087800000000001,6,1,98.93,31,34,5,0,Ligand_2500
396.0726106240001,5,2.1991000000000005,6,1,92.26,26,28,4,0,Ligand_2505
287.13822478400004,3,1.6100200000000002,4,2,102.49,21,22,1,0,Ligand_2507
386.093642676,6,3.066720000000001,5,2,111.62999999999998,27,29,4,0,Ligand_2511
286.154209196,4,1.0867,6,1,75.94,21,23,2,0,Ligand_2513
319.983025376,5,0.9450000000000004,3,1,80.47,17,17,4,0,Ligand_2514
249.063722452,5,1.8184,4,2,92.68,18,19,4,0,Ligand_2515
465.172227344,8,3.918140000000003,6,1,84.66,33,36,1,0,Ligand_2516
385.109627088,7,3.6928000000000023,7,1,82.04,27,29,1,0,Ligand_2517
481.134127584,8,1.4953200000000002,6,2,121.88,32,34,5,0,Ligand_2518
486.159135392,7,2.9411000000000014,6,0,93.22,32,34,3,0,Ligand_2520
340.14230712,3,2.5677200000000004,4,2,78.87,25,27,2,0,Ligand_2521
472.222288756,6,1.6387999999999991,9,0,85.37,35,39,1,0,Ligand_2522
421.0749516,6,1.3027999999999995,8,1,83.08000000000001,26,28,3,0,Ligand_2525
453.032418092,6,3.8358000000000025,6,1,89.88,29,31,1,0,Ligand_2527
415.146681292,8,3.7969000000000026,6,1,72.7,30,33,2,0,Ligand_2528
238.154209196,5,1.144,7,1,75.53,17,17,5,0,Ligand_2530
362.03783782,5,2.0364000000000004,4,2,82.92,22,23,4,0,Ligand_2531
416.13722174,6,3.052500000000001,7,0,79.53,31,34,1,0,Ligand_2534
252.15862588,7,0.3056999999999998,4,2,76.02000000000001,18,18,1,0,Ligand_2538
238.142975816,3,-0.5135999999999992,4,2,73.8,17,17,3,0,Ligand_2539
404.184840628,5,3.367980000000002,5,2,93.09,30,32,5,0,Ligand_2540
437.168581444,9,1.60014,9,1,134.3,31,31,2,0,Ligand_2541
317.08341234000005,7,1.3933999999999995,5,2,79.78999999999999,22,23,5,0,Ligand_2544
403.1855689,8,1.0029999999999997,9,3,133.75,29,31,1,0,Ligand_2545
497.2348276,12,4.290140000000004,6,1,92.51,35,37,2,0,Ligand_2546
435.162805532,8,2.5595000000000008,5,1,78.95,30,32,1,0,Ligand_2547
367.15657728,10,2.7192000000000007,6,1,102.16,25,26,4,0,Ligand_2549
417.1695419760001,10,1.6799,11,2,140.35,29,31,1,0,Ligand_2550
449.1191462160001,9,1.99742,9,1,115.55,30,32,3,0,Ligand_2552
400.12052612,4,2.570620000000001,6,1,105.4,28,31,4,0,Ligand_2553
438.047476768,5,3.8836200000000014,5,2,92.34,28,30,2,0,Ligand_2554
472.166807616,11,3.3310200000000023,7,1,107.73,33,35,2,0,Ligand_2555
439.15434902400006,6,3.074800000000001,7,0,77.27,32,36,1,0,Ligand_2558
491.199110788,11,4.198100000000004,8,1,83.2,35,38,2,0,Ligand_2560
384.056211612,5,0.8198999999999999,8,1,110.72,25,27,4,0,Ligand_2561
443.115106392,6,2.4083,6,1,114.37,31,33,4,0,Ligand_2562
362.087117816,3,2.971340000000001,6,1,74.13,24,26,2,0,Ligand_2564
275.065453768,3,-1.0806000000000002,6,4,142.75,20,21,1,0,Ligand_2567
471.1827920280001,7,2.5065,5,1,96.02,33,36,1,0,Ligand_2570
327.1331394040001,4,1.2664999999999995,8,1,99.0,24,26,4,0,Ligand_2572
314.112738308,3,0.7584999999999992,6,3,118.01000000000002,23,25,2,0,Ligand_2573
311.1018392760001,2,0.9002999999999997,6,2,101.38,23,26,2,0,Ligand_2574
361.1426414680001,4,2.958400000000001,4,2,76.12,27,30,1,0,Ligand_2576
487.13479628,5,2.2017999999999995,8,0,95.94,33,37,5,0,Ligand_2577
470.162390932,5,1.0489000000000004,7,0,101.69,33,36,2,0,Ligand_2578
450.076468388,5,1.1497999999999995,7,1,110.48,30,32,4,0,Ligand_2579
444.146740868,5,1.1132400000000002,7,1,110.48,31,33,4,0,Ligand_2580
460.141655488,7,0.1827000000000003,8,1,119.71,32,34,4,0,Ligand_2581
460.141655488,6,0.8134200000000003,8,1,119.71,32,34,4,0,Ligand_2582
340.066382372,6,2.3235,6,2,101.05,22,23,1,0,Ligand_2583
366.082032436,5,2.857700000000001,6,2,101.05,24,26,3,0,Ligand_2584
408.011759956,5,3.553020000000002,6,2,101.05,26,28,2,0,Ligand_2585
471.182792028,6,2.4187000000000003,5,1,96.02,33,36,1,0,Ligand_2586
487.177706648,6,2.7931000000000017,6,1,105.25,34,37,4,0,Ligand_2587
399.088891644,4,2.80602,6,1,101.74,28,31,5,0,Ligand_2588
419.141595912,3,3.919900000000002,7,1,79.60000000000001,30,34,2,0,Ligand_2590
390.124942804,8,2.5471000000000013,5,1,92.78000000000002,27,28,4,0,Ligand_2591
492.1896512359999,8,2.9834000000000014,7,1,105.61,36,40,1,0,Ligand_2593
388.14230712,6,4.442000000000004,5,1,73.59,29,32,4,0,Ligand_2595
385.152537456,6,1.8407,6,0,89.97999999999999,28,31,1,0,Ligand_2596
320.083077992,6,1.242999999999999,4,3,109.49,22,23,5,0,Ligand_2597
301.10625596,2,0.3753199999999992,6,1,88.07,22,24,2,0,Ligand_2600
339.17289604000007,6,2.04384,6,0,80.46000000000001,23,24,1,0,Ligand_2602
411.013991156,7,3.328100000000002,3,1,74.68,24,25,4,0,Ligand_2603
438.1903199319999,8,2.0473999999999988,7,2,111.55,32,34,2,0,Ligand_2606
349.20015634400005,10,0.8312200000000014,4,3,96.53,25,25,3,0,Ligand_2607
427.2471065360001,10,3.6682000000000015,6,1,74.49,31,33,5,0,Ligand_2609
438.056481892,4,3.0547000000000013,6,1,105.4,29,32,4,0,Ligand_2610
443.1263397720001,5,2.2206,7,2,134.5,31,34,4,0,Ligand_2611
496.247440884,8,3.3824000000000023,6,1,76.33999999999999,37,41,5,0,Ligand_2612
391.082264976,8,3.1464000000000016,6,1,90.93,27,28,4,0,Ligand_2613
415.210721028,6,2.679400000000001,5,1,96.02,30,32,3,0,Ligand_2614
422.1987764399999,9,1.3433000000000006,6,1,91.72,29,30,5,0,Ligand_2615
438.101620516,6,3.5915000000000026,5,1,88.85000000000001,29,31,1,0,Ligand_2616
383.103873012,9,1.6107999999999998,7,1,104.07,26,27,4,0,Ligand_2617
428.140592868,7,3.828960000000002,6,1,98.5,30,32,2,0,Ligand_2618
368.0976825000001,6,1.7607,6,1,92.26,24,26,2,0,Ligand_2619
374.20663869200007,5,1.4108399999999996,7,1,101.72,27,29,4,0,Ligand_2620
388.22228875600007,5,1.7192599999999996,7,1,101.72,28,30,4,0,Ligand_2621
481.158388848,9,4.083700000000003,8,1,83.2,34,37,4,0,Ligand_2622
397.1750042160001,4,1.6148999999999991,6,2,109.32,29,32,1,0,Ligand_2624
373.130756456,5,0.7109000000000003,7,1,106.94,25,26,4,0,Ligand_2629
382.113332564,7,2.983900000000002,6,1,92.26,25,26,1,0,Ligand_2630
478.201633564,5,2.1707,6,0,75.09,35,39,2,0,Ligand_2631
439.15657728,5,3.129900000000002,4,2,99.34,31,34,1,0,Ligand_2632
345.099456328,4,0.2640999999999998,6,1,109.01,23,24,5,0,Ligand_2633
475.133254992,4,3.633400000000002,4,1,86.79,32,35,1,0,Ligand_2634
442.167476312,4,2.4185000000000008,5,1,99.68,31,34,4,0,Ligand_2635
446.156575192,3,3.6571000000000016,4,2,83.03,32,35,2,0,Ligand_2636
423.1794209,5,3.089900000000002,6,1,84.24999999999999,31,34,2,0,Ligand_2638
425.125671076,7,-0.1022999999999982,7,2,127.03,29,31,5,0,Ligand_2642
315.158291532,7,1.2323999999999993,5,3,83.36,23,24,1,0,Ligand_2643
362.141261564,3,2.919500000000001,6,1,88.33,25,27,5,0,Ligand_2645
413.152160596,4,2.07672,6,1,95.5,29,32,2,0,Ligand_2646
358.142975816,3,4.462360000000003,5,1,80.91000000000001,27,30,5,0,Ligand_2650
234.04629856,3,2.0194,4,2,76.21,16,17,5,0,Ligand_2661
390.161328312,10,2.2848999999999995,4,2,84.5,27,28,1,0,Ligand_2663
329.08341234000005,5,1.4954999999999998,5,1,95.05,23,25,5,0,Ligand_2667
337.08849772,5,3.167700000000001,4,2,74.85,24,26,4,0,Ligand_2668
410.977605648,4,3.0082000000000013,5,0,76.82,24,26,1,0,Ligand_2670
358.098728056,3,2.14412,4,1,83.55000000000001,25,27,1,0,Ligand_2674
354.070799056,7,1.5790999999999995,4,2,92.34,23,24,5,0,Ligand_2676
354.07079905599994,6,1.8788,4,1,83.55000000000001,23,24,5,0,Ligand_2680
323.126991404,4,1.7252999999999987,5,1,73.22,24,26,2,0,Ligand_2689
346.135113564,8,2.2338,3,2,75.27,24,25,3,0,Ligand_2695
347.08274364400006,6,2.0267,5,1,89.53999999999999,24,25,5,0,Ligand_2696
350.09364267599994,6,2.463,5,2,93.73,24,25,3,0,Ligand_2701
345.12123732799995,8,1.5631,5,3,105.09,25,26,2,0,Ligand_2707
379.120191772,8,1.0819999999999994,6,2,106.62,26,27,2,0,Ligand_2708
320.083077992,5,2.4544000000000006,4,2,84.5,22,23,3,0,Ligand_2709
364.10929274,7,1.3237,5,2,107.71999999999998,25,26,1,0,Ligand_2713
345.12257472000005,3,2.18312,5,2,106.66,26,29,3,0,Ligand_2717
360.000526576,4,2.09662,4,2,106.32999999999998,22,23,4,0,Ligand_2719
369.043771292,7,2.3228,4,2,92.7,24,25,5,0,Ligand_2730
329.137556088,4,1.9973,7,1,96.56,24,26,5,0,Ligand_2734
218.08037556,2,0.6361000000000001,6,1,83.03,16,17,5,0,Ligand_2738
355.17835828,8,3.9118200000000014,3,2,75.63,26,27,2,0,Ligand_2747
293.11642672,4,2.37042,3,2,74.85,22,24,1,0,Ligand_2750
332.056384576,3,2.349600000000001,5,1,73.32000000000001,23,25,4,0,Ligand_2753
370.105252916,7,3.5358000000000027,7,0,84.2,27,29,5,0,Ligand_2755
354.07079905599994,6,1.16342,4,2,106.32999999999998,23,24,4,0,Ligand_2757
405.172227344,7,2.3002199999999995,5,2,91.5,28,30,3,0,Ligand_2760
344.083077992,5,1.1899999999999995,4,1,83.55000000000001,24,26,1,0,Ligand_2761
298.073575928,3,-0.7641999999999995,9,0,88.12,20,21,3,0,Ligand_2762
318.103813436,6,1.6657999999999995,3,2,75.27,22,23,4,0,Ligand_2764
316.088163372,3,2.59884,3,2,75.27,22,24,1,0,Ligand_2765
325.08849772,5,2.0222,5,1,77.98000000000002,23,25,5,0,Ligand_2772
312.16985926,7,1.7696999999999998,7,3,87.89,23,25,1,0,Ligand_2780
422.070320388,7,2.1936,5,2,101.57,28,30,2,0,Ligand_2783
403.199487648,11,3.021100000000001,6,1,75.25000000000001,29,30,4,0,Ligand_2786
210.05282342,3,1.3186999999999998,4,1,72.83000000000001,15,15,4,0,Ligand_2794
298.095356928,4,2.2418,5,1,73.47,22,24,1,0,Ligand_2801
318.06742792800003,3,2.24072,5,1,81.31,22,24,5,0,Ligand_2803
328.144787384,3,3.131800000000001,7,1,79.97,24,27,4,0,Ligand_2804
419.187877408,7,2.31062,6,1,80.63999999999999,29,31,3,0,Ligand_2807
270.100442308,5,1.5073,3,2,79.29,20,21,1,0,Ligand_2808
364.089306244,4,2.0989,4,1,75.71000000000001,25,27,3,0,Ligand_2811
501.24883785200007,7,0.826200000000001,9,1,111.39,37,41,2,0,Ligand_2814
292.105921612,5,2.26112,6,1,82.82000000000001,21,22,3,0,Ligand_2815
375.1616626600001,4,3.0010600000000016,3,1,73.48,26,28,3,0,Ligand_2817
344.04669248399995,3,1.6927000000000003,5,2,119.46999999999998,24,26,5,0,Ligand_2819
367.043833272,3,2.0597000000000003,4,1,91.98,25,27,3,0,Ligand_2822
320.13722174,6,3.076100000000001,6,1,82.82000000000001,23,24,3,0,Ligand_2823
395.131505404,4,2.05424,5,1,80.63999999999999,27,29,4,0,Ligand_2824
326.06694926,5,2.9145200000000013,6,1,82.82000000000001,22,23,3,0,Ligand_2826
312.15862588,8,1.8067,4,2,83.98,23,24,4,0,Ligand_2827
323.062757148,6,2.1012000000000004,3,1,74.68,22,23,1,0,Ligand_2836
328.117154992,4,1.11712,7,1,98.58,24,26,2,0,Ligand_2837
391.083806264,5,1.7986999999999995,6,1,110.44,27,29,4,0,Ligand_2841
339.104147784,5,3.304900000000001,5,2,75.11,24,26,2,0,Ligand_2844
293.11642672,3,2.938600000000001,3,2,74.85,22,24,4,0,Ligand_2856
409.147155468,7,2.1309,5,2,91.5,28,30,3,0,Ligand_2858
317.07217896000003,3,2.1318,3,1,74.67999999999999,22,24,3,0,Ligand_2859
323.062757148,6,1.7999,3,2,83.47,22,23,5,0,Ligand_2861
230.0579088,2,2.0344,4,3,77.76,17,18,3,0,Ligand_2865
208.030648496,1,0.8822000000000001,3,1,73.05000000000001,14,15,3,0,Ligand_2869
358.189257312,5,3.446600000000002,4,2,76.66000000000001,26,28,4,0,Ligand_2872
366.157957184,6,3.4566000000000017,4,2,76.66000000000001,27,29,2,0,Ligand_2873
419.104811988,8,3.442600000000001,6,1,86.48,29,31,2,0,Ligand_2874
348.11437812,6,2.4083200000000007,4,1,75.71000000000001,24,25,1,0,Ligand_2875
362.130028184,6,2.7167400000000006,4,1,75.71000000000001,25,26,1,0,Ligand_2880
341.05039796,7,1.9189,6,2,97.39,22,23,3,0,Ligand_2881
429.172227344,7,2.2149,4,2,95.58,30,32,3,0,Ligand_2883
426.136176184,7,3.0840400000000017,6,2,110.28,30,32,3,0,Ligand_2886
264.111006992,5,0.9378999999999996,4,2,84.5,19,19,3,0,Ligand_2888
311.039833276,5,2.2924000000000007,5,2,88.16,20,21,3,0,Ligand_2890
385.109627088,7,3.407000000000002,7,1,82.57000000000002,27,29,4,0,Ligand_2893
368.173607248,6,3.435900000000001,4,2,76.66,27,29,5,0,Ligand_2895
227.080709908,1,0.6668000000000001,5,2,89.07,17,19,2,0,Ligand_2903
496.085970452,3,3.805600000000004,5,0,83.99000000000001,34,38,3,0,Ligand_2906
381.06709358,4,3.7932000000000032,5,1,77.77000000000001,27,31,3,0,Ligand_2909
452.1518262479999,3,2.3454,7,0,84.74000000000001,32,36,2,0,Ligand_2910
356.089602852,6,3.3657200000000014,6,1,95.2,26,28,3,0,Ligand_2912
385.0896405919999,3,2.4435,5,1,81.06,27,30,4,0,Ligand_2914
340.0727033360001,2,3.152800000000001,5,2,76.02,24,27,2,0,Ligand_2915
418.1198574239999,6,1.8482,6,1,102.01000000000002,29,31,4,0,Ligand_2918
379.146681292,5,4.137810000000002,4,4,93.66,27,29,2,0,Ligand_2919
373.0779501,5,2.68089,7,4,119.44,25,27,2,0,Ligand_2920
464.1518262479999,3,2.5394000000000005,7,0,92.58,33,37,2,0,Ligand_2921
315.133139404,4,1.2525899999999992,5,4,119.96,23,24,2,0,Ligand_2924
323.13822478400004,6,1.6434,6,1,81.92999999999999,24,26,4,0,Ligand_2925
523.1577201519999,6,2.8809000000000013,6,1,96.02,37,41,3,0,Ligand_2926
464.1042073599999,6,3.717500000000001,6,3,125.55999999999996,33,36,3,0,Ligand_2928
333.06957384400005,5,1.2798999999999998,6,1,89.77,23,25,5,0,Ligand_2929
396.190988628,3,0.7866400000000003,8,1,108.15,29,32,3,0,Ligand_2932
305.137556088,2,0.0902,4,1,82.86,22,24,3,0,Ligand_2934
374.01617664,6,1.5084000000000002,4,2,106.32999999999998,23,24,4,0,Ligand_2939
328.09468823199995,4,3.3684400000000023,6,0,78.88000000000001,24,26,2,0,Ligand_2940
312.111006992,6,2.1744000000000003,5,2,84.58,23,25,2,0,Ligand_2942
495.1551952880001,8,3.972220000000002,8,0,82.37,34,36,5,0,Ligand_2947
320.083077992,5,2.368600000000001,7,3,92.54,22,23,3,0,Ligand_2951
359.11644378400007,5,0.7387199999999994,9,1,99.63000000000002,25,27,3,0,Ligand_2953
365.060090052,4,2.5268000000000006,4,1,79.37,24,26,2,0,Ligand_2956
465.266127728,8,2.9860000000000007,4,3,118.36,32,33,4,0,Ligand_2958
418.127719676,4,3.120420000000001,8,1,100.52,31,35,3,0,Ligand_2959
340.1535405,4,2.8481200000000007,6,1,82.06,25,27,3,0,Ligand_2960
366.169190564,5,3.5271200000000027,5,2,77.28999999999999,27,29,3,0,Ligand_2961
382.164105184,5,3.145620000000002,6,2,86.52,28,30,3,0,Ligand_2964
335.13822478400004,4,3.346720000000001,7,1,73.57000000000001,25,28,5,0,Ligand_2965
537.2409756,6,3.3320000000000016,7,0,95.82,38,42,5,0,Ligand_2966
322.042356052,3,2.0714,5,1,81.31,22,24,5,0,Ligand_2967
295.97965424800003,2,2.703420000000001,4,2,75.36,17,18,5,0,Ligand_2969
313.11748934,4,0.84872,8,0,91.9,23,25,5,0,Ligand_2970
319.18959166,4,3.329340000000002,4,2,80.32,23,24,3,0,Ligand_2972
360.12561150000005,4,1.7438,6,1,76.34,25,27,4,0,Ligand_2973
355.153206152,8,2.3406,7,2,85.61,26,28,4,0,Ligand_2976
422.097013804,5,3.351700000000002,6,1,84.94000000000001,28,30,3,0,Ligand_2978
381.04531258,5,1.88242,8,1,99.0,25,27,1,0,Ligand_2979
409.147155468,7,2.1309,5,2,91.5,28,30,3,0,Ligand_2982
416.140592868,7,2.447400000000001,5,1,96.69,29,32,2,0,Ligand_2983
325.109627088,7,2.0182999999999995,6,1,82.45,22,23,3,0,Ligand_2984
373.109627088,8,2.891000000000001,7,1,78.52000000000001,26,28,2,0,Ligand_2985
348.11437812,5,2.4457000000000004,4,1,79.62,24,26,4,0,Ligand_2992
332.1194635,7,1.625499999999999,3,2,89.25999999999999,23,24,2,0,Ligand_2995
310.135113564,5,1.5729999999999988,3,2,89.25999999999999,21,22,1,0,Ligand_2996
461.152160596,5,3.6980200000000014,6,2,118.28,33,36,2,0,Ligand_3003
477.173370216,8,2.697400000000001,5,2,104.81,33,35,2,0,Ligand_3004
415.16310214,7,3.1933000000000016,6,2,105.53,30,32,5,0,Ligand_3010
412.1998219959999,8,2.8751200000000017,5,1,77.1,30,32,4,0,Ligand_3013
403.210721028,5,2.236120000000001,5,1,88.18,29,31,4,0,Ligand_3014
361.163770836,4,1.1027999999999996,5,0,79.39,26,28,1,0,Ligand_3016
403.210721028,5,2.5247,5,1,88.18,29,31,3,0,Ligand_3017
506.256291316,8,2.070800000000001,6,1,99.26,35,38,1,0,Ligand_3022
438.144038436,2,1.97652,9,0,107.09,33,37,3,0,Ligand_3023
398.114568148,5,3.3354000000000017,6,1,81.53999999999999,28,31,4,0,Ligand_3024
364.1535405,5,2.4705200000000005,6,1,81.53999999999999,27,30,4,0,Ligand_3025
394.164105184,6,2.6906000000000008,7,1,90.77,29,32,4,0,Ligand_3026
394.164105184,6,2.6542200000000014,7,1,90.77,29,32,3,0,Ligand_3027
413.242689852,7,2.6775,7,1,84.78,30,33,3,0,Ligand_3028
376.1535405,4,2.6073000000000004,6,0,72.74999999999999,28,32,4,0,Ligand_3029
326.137890436,5,1.1294199999999992,6,1,77.63,24,26,3,0,Ligand_3033
346.164105184,3,0.4239000000000006,7,0,78.07,25,28,2,0,Ligand_3039
461.158685456,7,4.146500000000002,7,2,110.05,34,38,2,0,Ligand_3040
339.16166266000005,3,2.2039,3,1,73.48,23,25,2,0,Ligand_3041
396.1797552480001,5,1.8409999999999984,7,0,85.91,29,32,1,0,Ligand_3044
481.140448548,8,4.486700000000004,6,1,89.99000000000001,34,37,5,0,Ligand_3047
461.1950709639999,8,4.141720000000004,6,1,89.99000000000001,34,37,5,0,Ligand_3048
542.1835202999999,7,1.4308999999999996,10,1,121.1,38,42,2,0,Ligand_3050
495.253334788,10,4.716100000000004,5,1,75.02000000000001,36,39,5,0,Ligand_3052
485.198442092,7,3.0772000000000013,5,2,104.81,34,37,3,0,Ligand_3053
431.1845062800001,6,4.134120000000003,5,1,80.76,32,35,1,0,Ligand_3055
396.128982628,5,1.9917,6,1,86.37,26,28,3,0,Ligand_3056
486.266462076,7,3.5622200000000026,5,1,82.08,34,37,3,0,Ligand_3057
464.205969996,10,2.8141000000000016,8,1,96.09,34,37,1,0,Ligand_3059
469.094370948,6,2.3123000000000005,8,2,125.08,33,37,1,0,Ligand_3060
312.122240372,4,1.45172,6,1,77.63,23,25,2,0,Ligand_3061
420.1256115,7,3.803200000000002,6,2,89.00999999999999,30,33,1,0,Ligand_3062
377.060090052,5,2.1986000000000008,4,2,87.63,25,27,4,0,Ligand_3063
239.047695528,4,0.8319199999999998,6,2,96.7,16,17,2,0,Ligand_3066
265.131408088,5,2.06142,3,2,79.54,19,20,5,0,Ligand_3067
406.083471916,7,1.5203999999999998,6,3,131.02999999999997,28,30,1,0,Ligand_3068
313.09502258000003,5,3.3979000000000017,4,2,88.77,23,25,2,0,Ligand_3069
298.098728056,5,0.3848999999999998,4,1,75.71000000000001,20,21,4,0,Ligand_3070
305.0899372,5,0.8533200000000001,5,2,105.84,22,23,5,0,Ligand_3072
277.142641468,5,0.9851,4,1,73.74000000000001,20,21,1,0,Ligand_3073
420.058006116,3,5.362520000000003,6,1,85.34,30,34,2,0,Ligand_3074
430.20386181999993,5,2.4722,6,1,84.30000000000001,30,33,4,0,Ligand_3075
441.135841836,6,2.3641,7,1,99.52,31,34,4,0,Ligand_3076
442.131090804,9,2.6751000000000005,8,2,111.67000000000002,31,33,4,0,Ligand_3077
469.167141964,8,3.144300000000001,7,1,99.52,33,36,4,0,Ligand_3078
411.136510532,8,3.439700000000001,6,3,105.24,29,31,2,0,Ligand_3079
383.093977024,3,2.635300000000001,6,1,90.29,27,30,2,0,Ligand_3080
441.135841836,6,2.3641000000000005,7,1,99.51999999999998,31,34,4,0,Ligand_3081
375.1695249120001,4,3.5227200000000014,6,2,81.07,28,31,5,0,Ligand_3082
346.15420919600007,5,3.6873400000000016,6,2,88.61,26,29,5,0,Ligand_3083
320.046692484,3,1.1113,6,1,94.06,22,23,4,0,Ligand_3084
501.209755724,7,3.480800000000002,4,2,95.58,35,38,1,0,Ligand_3085
421.1750042160001,6,3.2315000000000014,8,2,99.53000000000002,31,34,5,0,Ligand_3086
341.13103122800004,2,3.0531000000000006,7,1,72.7,24,27,3,0,Ligand_3087
406.109961436,5,3.6655000000000015,7,1,86.11000000000001,29,32,5,0,Ligand_3088
439.1235629,8,2.3782200000000007,7,1,101.74,29,31,2,0,Ligand_3090
402.09979067600005,5,1.4126999999999998,7,1,114.51,28,31,5,0,Ligand_3091
403.116820644,5,4.540000000000004,7,1,99.62,30,34,1,0,Ligand_3092
245.08341234,7,0.7019999999999995,6,1,73.34000000000002,16,16,3,0,Ligand_3093
455.06433377200005,9,1.9093999999999995,8,2,110.41,29,31,2,0,Ligand_3094
468.212117996,6,1.6121199999999998,9,1,120.06,34,37,2,0,Ligand_3096
436.247440884,7,3.9133200000000015,5,1,74.77000000000001,32,35,3,0,Ligand_3097
401.1773127240001,5,2.723960000000001,4,1,79.37,28,30,3,0,Ligand_3098
378.1361761839999,7,2.201,7,1,97.56000000000002,26,28,5,0,Ligand_3099
403.15657728,7,2.197399999999999,5,1,88.60000000000001,28,30,3,0,Ligand_3100
486.1903199319999,8,2.791300000000001,7,1,102.76,36,39,2,0,Ligand_3101
430.164105184,7,3.0382000000000016,7,1,95.34,32,35,4,0,Ligand_3102
415.153206152,6,3.6266000000000025,6,1,82.44999999999999,31,34,2,0,Ligand_3103
391.21205842000006,8,3.102900000000001,8,3,87.23,29,32,4,0,Ligand_3104
472.07627836,6,3.170200000000002,6,0,108.9,32,34,1,0,Ligand_3106
466.231516048,8,2.2175999999999982,8,3,140.26,33,33,1,0,Ligand_3107
448.117154992,4,3.222200000000001,6,0,100.54,34,39,1,0,Ligand_3108
414.1395473120001,8,0.9370800000000008,6,0,101.79,27,28,1,0,Ligand_3109
417.070464708,5,3.642640000000002,5,2,100.54,28,30,3,0,Ligand_3113
432.980250336,6,2.8482000000000003,7,2,89.03,22,23,1,0,Ligand_3114
495.273321284,7,3.277700000000001,5,2,96.97,36,40,3,0,Ligand_3115
427.153206152,6,4.388500000000004,6,2,93.04,32,35,2,0,Ligand_3118
410.065336816,7,2.5602,10,1,102.14,26,28,3,0,Ligand_3120
410.065336816,8,2.3893000000000004,10,1,102.14,26,28,3,0,Ligand_3122
426.091928424,8,1.9532999999999996,6,2,110.8,28,30,4,0,Ligand_3125
414.071941928,7,2.0838,5,2,101.57,27,29,4,0,Ligand_3126
448.141655488,7,1.3216199999999996,8,2,135.18,31,33,5,0,Ligand_3127
551.199110788,6,5.093500000000003,7,2,96.33,40,45,4,0,Ligand_3130
542.289305696,7,4.398000000000003,6,2,92.67,40,44,4,0,Ligand_3131
522.207861816,7,3.378700000000002,6,2,92.67,38,42,4,0,Ligand_3132
473.13353332800006,5,1.89748,8,3,163.79,35,39,4,0,Ligand_3133
392.14845512,2,1.1235800000000002,6,2,139.51,29,32,2,0,Ligand_3136
346.152871804,5,3.2216000000000022,6,1,82.82000000000001,25,27,3,0,Ligand_3137
378.205576072,4,4.365860000000003,5,1,72.95,28,31,5,0,Ligand_3138
389.0810155240002,3,4.322000000000002,6,2,77.99000000000001,26,29,4,0,Ligand_3146
331.11682064400003,5,2.13192,7,1,95.18,24,26,5,0,Ligand_3153
341.13755608800005,6,1.9082,6,1,82.03999999999999,25,27,3,0,Ligand_3154
357.132470708,6,2.2391,7,1,91.27,26,28,5,0,Ligand_3155
371.148120772,7,1.9168,7,1,91.27,27,29,3,0,Ligand_3156
331.11682064400003,5,2.13192,7,1,95.18,24,26,5,0,Ligand_3157
357.205241724,7,2.7440000000000007,3,3,85.43,26,28,5,0,Ligand_3158
401.220223092,8,3.7189000000000014,5,1,73.86,29,31,2,0,Ligand_3160
406.200490692,3,3.2551400000000017,4,2,83.03,30,33,2,0,Ligand_3164
405.22770848400006,3,3.111220000000002,7,1,88.83,30,34,3,0,Ligand_3165
420.227374136,4,3.416400000000002,7,1,85.16999999999999,31,35,3,0,Ligand_3166
418.24810958,4,3.970200000000003,6,1,75.94,31,35,3,0,Ligand_3167
392.184840628,3,2.946720000000001,4,2,83.03,29,32,2,0,Ligand_3168
333.205241724,5,2.2478,3,2,78.51,24,26,1,0,Ligand_3170
359.148120772,4,1.2861999999999991,5,2,96.97,26,29,5,0,Ligand_3171
319.153206152,4,1.3964999999999996,4,2,91.65,23,25,5,0,Ligand_3172
359.1481207719999,3,1.8545,5,2,96.97,26,29,1,0,Ligand_3173
358.189257312,5,3.446600000000002,4,2,76.66000000000001,26,28,5,0,Ligand_3175
438.1361761839999,5,4.111900000000003,8,0,86.67000000000002,31,34,3,0,Ligand_3179
314.09027154800003,2,1.2108200000000002,7,1,104.65,23,25,5,0,Ligand_3181
381.1259458480001,8,3.265500000000002,7,1,81.93,27,29,2,0,Ligand_3182
330.07866130800005,5,0.7385999999999993,6,1,107.94,23,25,5,0,Ligand_3183
402.070799056,6,3.368640000000002,6,1,103.26,27,29,4,0,Ligand_3185
440.194736616,8,3.060900000000001,6,1,86.33000000000001,32,35,5,0,Ligand_3187
386.164185436,9,3.2715000000000014,5,2,72.72,28,30,4,0,Ligand_3189
325.04424996000006,6,2.5508200000000008,4,2,83.47,21,22,2,0,Ligand_3190
354.08855729600003,6,1.6683400000000002,7,0,98.94,24,25,5,0,Ligand_3192
307.105587264,4,1.3773,6,1,90.93000000000002,22,23,3,0,Ligand_3195
223.084457896,5,0.9706199999999998,3,2,77.84,16,16,1,0,Ligand_3199
251.036462148,4,1.3966999999999998,7,0,78.11,17,18,4,0,Ligand_3210
209.068807832,4,0.9697,4,2,75.63,15,15,4,0,Ligand_3211
325.058637072,4,1.8792,4,2,111.98000000000002,24,26,2,0,Ligand_3212
360.11437812,4,2.2682200000000003,4,1,75.71000000000001,25,27,4,0,Ligand_3215
327.06776227599994,2,3.023220000000001,6,1,73.34,23,26,1,0,Ligand_3216
331.13207678400005,5,3.1548000000000016,4,1,77.57000000000001,25,27,5,0,Ligand_3220
225.10010796,5,1.1783,4,2,81.78,16,16,4,0,Ligand_3243
267.11067264400003,6,1.5955,5,1,73.86000000000001,19,19,1,0,Ligand_3244
208.048406736,3,0.7832999999999999,4,3,98.99,15,15,4,0,Ligand_3245
206.08037556,4,0.7872999999999999,5,1,72.92,15,16,3,0,Ligand_3253
279.133139404,6,0.8479999999999996,8,1,83.32,20,21,2,0,Ligand_3254
223.084457896,5,0.8997,3,2,75.63,16,16,1,0,Ligand_3256
298.105252916,8,1.7453999999999998,5,2,102.29,21,21,1,0,Ligand_3258
221.11642672,3,1.3784399999999997,3,3,87.71000000000001,16,16,4,0,Ligand_3263
460.21105537599993,10,3.7378000000000022,7,1,87.5,34,37,1,0,Ligand_3270
486.1824576799999,8,3.577700000000002,7,1,86.33000000000001,34,37,2,0,Ligand_3271
346.098728056,4,2.2696,4,1,75.71000000000001,24,26,1,0,Ligand_3277
468.07913548400006,5,3.466500000000001,6,3,125.56,33,36,3,0,Ligand_3281
342.121571676,5,3.057920000000001,6,1,82.81000000000002,25,27,5,0,Ligand_3290
371.126991404,5,3.212600000000001,5,1,73.22,28,31,5,0,Ligand_3297
270.103813436,6,0.7928000000000001,3,2,89.25999999999999,18,18,2,0,Ligand_3311
304.088163372,5,2.2371,3,2,75.27000000000001,21,22,3,0,Ligand_3315
233.015806956,4,0.1885999999999997,3,2,83.47,15,15,4,0,Ligand_3317
234.0640568,3,0.1644999999999997,4,2,92.16,17,18,3,0,Ligand_3318
276.033540956,5,0.5869000000000001,3,1,80.47,17,17,2,0,Ligand_3321
281.12632270800003,8,1.2272999999999998,4,2,84.86,20,20,4,0,Ligand_3323
215.036462148,3,-0.2615800000000001,6,1,84.94,14,14,1,0,Ligand_3326
339.158291532,8,2.722100000000001,6,2,76.38,25,27,4,0,Ligand_3327
327.088891644,4,1.512,6,2,108.3,22,22,2,0,Ligand_3329
301.07324158,2,0.9557999999999998,6,2,108.3,20,20,2,0,Ligand_3330
194.04154544,0,-0.4419000000000001,5,2,86.92999999999999,13,13,4,0,Ligand_3331
261.07251122,3,1.7803999999999995,3,3,87.71000000000001,18,18,5,0,Ligand_3332
431.081888116,6,2.2261999999999995,5,2,94.64,29,31,1,0,Ligand_3333
215.036462148,5,0.7314999999999997,5,2,92.18,14,14,3,0,Ligand_3334
229.052112212,5,0.9038,5,2,92.18,15,15,1,0,Ligand_3335
245.1276601,4,0.3151199999999999,6,2,85.83000000000001,18,19,5,0,Ligand_3336
193.085126592,3,0.5478999999999996,4,2,74.58000000000001,14,14,3,0,Ligand_3337
342.07866130800005,5,2.4753,6,2,96.97,24,26,1,0,Ligand_3338
249.068430972,4,1.2389199999999998,5,2,83.56,17,18,1,0,Ligand_3339
283.019766528,4,0.66062,7,2,100.63,18,19,1,0,Ligand_3340
353.06163134,5,1.2750899999999998,9,2,104.17,23,24,5,0,Ligand_3342
210.050138052,2,-0.7608800000000002,8,2,132.95,15,16,2,0,Ligand_3343
264.068096624,3,0.61409,6,2,85.93,18,19,3,0,Ligand_3344
458.106018928,7,1.5249000000000004,6,2,122.04,32,34,4,0,Ligand_3345
428.11544074,7,1.2262999999999995,6,2,114.20000000000002,30,32,4,0,Ligand_3346
320.094311372,4,-0.1049999999999986,4,2,81.75,22,23,4,0,Ligand_3347
368.070989084,5,0.9385000000000004,4,2,81.75,24,25,3,0,Ligand_3348
478.011051692,5,2.3714000000000004,4,2,81.75,29,31,4,0,Ligand_3349
436.1317595,6,2.08922,8,2,106.71,31,34,3,0,Ligand_3350
241.061804304,3,1.72342,3,3,87.71000000000001,16,16,5,0,Ligand_3351
284.02470758800007,4,1.1661,6,3,109.58,18,19,3,0,Ligand_3352
423.1794209,7,3.619100000000002,8,2,94.84000000000002,31,34,1,0,Ligand_3353
465.16483345600005,7,1.8484199999999995,9,2,129.47,34,37,1,0,Ligand_3354
369.1913229760001,8,1.7255199999999995,7,3,113.31,27,29,4,0,Ligand_3355
431.2069730400001,9,3.084100000000001,7,3,113.31,32,35,4,0,Ligand_3356
367.164439532,4,2.3993,6,2,115.89,27,30,3,0,Ligand_3358
405.1437040880001,5,2.20032,7,2,125.12,30,33,4,0,Ligand_3359
415.13479628,5,1.0796,5,3,110.84999999999998,27,28,1,0,Ligand_3360
416.151826248,6,1.9946199999999996,5,2,108.47,29,31,3,0,Ligand_3361
421.138618708,6,1.9876,8,3,145.35,31,34,3,0,Ligand_3362
403.164439532,5,3.0067000000000013,6,2,115.89,30,33,3,0,Ligand_3363
244.063011244,5,0.4182999999999998,6,2,96.96999999999998,16,16,5,0,Ligand_3365
446.139033308,5,3.336700000000002,4,2,98.82,33,36,2,0,Ligand_3366
236.116092372,5,1.89184,3,2,79.29,17,17,1,0,Ligand_3368
281.12632270800003,7,2.347200000000001,4,2,84.86,20,20,4,0,Ligand_3371
282.205576072,11,2.351,4,2,82.92,20,19,3,0,Ligand_3373
312.122240372,6,0.9702999999999992,5,2,92.68,23,24,1,0,Ligand_3374
359.067283608,5,1.9488,5,2,89.02000000000001,25,27,1,0,Ligand_3375
312.111006992,4,2.624900000000001,5,1,73.06,23,25,4,0,Ligand_3376
360.022187756,5,1.7241999999999995,4,2,83.45,22,23,1,0,Ligand_3377
242.08037556,2,0.5513999999999997,4,2,83.98,18,19,1,0,Ligand_3379
335.126991404,5,3.4225200000000022,5,1,76.72,25,27,1,0,Ligand_3380
283.095691276,3,1.9643,5,1,72.81,21,23,5,0,Ligand_3382
270.122909068,3,1.86426,7,0,74.03,20,22,2,0,Ligand_3385
474.22670543999993,8,3.9906000000000033,7,1,85.28,35,38,2,0,Ligand_3389
285.11134134,5,1.5482000000000002,4,2,83.7,21,22,2,0,Ligand_3391
381.1297853400001,6,0.6241000000000001,10,3,162.13000000000002,28,31,1,0,Ligand_3393
392.13069688,7,3.2150000000000016,6,1,76.35,28,30,1,0,Ligand_3394
258.100442308,5,1.8476,4,2,73.58,19,20,5,0,Ligand_3397
305.137556088,5,0.4404999999999999,5,2,89.02,22,23,5,0,Ligand_3398
283.095691276,3,1.88262,5,1,72.81,21,23,3,0,Ligand_3402
379.116820644,6,2.9747200000000014,7,1,103.02,28,30,1,0,Ligand_3403
368.100836232,4,1.885,6,2,106.87,27,29,5,0,Ligand_3404
368.100836232,4,1.885,6,2,106.87,27,29,5,0,Ligand_3407
300.102253876,5,1.1008000000000002,4,2,83.45,22,23,2,0,Ligand_3408
439.210721028,8,2.861400000000001,6,2,98.25,32,34,1,0,Ligand_3409
411.1794209,9,2.6477000000000004,6,2,98.25,30,31,1,0,Ligand_3411
387.098583736,8,2.4551000000000007,4,3,107.86,27,28,3,0,Ligand_3412
392.104003464,5,4.059620000000002,4,2,83.45,28,30,5,0,Ligand_3416
282.111675688,4,1.8039,4,2,83.45,21,22,1,0,Ligand_3418
282.111675688,4,1.8039,4,2,83.45,21,22,1,0,Ligand_3419
282.111675688,4,1.8039,4,2,83.45,21,22,1,0,Ligand_3421
367.1320767840001,4,4.371300000000002,4,2,74.58,28,31,2,0,Ligand_3422
329.10117058,6,1.5609,6,2,110.11,24,25,3,0,Ligand_3423
223.08256663209,3,-1.0228999999999988,4,3,108.66,16,16,4,0,Ligand_3425
300.09788234809,5,0.4098999999999996,3,3,113.37000000000002,22,23,5,0,Ligand_3426
374.104876056,7,1.0736,5,3,116.73,26,27,5,0,Ligand_3427
271.10771876009,5,0.9644999999999998,3,1,73.27000000000001,20,21,4,0,Ligand_3429
360.13426785609,6,2.2082,3,2,93.14,27,29,2,0,Ligand_3430
285.11134134,5,1.8627,5,1,72.81,21,22,1,0,Ligand_3431
218.09160894,3,0.1460999999999997,7,1,91.21,16,17,3,0,Ligand_3432
392.104003464,5,4.059620000000002,4,2,83.45,28,30,5,0,Ligand_3435
285.11134134,4,2.31032,4,2,83.7,21,22,4,0,Ligand_3436
367.072368988,5,3.949200000000002,4,2,83.69999999999999,26,28,2,0,Ligand_3437
430.0569605600001,5,2.2732,6,2,91.4,29,31,2,0,Ligand_3439
425.137556088,7,4.129100000000003,5,2,100.88,32,35,2,0,Ligand_3440
316.11715499199994,6,1.2662999999999998,7,1,94.93,23,24,5,0,Ligand_3442
340.049381048,5,2.3456,4,2,82.92,22,23,3,0,Ligand_3443
318.13280505599994,6,0.6658999999999995,6,2,101.38,23,24,3,0,Ligand_3445
264.068096624,4,0.7101999999999999,5,2,82.92,18,19,5,0,Ligand_3446
358.142975816,5,3.4879000000000016,4,2,83.44999999999999,27,29,5,0,Ligand_3447
359.128134276,7,2.4089,5,3,100.02,26,27,3,0,Ligand_3448
314.11790394,6,2.0897,4,2,83.45,23,24,4,0,Ligand_3449
328.08393671600004,3,2.15844,6,1,84.54,23,25,4,0,Ligand_3450
328.08393671600004,3,2.15844,6,1,84.54,23,25,4,0,Ligand_3451
355.15320615200005,7,2.578220000000001,5,3,100.02,26,27,3,0,Ligand_3452
310.142975816,6,2.2590200000000005,4,2,83.45,23,24,4,0,Ligand_3453
394.040561548,4,0.5770000000000003,6,3,133.79999999999998,26,28,5,0,Ligand_3455
367.116820644,5,0.8174199999999997,5,2,104.81,27,29,4,0,Ligand_3456
366.121571676,4,2.24984,5,2,97.64,27,29,4,0,Ligand_3458
314.126657056,5,1.84362,4,2,76.66,23,24,2,0,Ligand_3460
363.021853408,5,2.3123,4,2,83.7,22,23,2,0,Ligand_3461
303.10191952799994,5,1.6888999999999998,4,2,83.7,22,23,2,0,Ligand_3462
345.132470708,7,1.5669999999999995,6,2,102.16,25,26,5,0,Ligand_3463
363.071133404,5,3.0062200000000017,4,2,101.62,24,25,3,0,Ligand_3465
330.157957184,3,2.1513,4,1,75.71000000000001,24,26,2,0,Ligand_3466
384.023848864,4,2.931000000000001,5,2,86.71000000000001,26,28,4,0,Ligand_3467
274.117823688,4,1.1324,7,1,94.29,20,21,1,0,Ligand_3468
274.117823688,4,1.1324,7,1,94.29,20,21,1,0,Ligand_3469
396.11437812,6,2.24062,4,3,95.5,28,30,2,0,Ligand_3470
311.126991404,6,1.5752999999999997,4,2,79.78999999999999,23,24,3,0,Ligand_3471
241.085126592,3,1.5511,4,2,74.58,18,19,1,0,Ligand_3473
337.10625596,4,1.8519,5,2,106.92,25,27,5,0,Ligand_3476
399.143035392,7,1.3550999999999995,7,2,107.48,29,31,1,0,Ligand_3479
342.13280505599994,7,0.9788999999999992,6,2,101.91,25,26,1,0,Ligand_3480
377.148789468,7,1.9654,5,3,108.46999999999998,28,30,5,0,Ligand_3481
368.14845512,8,1.9458,7,1,105.83,27,28,4,0,Ligand_3484
431.122113116,6,0.482,11,2,149.58,30,33,5,0,Ligand_3486
433.19747097600015,8,1.9914,10,2,140.35,32,35,1,0,Ligand_3487
315.121906024,5,1.1663999999999997,6,1,81.92,23,24,1,0,Ligand_3488
134.021523292,3,-1.0934,3,3,94.83,9,8,4,0,Ligand_3492
340.088163372,4,3.599000000000002,3,2,75.27000000000001,24,26,5,0,Ligand_3501
358.098728056,5,1.2887999999999993,4,0,74.76,25,27,3,0,Ligand_3506
241.075036084,4,1.0729000000000004,4,2,75.63,17,17,1,0,Ligand_3507
542.0511049359999,6,4.091720000000003,5,2,105.48,34,37,3,0,Ligand_3509
376.14230712,7,3.375500000000001,4,2,80.57,28,30,4,0,Ligand_3515
380.173607248,7,2.761300000000001,4,2,76.66,28,30,3,0,Ligand_3516
372.010954376,3,3.9356700000000022,4,2,75.32,23,25,1,0,Ligand_3523
290.090271548,2,1.2161999999999995,5,2,85.89,21,23,3,0,Ligand_3524
318.121571676,3,1.9485,5,1,77.10000000000001,23,25,5,0,Ligand_3526
324.074621484,3,1.65,5,1,84.94000000000001,24,27,3,0,Ligand_3531
310.095356928,4,2.1388,5,1,75.71000000000001,23,25,4,0,Ligand_3532
338.126657056,5,2.708500000000001,4,1,75.71000000000001,25,27,1,0,Ligand_3538
276.111006992,3,1.5832,4,3,87.66,20,21,3,0,Ligand_3541
266.126657056,8,1.70656,6,0,100.18,19,18,3,0,Ligand_3542
310.09535692799994,1,2.23008,6,1,94.57000000000002,23,26,4,0,Ligand_3543
366.121571676,5,2.4865000000000004,5,1,92.78,27,29,1,0,Ligand_3545
341.09330832800003,7,1.2503,5,2,101.93,23,24,4,0,Ligand_3547
250.095356928,5,0.6772000000000002,4,2,98.49,18,18,5,0,Ligand_3548
320.050063612,5,0.5189999999999997,5,2,109.41,20,20,5,0,Ligand_3549
403.083806264,6,2.6752200000000004,8,1,110.97,28,30,4,0,Ligand_3552
327.110672644,4,2.641800000000001,5,1,73.86,24,26,3,0,Ligand_3554
313.01909783200006,3,0.9289999999999998,6,1,100.46,20,22,2,0,Ligand_3556
257.068807832,4,2.826600000000001,3,3,86.63000000000001,19,20,4,0,Ligand_3557
259.095691276,2,0.5019999999999997,4,2,78.51,19,20,3,0,Ligand_3562
301.08849772,4,2.34982,3,2,74.85,21,23,1,0,Ligand_3563
278.083746688,3,1.4764399999999998,5,2,97.97,19,20,2,0,Ligand_3566
329.05039796000005,8,1.6146,6,2,109.25,21,22,5,0,Ligand_3570
328.9898845839999,5,2.039,4,2,92.7,19,19,1,0,Ligand_3571
251.115758024,6,0.9754999999999998,4,2,75.63000000000001,18,18,1,0,Ligand_3572
239.952703792,1,1.2230000000000003,3,2,86.18,13,13,4,0,Ligand_3577
389.183837584,7,3.0648000000000017,7,1,83.09,28,29,3,0,Ligand_3578
334.098728056,5,2.1978,4,1,75.71,23,24,3,0,Ligand_3579
480.204907376,7,6.492240000000005,4,2,76.66,36,39,5,0,Ligand_3580
424.05427996399993,6,0.8401000000000001,7,2,158.59,31,34,4,0,Ligand_3586
531.12462552,7,2.167439999999999,8,2,147.65999999999997,36,39,5,0,Ligand_3587
518.2839455439998,8,0.410200000000005,10,0,130.14,36,36,4,0,Ligand_3588
389.1241297879999,7,-0.0124800000000003,7,4,117.48000000000002,26,27,3,0,Ligand_3592
358.071131316,5,2.59492,5,2,83.97999999999999,24,25,5,0,Ligand_3595
388.10929274,5,1.6622199999999998,5,2,105.48,27,29,3,0,Ligand_3596
404.16151834,5,2.177,5,1,72.96000000000001,28,30,2,0,Ligand_3598
383.08274364400006,4,3.5069000000000026,5,0,80.75,27,29,3,0,Ligand_3599
341.162708216,7,3.584140000000001,3,2,75.63,25,26,2,0,Ligand_3601
318.088557296,7,-0.1598000000000003,6,3,116.17,21,21,1,0,Ligand_3606
549.1172145679999,7,4.388200000000003,6,4,170.17999999999998,41,45,2,0,Ligand_3608
230.09160894,3,1.1923199999999998,7,1,81.66000000000001,17,19,5,0,Ligand_3609
380.0976825,6,2.25024,6,2,115.04,25,26,4,0,Ligand_3611
236.036796496,4,0.709,6,1,94.9,16,17,4,0,Ligand_3613
294.067427928,3,1.7312,5,1,79.2,20,21,4,0,Ligand_3614
282.103813436,3,2.5402000000000005,4,2,81.41999999999999,19,20,2,0,Ligand_3616
296.173607248,8,2.08232,4,2,82.63,21,21,5,0,Ligand_3618
314.126657056,4,2.1064,3,3,95.5,23,25,2,0,Ligand_3628
316.14230712,4,2.3304,3,3,95.5,23,25,3,0,Ligand_3630
367.153206152,5,2.753920000000001,6,1,74.49000000000001,27,29,3,0,Ligand_3635
401.10454170800006,6,3.3531400000000016,6,2,110.53,28,30,2,0,Ligand_3638
360.11100699199994,4,4.003120000000004,6,0,73.92000000000002,27,30,3,0,Ligand_3641
418.1164862959999,5,3.9284200000000022,8,0,100.22000000000004,31,34,3,0,Ligand_3642
371.136887392,6,1.4521999999999995,6,0,89.97999999999999,27,30,1,0,Ligand_3645
385.098393708,4,3.133900000000001,5,0,80.75,27,30,1,0,Ligand_3646
315.11067264400003,6,2.4993000000000007,5,1,73.86,23,24,2,0,Ligand_3647
244.051777864,4,1.0787000000000002,7,1,91.51,16,16,4,0,Ligand_3648
389.137556088,5,4.467720000000004,6,1,86.48,29,32,4,0,Ligand_3652
343.08782902400003,7,3.377900000000002,3,1,74.68,24,25,4,0,Ligand_3653
351.154268772,4,-1.166599999999997,10,0,100.59,25,27,1,0,Ligand_3654
481.073614208,10,3.9205000000000014,7,1,92.32,30,31,5,0,Ligand_3659
353.126322708,7,3.8784000000000023,5,1,77.77,26,28,5,0,Ligand_3660
340.10929273999994,3,0.1799000000000004,5,0,76.15,23,25,5,0,Ligand_3661
438.024890188,5,3.494500000000002,4,1,75.71,26,28,1,0,Ligand_3662
402.124942804,5,2.4708200000000007,5,1,92.78,28,30,4,0,Ligand_3663
350.152494944,7,2.23292,7,3,108.9,24,25,1,0,Ligand_3667
255.067762276,4,1.0085199999999996,6,1,81.17999999999999,17,17,3,0,Ligand_3668
365.104541708,6,1.4703399999999995,7,0,98.69,25,26,4,0,Ligand_3670
269.148789468,6,-0.0544999999999999,8,0,80.68,19,19,5,0,Ligand_3671
317.148789468,7,2.3141,8,2,98.26000000000002,23,24,5,0,Ligand_3672
478.246772188,5,5.5114000000000045,6,1,77.10000000000001,35,38,3,0,Ligand_3673
346.21440943999994,2,2.8108000000000017,4,2,74.6,25,28,1,0,Ligand_3681
235.048072388,3,0.3871999999999999,5,0,72.91,17,18,3,0,Ligand_3689
296.127325752,6,1.9506,4,2,83.45,22,23,4,0,Ligand_3690
365.05039796,3,1.23544,5,2,104.7,24,26,1,0,Ligand_3691
339.121906024,4,2.10602,6,1,82.45,25,27,2,0,Ligand_3695
327.121906024,4,1.8031,7,1,88.60000000000001,24,26,3,0,Ligand_3697
322.168127944,3,3.7735800000000026,4,1,76.11000000000001,24,26,4,0,Ligand_3699
338.093642676,5,1.2597999999999994,5,1,92.78000000000002,23,25,5,0,Ligand_3700
472.163436488,6,3.773520000000003,6,0,85.38000000000001,35,39,5,0,Ligand_3701
309.063722452,3,2.743500000000001,4,2,96.61,23,25,2,0,Ligand_3702
376.10929274,5,1.9684,5,1,84.94,26,28,1,0,Ligand_3703
348.15862588,6,3.345320000000001,3,3,86.35,26,28,4,0,Ligand_3705
426.055542916,8,-0.5607999999999997,7,4,149.86999999999998,28,30,2,0,Ligand_3706
381.168856216,8,2.3736000000000006,5,2,89.02,28,29,1,0,Ligand_3707
389.13487072,5,1.4484999999999997,10,2,150.0,29,32,5,0,Ligand_3711
388.055148992,6,3.2882000000000025,4,2,92.34,26,28,5,0,Ligand_3715
349.17500421600005,4,0.3668,8,1,102.22,25,27,4,0,Ligand_3716
317.183837584,5,0.611800000000001,6,0,74.30000000000001,22,22,4,0,Ligand_3720
408.1256115,7,2.920600000000001,7,2,96.58,29,31,1,0,Ligand_3721
392.221226136,10,3.6263000000000014,4,2,82.92,29,30,3,0,Ligand_3724
486.2267054400001,7,3.3358000000000017,7,2,96.16,36,40,3,0,Ligand_3727
462.124942804,6,4.805920000000004,6,1,92.78,33,36,4,0,Ligand_3728
411.238273168,8,2.925300000000001,9,1,88.0,30,33,1,0,Ligand_3732
281.1276601,3,2.2717399999999994,3,3,85.92999999999999,21,23,3,0,Ligand_3753
330.169190564,7,2.12664,5,2,88.60000000000001,24,25,4,0,Ligand_3754
262.106590308,5,0.6317999999999997,5,2,96.06,19,20,3,0,Ligand_3755
286.142975816,5,1.3472199999999996,4,2,82.92,21,22,3,0,Ligand_3756
286.142975816,5,1.4288999999999996,4,2,82.92,21,22,4,0,Ligand_3757
414.136176184,8,2.841500000000001,8,1,86.97,29,31,2,0,Ligand_3758
428.151826248,9,3.3244000000000016,8,1,86.97000000000001,30,32,2,0,Ligand_3765
413.195070964,7,2.793800000000001,8,0,72.83,30,32,1,0,Ligand_3768
521.199779484,8,5.287660000000004,8,1,89.99000000000001,38,42,3,0,Ligand_3769
306.0883534,5,1.6921999999999997,4,2,82.92,21,22,3,0,Ligand_3772
244.096025624,3,1.47534,5,1,80.37,18,19,1,0,Ligand_3774
423.995321376,4,0.4080000000000002,9,1,103.28,25,27,1,0,Ligand_3778
505.09753818,8,4.836720000000003,7,2,109.47,35,38,3,0,Ligand_3781
401.05039796,8,3.0021000000000013,7,2,100.88,27,29,2,0,Ligand_3782
469.141989836,11,2.679400000000001,9,2,127.93,33,35,2,0,Ligand_3783
327.08868774800004,4,2.8325000000000005,4,2,75.07,23,25,5,0,Ligand_3789
355.153206152,7,2.5782200000000004,5,3,100.02,26,27,5,0,Ligand_3790
366.121571676,3,3.031600000000001,4,2,103.78,27,29,2,0,Ligand_3791
429.172227344,7,4.071300000000003,5,1,88.07000000000001,30,32,5,0,Ligand_3797
397.109627088,7,2.933620000000001,5,1,91.98,28,30,5,0,Ligand_3799
453.135841836,9,3.049400000000002,6,1,97.29999999999998,32,34,3,0,Ligand_3800
483.1464065199999,10,3.0580000000000016,7,1,106.53,34,36,3,0,Ligand_3801
451.15657728,8,3.739320000000003,5,1,88.07,32,34,3,0,Ligand_3802
441.11585534,8,3.1799000000000017,5,1,88.07,31,33,3,0,Ligand_3803
405.0913901800001,6,3.581500000000002,4,1,78.84,27,29,5,0,Ligand_3804
365.17731272399993,5,2.895840000000001,4,1,78.84,25,26,3,0,Ligand_3806
369.172227344,6,2.3879,5,1,88.07,25,25,4,0,Ligand_3808
419.1514919,9,2.3987000000000007,6,1,97.29999999999998,29,30,4,0,Ligand_3809
395.187877408,6,3.066200000000002,5,1,88.07,27,28,5,0,Ligand_3810
447.182792028,10,3.034800000000001,6,1,97.29999999999998,31,32,4,0,Ligand_3811
402.103813436,6,4.3381000000000025,4,2,78.76,29,32,4,0,Ligand_3814
237.057197592,2,0.8613000000000002,3,3,84.22,16,17,3,0,Ligand_3820
444.1355074879999,9,3.116920000000001,6,1,98.08,31,33,5,0,Ligand_3822
371.0455026080001,5,1.74252,7,2,123.17,24,25,3,0,Ligand_3824
420.022187756,3,3.6049000000000015,5,1,76.88,27,30,2,0,Ligand_3825
299.12613587600003,4,0.3823699999999997,7,1,81.47000000000001,20,21,4,0,Ligand_3828
462.18245768,5,1.9066200000000009,6,1,94.17000000000002,32,34,2,0,Ligand_3832
434.147786424,9,2.871200000000001,5,3,117.87,32,34,4,0,Ligand_3833
360.13213635999995,10,2.404700000000001,5,3,121.78000000000002,26,27,2,0,Ligand_3834
378.0885572959999,9,1.966,6,3,121.78000000000002,26,27,4,0,Ligand_3835
432.032083744,6,2.057199999999999,5,3,96.89,27,29,3,0,Ligand_3836
370.07203464,6,3.6133000000000015,4,2,84.47999999999999,26,28,4,0,Ligand_3837
416.113899452,9,3.100500000000001,4,3,104.73,29,30,5,0,Ligand_3838
285.158960228,3,2.2999400000000003,3,2,93.26,21,22,1,0,Ligand_3845
395.130362532,5,3.168090000000001,5,2,76.12,28,31,5,0,Ligand_3852
432.1831263759999,6,3.163590000000002,6,1,87.64000000000001,30,32,4,0,Ligand_3853
498.157305552,5,2.9797900000000013,8,1,106.1,35,38,3,0,Ligand_3854
381.1147124680001,4,2.957090000000001,5,2,76.12,27,30,5,0,Ligand_3855
482.162390932,8,2.8077900000000016,7,2,105.66,34,37,5,0,Ligand_3856
523.1413211399998,8,4.343590000000003,9,2,113.04,37,40,3,0,Ligand_3857
399.105290656,4,3.6294900000000014,5,2,76.12,28,31,5,0,Ligand_3858
468.183126376,8,2.5680900000000007,7,2,88.59,33,36,5,0,Ligand_3859
436.093832704,5,3.5130000000000017,7,1,95.34,31,34,5,0,Ligand_3860
549.2376044719999,7,4.770300000000004,7,2,105.56,41,46,4,0,Ligand_3861
408.08136374,5,3.019420000000002,7,1,84.94,27,29,3,0,Ligand_3862
426.1427010439999,7,2.383,7,1,103.4,31,33,2,0,Ligand_3863
425.158685456,3,2.340980000000001,8,1,124.11,31,34,2,0,Ligand_3864
423.1794209,2,2.9684800000000013,7,1,114.88,31,34,4,0,Ligand_3865
395.148120772,2,2.332380000000001,7,1,114.88000000000002,29,32,2,0,Ligand_3866
337.006203344,3,2.2215,5,1,73.22,20,21,2,0,Ligand_3867
373.062947176,4,3.0535000000000005,4,2,78.51,26,28,1,0,Ligand_3869
328.06301124399994,3,2.03032,6,2,91.4,23,25,1,0,Ligand_3870
357.14886972,5,2.772500000000001,4,2,78.51,26,28,3,0,Ligand_3871
353.173941596,5,2.9418200000000017,4,2,78.51,26,28,1,0,Ligand_3872
353.162708216,8,4.170100000000003,3,2,75.63000000000001,26,28,5,0,Ligand_3875
211.074561908,2,0.91886,3,1,90.67,16,17,5,0,Ligand_3879
262.05244656,4,1.06236,7,1,112.79,18,18,5,0,Ligand_3881
417.0688036,8,3.716800000000002,4,2,79.78999999999999,26,27,5,0,Ligand_3882
431.084453664,9,3.069,4,2,79.79,27,28,1,0,Ligand_3883
264.056863244,4,1.7293999999999998,6,0,80.05,18,18,5,0,Ligand_3886
389.1142338,7,3.9795000000000025,5,2,89.02000000000001,27,28,3,0,Ligand_3887
382.152871804,2,2.2833,6,2,107.72,28,31,5,0,Ligand_3889
379.116820644,7,3.056400000000002,7,1,103.02,28,30,1,0,Ligand_3890
243.104147784,3,0.9273000000000003,4,2,76.71,16,16,1,0,Ligand_3892
374.0507323080001,6,2.808880000000001,7,0,96.18,25,27,5,0,Ligand_3897
393.112484212,6,3.212400000000001,6,1,89.88,29,31,1,0,Ligand_3898
453.032418092,6,3.8358000000000025,6,1,89.88,29,31,1,0,Ligand_3899
536.0058647640001,5,2.7243000000000013,4,2,81.75,30,32,1,0,Ligand_3900
378.1427010439999,7,1.438,7,2,112.19,27,28,3,0,Ligand_3902
222.05282342,4,1.7785000000000002,3,2,87.74,16,16,2,0,Ligand_3906
327.11922065600004,4,0.0899199999999998,10,2,150.0,24,26,4,0,Ligand_3907
502.157952952,11,4.181120000000003,5,2,83.03000000000002,32,33,5,0,Ligand_3910
367.18959166,8,3.4571200000000024,4,2,79.79,27,28,5,0,Ligand_3911
396.179755248,7,2.7170000000000005,5,3,108.89,29,30,3,0,Ligand_3913
306.08518616799995,4,0.4617999999999998,6,2,102.96,22,23,1,0,Ligand_3918
210.08652356,2,-0.5401000000000002,8,2,115.88,15,16,2,0,Ligand_3927
244.975124844,4,1.31408,6,1,79.77,14,14,1,0,Ligand_3928
514.1773723,12,3.2752000000000017,7,1,103.4,36,38,4,0,Ligand_3929
398.130028184,7,3.408140000000002,4,1,79.62,28,30,5,0,Ligand_3934
309.154937468,7,0.2509999999999996,10,1,125.19,22,23,2,0,Ligand_3937
361.0620082,5,2.1163,6,0,89.97999999999999,25,27,3,0,Ligand_3939
501.1150850959999,7,4.796000000000004,6,2,84.86,32,34,4,0,Ligand_3941
340.066382372,6,1.8209,6,1,92.26,22,23,4,0,Ligand_3942
356.13453637200007,6,0.5329,10,2,146.34,26,28,1,0,Ligand_3943
445.109627088,5,4.549700000000002,5,2,99.07,32,35,2,0,Ligand_3945
352.139621752,5,1.3600199999999991,9,2,137.11,26,28,4,0,Ligand_3952
418.132885308,7,4.217000000000003,5,1,76.99000000000001,31,33,1,0,Ligand_3953
501.123633108,6,2.5250000000000004,10,2,140.35000000000002,32,35,5,0,Ligand_3957
383.093977024,6,3.0084000000000017,6,1,91.56,27,29,1,0,Ligand_3958
357.12978534000007,6,-0.0721000000000003,11,2,159.23,26,28,1,0,Ligand_3959
302.174275944,3,1.9142999999999992,4,2,83.45,22,23,3,0,Ligand_3963
440.14193026,6,4.216100000000004,8,0,78.49000000000001,32,36,5,0,Ligand_3964
382.065713676,5,2.0299,6,1,84.94,25,27,5,0,Ligand_3966
357.054810468,4,3.2388200000000005,5,2,80.3,24,25,2,0,Ligand_3968
411.1794208999999,8,2.3276000000000003,5,3,117.09000000000002,30,31,3,0,Ligand_3970
332.13722174,5,1.8802,6,1,81.00999999999999,24,26,3,0,Ligand_3971
379.946639868,4,3.447300000000001,6,1,81.43,22,24,2,0,Ligand_3972
370.098728056,6,2.3718000000000004,5,1,84.82999999999998,26,28,1,0,Ligand_3975
337.09502258,5,2.0972,5,0,80.75,25,27,1,0,Ligand_3976
373.059611384,3,1.5304999999999995,4,2,87.74,24,25,3,0,Ligand_3977
415.116661776,10,2.7335000000000003,7,1,99.64,28,28,4,0,Ligand_3978
358.189257312,4,2.6812000000000005,4,2,76.66000000000001,26,29,3,0,Ligand_3979
302.174275944,6,1.7607999999999993,4,2,83.45,22,23,4,0,Ligand_3980
254.101504928,3,-0.1789000000000005,7,1,111.55,18,19,2,0,Ligand_3983
286.095356928,4,2.09048,6,1,98.48,21,22,2,0,Ligand_3984
373.146012596,4,4.066000000000003,5,1,82.32999999999998,26,28,1,0,Ligand_3986
417.181919436,9,4.524500000000003,4,2,82.53,29,30,1,0,Ligand_3988
369.088019052,4,4.514120000000003,4,2,84.23,26,28,2,0,Ligand_3989
293.10117058000003,7,0.3888999999999996,7,1,99.64,21,21,4,0,Ligand_3992
272.061948624,1,2.5628800000000007,5,1,76.11000000000001,19,21,4,0,Ligand_3993
373.15253745600006,8,2.848820000000001,6,1,94.69,27,28,1,0,Ligand_3994
424.085970452,6,2.4026999999999994,5,0,76.15,28,30,5,0,Ligand_3995
470.23179082,7,2.7176,4,2,81.75,35,38,1,0,Ligand_4000
494.1424044360001,7,3.4575200000000024,6,1,93.41000000000004,35,38,1,0,Ligand_4001
413.0367677640001,5,3.1029000000000018,4,1,79.36999999999999,26,28,1,0,Ligand_4004
420.0384533720001,7,3.366600000000002,7,1,92.26,27,29,2,0,Ligand_4009
407.108581532,7,1.84802,8,2,96.45,27,29,3,0,Ligand_4010
300.07799261199995,6,0.7865,4,3,112.57,20,20,5,0,Ligand_4012
376.1205261199999,8,2.2211,5,2,111.43,26,27,5,0,Ligand_4013
324.1256115,4,2.3861000000000008,5,1,91.2,22,23,5,0,Ligand_4017
336.11437812,8,2.3575,5,1,77.52,23,24,1,0,Ligand_4021
320.063091496,4,2.07058,5,1,79.19,22,23,1,0,Ligand_4023
346.109961436,6,2.2945,5,1,91.2,24,25,5,0,Ligand_4025
279.05652889600003,5,1.5927999999999998,3,2,83.47,19,20,4,0,Ligand_4027
517.1493837239999,7,5.4634000000000045,6,1,79.37,36,41,5,0,Ligand_4030
438.109482768,5,2.928720000000001,7,1,85.57,31,34,5,0,Ligand_4031
335.1732729,8,2.496600000000001,4,2,84.86,24,25,4,0,Ligand_4033
484.08751174,6,3.8004900000000026,8,1,121.48,33,36,4,0,Ligand_4042
299.090605896,4,1.5828,6,1,82.04,22,24,1,0,Ligand_4044
345.088019052,6,2.2287,4,2,79.78999999999999,24,25,3,0,Ligand_4045
487.9218603679999,4,1.1779000000000002,7,2,110.62,26,28,3,0,Ligand_4046
358.164105184,9,1.6079999999999994,6,4,124.44,26,27,4,0,Ligand_4047
318.103813436,5,2.882680000000001,5,2,82.35,22,23,1,0,Ligand_4052
298.142975816,6,1.7038999999999995,4,2,82.92,22,23,3,0,Ligand_4054
370.138953056,5,-0.4073999999999991,9,1,112.51,27,29,1,0,Ligand_4056
483.1464065199999,10,3.0580000000000016,7,1,106.53,34,36,3,0,Ligand_4060
419.15801676,8,2.546520000000001,9,0,110.13000000000002,30,31,3,0,Ligand_4062
468.102493108,6,1.5207000000000004,7,0,102.45,31,34,4,0,Ligand_4064
275.07937251600003,3,1.9366,6,0,74.19,20,21,3,0,Ligand_4065
520.1780409959999,9,3.717120000000003,7,1,102.64,37,40,1,0,Ligand_4070
425.196408356,4,3.973760000000003,8,1,82.56,32,36,3,0,Ligand_4071
447.100125024,6,2.8884000000000007,9,0,107.28000000000002,32,36,5,0,Ligand_4073
359.13688739199995,8,2.2992,6,1,83.09,26,27,1,0,Ligand_4074
314.057053272,2,2.13722,5,1,76.88,22,24,5,0,Ligand_4079
332.083077992,5,1.80472,3,2,95.83,23,24,3,0,Ligand_4084
406.02766706000006,7,2.2927,7,1,109.74,25,26,4,0,Ligand_4088
316.0727033360001,5,1.6151,4,2,83.45,22,23,2,0,Ligand_4089
372.15862588,5,3.714640000000003,4,2,83.45,28,30,5,0,Ligand_4090
490.2526454159999,6,-0.3699999999999943,10,0,130.14,34,34,4,0,Ligand_4093
353.001117964,4,1.9106,5,2,93.46,21,22,4,0,Ligand_4094
288.122240372,2,0.6476199999999996,7,1,79.43,21,23,2,0,Ligand_4096
323.039833276,5,1.4598000000000002,5,2,102.15,21,22,2,0,Ligand_4097
293.08341234000005,5,2.37,6,1,73.34,20,21,3,0,Ligand_4099
344.1194635,5,2.8760000000000003,5,1,79.19,24,25,5,0,Ligand_4103
366.157957184,7,3.6278000000000015,4,1,79.2,27,29,1,0,Ligand_4105
365.173941596,4,3.578640000000002,3,3,79.46000000000001,27,29,4,0,Ligand_4109
371.130362532,5,2.847620000000001,5,1,73.1,26,28,3,0,Ligand_4110
389.0899372,4,3.5153000000000016,5,1,100.98,29,32,1,0,Ligand_4111
404.13722174,8,2.8626000000000014,4,3,108.64,30,32,4,0,Ligand_4120
339.110672644,5,2.9620000000000006,4,1,76.07000000000001,25,27,3,0,Ligand_4122
453.135841836,9,3.049400000000002,6,1,97.29999999999998,32,34,3,0,Ligand_4124
444.1896512359999,7,2.4077,8,0,78.93000000000002,32,35,4,0,Ligand_4132
385.109627088,6,2.3969900000000006,6,2,85.35000000000001,27,29,5,0,Ligand_4148
321.114712468,5,1.84369,5,2,76.12,22,23,1,0,Ligand_4149
404.151826248,4,2.3833900000000003,6,1,87.64000000000001,28,30,4,0,Ligand_4153
417.09139018,7,3.527090000000001,5,2,76.12,28,30,5,0,Ligand_4154
425.140927216,6,3.024790000000001,6,2,85.35,30,33,5,0,Ligand_4155
429.135841836,8,2.46469,7,2,94.58,30,32,5,0,Ligand_4156
433.0863048,7,3.109490000000001,6,2,85.35000000000001,29,31,5,0,Ligand_4157
454.167476312,7,2.1779899999999994,7,2,88.59,32,35,5,0,Ligand_4158
374.99442428399993,3,2.14382,4,2,83.96000000000001,23,24,3,0,Ligand_4161
379.066048024,7,2.2295,7,1,90.41,25,27,2,0,Ligand_4162
355.06604802400005,4,1.6551000000000002,7,0,89.46,23,25,4,0,Ligand_4163
390.0820324360001,4,2.2108,7,0,75.63,26,29,5,0,Ligand_4164
369.124608456,6,2.3663,5,1,93.14,25,26,3,0,Ligand_4167
458.2304534279999,6,4.5716000000000045,7,1,99.13,33,35,1,0,Ligand_4169
372.102289212,5,1.3037999999999994,5,1,82.08000000000001,24,25,2,0,Ligand_4172
283.10692465600005,4,0.243099999999999,5,2,96.34,21,22,2,0,Ligand_4174
458.1511575519999,11,2.7972,6,3,113.96,32,33,4,0,Ligand_4177
426.1427010439999,7,2.383,7,1,103.4,31,33,2,0,Ligand_4182
328.10929273999994,8,1.5536,4,3,126.56,22,22,4,0,Ligand_4187
366.067427928,3,3.1473000000000013,4,1,83.55000000000001,26,29,5,0,Ligand_4188
378.136176184,7,3.242840000000002,6,2,110.28,26,27,4,0,Ligand_4189
264.15862588,7,0.7179000000000001,5,2,77.82000000000001,19,19,1,0,Ligand_4190
323.13822478400004,5,2.1512,6,1,81.39999999999999,24,26,1,0,Ligand_4192
331.132076784,4,3.5817000000000023,4,2,74.58,25,28,2,0,Ligand_4193
328.178692628,5,2.2493,3,2,81.42000000000002,24,27,3,0,Ligand_4197
375.06736386,5,3.0497000000000014,4,2,77.84,26,28,2,0,Ligand_4198
311.119129152,6,2.40292,4,2,79.54,21,22,5,0,Ligand_4202
376.163436488,6,1.0174000000000003,7,2,99.54,27,29,1,0,Ligand_4204
232.096025624,3,2.847720000000001,5,2,82.86,17,18,3,0,Ligand_4205
503.20880288,3,3.6700000000000026,6,1,74.81,36,41,4,0,Ligand_4207
465.121923088,7,1.88912,10,2,136.93000000000004,33,36,3,0,Ligand_4208
381.039544636,3,1.3791999999999995,7,1,90.92,25,27,2,0,Ligand_4210
241.096359972,1,1.8037,6,1,75.66,18,20,4,0,Ligand_4214
242.08037556,2,0.5513999999999997,4,2,83.98,18,19,1,0,Ligand_4215
396.1519065,6,2.4669000000000008,4,1,75.71000000000001,27,29,4,0,Ligand_4216
548.184188996,7,2.779720000000001,10,1,118.89,39,43,5,0,Ligand_4217
386.151157552,4,0.1653200000000017,6,1,94.17000000000002,26,27,3,0,Ligand_4218
280.051777864,5,2.0103,7,0,74.45,19,20,2,0,Ligand_4219
428.0709890840001,6,4.059600000000002,5,2,101.05,29,31,3,0,Ligand_4222
298.168127944,1,3.3261800000000017,4,1,76.11,22,24,4,0,Ligand_4223
409.105604328,4,-0.474199999999999,8,1,128.69,28,30,2,0,Ligand_4224
429.173370216,7,2.206899999999999,5,1,96.02,29,30,1,0,Ligand_4226
441.173370216,5,2.351,5,1,96.02,30,32,1,0,Ligand_4228
279.158291532,4,1.3704999999999994,5,2,76.82000000000001,20,21,4,0,Ligand_4229
452.242355504,6,2.6282000000000005,6,2,85.35000000000001,33,36,5,0,Ligand_4230
369.121237328,6,1.2281999999999995,6,0,89.97999999999999,27,30,1,0,Ligand_4231
467.1514919,8,2.4903000000000004,9,0,90.73,33,36,5,0,Ligand_4232
471.038119024,6,4.461110000000003,9,1,86.35,31,34,4,0,Ligand_4233
449.159611972,9,3.2658000000000014,6,3,110.52,30,31,4,0,Ligand_4237
405.143704088,5,2.7156800000000008,8,2,128.3,30,33,1,0,Ligand_4238
383.18450628,7,1.80732,5,2,83.81,28,30,3,0,Ligand_4240
333.121237328,4,1.5435999999999996,7,1,85.30000000000001,24,25,3,0,Ligand_4241
427.1431156439999,6,3.2531000000000017,7,1,85.30000000000001,31,33,5,0,Ligand_4242
378.04410564,5,2.8167000000000018,4,2,92.34,25,26,3,0,Ligand_4244
542.1835202999999,10,2.263299999999999,11,1,121.22,38,41,5,0,Ligand_4245
425.140927216,7,3.314900000000001,7,1,82.45,30,33,5,0,Ligand_4246
399.136510532,9,2.1305,8,1,91.16,28,30,3,0,Ligand_4248
353.126322708,6,2.5216400000000005,5,0,72.91,26,28,3,0,Ligand_4249
290.126657056,5,1.2791,5,1,81.16,21,22,3,0,Ligand_4250
267.11067264400003,6,0.9966999999999996,5,1,73.86,19,19,5,0,Ligand_4253
364.08414061200006,5,1.0874199999999994,7,2,127.35,25,26,3,0,Ligand_4255
350.09364267599994,5,1.9494,6,2,85.89,24,26,3,0,Ligand_4261
326.03949892800006,6,2.0495,6,1,85.36,21,22,5,0,Ligand_4262
375.16166266,7,3.1580900000000014,5,2,76.12,26,28,5,0,Ligand_4263
326.166413692,10,2.35992,3,2,75.27000000000001,22,22,3,0,Ligand_4264
536.165093364,10,2.925800000000001,8,1,103.4,36,39,5,0,Ligand_4267
510.1494433,11,2.3932,8,1,103.4,34,36,5,0,Ligand_4268
509.209675472,5,2.7499200000000013,8,0,87.97999999999999,36,40,2,0,Ligand_4269
428.131839752,4,3.170320000000001,6,1,84.30000000000001,30,33,5,0,Ligand_4270
474.19369106,5,2.19422,8,0,101.81,33,36,5,0,Ligand_4271
514.1886056799999,7,3.445520000000002,9,1,111.99,36,39,5,0,Ligand_4272
238.095356928,3,0.7610199999999994,4,2,76.66000000000001,17,17,4,0,Ligand_4276
244.117154992,1,-1.722999999999998,5,2,104.97,17,17,5,0,Ligand_4278
429.10914842,6,3.324320000000003,6,2,102.69,30,32,2,0,Ligand_4279
404.151826248,8,1.4477899999999997,6,2,96.43,28,30,1,0,Ligand_4280
287.082743644,7,1.2268,4,2,92.7,19,19,5,0,Ligand_4286
493.1419898360001,8,2.9091400000000016,7,2,138.43,35,38,4,0,Ligand_4295
341.117569592,4,1.9609,5,1,73.1,25,27,3,0,Ligand_4296
263.138224784,4,0.0515000000000001,7,1,73.85,19,20,1,0,Ligand_4299
425.169918836,8,1.3767199999999995,9,3,127.31,31,34,5,0,Ligand_4300
336.061377244,4,0.4817000000000002,4,0,74.76,21,22,4,0,Ligand_4302
408.115520992,5,1.9896,5,0,76.15,28,30,4,0,Ligand_4303
351.158291532,4,1.8358,4,2,82.53,26,28,3,0,Ligand_4304
474.126085676,9,3.685500000000003,6,1,94.17000000000002,33,35,3,0,Ligand_4305
368.140592868,7,2.143,5,1,92.78,25,26,3,0,Ligand_4307
250.05244656,2,0.34612,6,1,80.64,17,18,2,0,Ligand_4308
384.168521868,6,3.443500000000002,5,1,77.10000000000001,28,30,4,0,Ligand_4312
426.2154720599999,10,3.204400000000001,5,1,77.1,31,33,4,0,Ligand_4314
406.072274188,6,2.64922,7,2,93.21,27,28,1,0,Ligand_4315
365.0558156,5,2.8104000000000005,6,1,72.7,25,27,3,0,Ligand_4316
299.10050188400004,5,1.6772999999999998,7,1,92.32,21,21,3,0,Ligand_4318
467.17395866,4,1.4840999999999998,10,0,99.95,33,37,3,0,Ligand_4319
419.159354152,6,3.105780000000001,8,2,128.29999999999998,31,34,1,0,Ligand_4320
394.1463469440001,8,3.2304200000000023,5,2,76.02000000000001,28,30,5,0,Ligand_4321
410.141261564,7,2.5718200000000007,6,2,93.09,29,31,1,0,Ligand_4325
429.135841836,8,3.503790000000002,7,2,94.58,30,32,2,0,Ligand_4327
456.171892996,11,4.299100000000004,8,0,79.65,32,34,1,0,Ligand_4328
224.116092372,3,2.00644,4,2,74.68,16,16,3,0,Ligand_4329
382.116486296,5,2.5947000000000005,5,3,124.01000000000002,28,30,2,0,Ligand_4331
393.1688562160001,6,1.9920999999999995,6,1,82.97,29,32,2,0,Ligand_4332
412.163436488,7,2.1987,7,1,92.45,30,33,1,0,Ligand_4333
559.17884952,8,1.757100000000001,8,1,116.69,39,43,1,0,Ligand_4334
569.255956968,11,3.751000000000004,7,1,107.46,40,43,3,0,Ligand_4335
561.1700344239999,10,3.2810000000000032,7,1,107.46,38,41,3,0,Ligand_4336
343.09906240400005,4,3.0233000000000008,4,3,79.46000000000001,24,26,4,0,Ligand_4340
366.21547206,12,2.5288000000000004,5,2,85.89000000000001,26,26,1,0,Ligand_4342
383.18450628,9,3.163000000000002,6,1,74.61,28,30,5,0,Ligand_4345
379.083806264,7,1.84162,7,2,127.6,26,27,2,0,Ligand_4347
306.111675688,2,2.14612,4,2,86.92,23,25,3,0,Ligand_4348
395.1845062800001,5,3.587240000000002,4,3,88.69,29,31,4,0,Ligand_4349
374.206638692,9,3.1397000000000013,8,3,110.29,27,28,1,0,Ligand_4351
454.135171052,6,2.9034000000000018,6,4,117.12,32,34,1,0,Ligand_4352
458.1412615640001,6,3.9555200000000026,6,2,85.13000000000002,33,36,5,0,Ligand_4355
404.1042073599999,6,1.3623999999999996,6,2,114.70999999999998,28,30,3,0,Ligand_4356
377.13755608800005,7,2.770500000000001,5,2,93.46,28,30,3,0,Ligand_4357
475.098410772,7,2.6534400000000007,7,3,147.21999999999997,32,34,2,0,Ligand_4359
451.210721028,10,4.427800000000002,4,3,115.81000000000002,33,35,1,0,Ligand_4361
419.115106392,7,1.1809,7,2,115.32,29,31,1,0,Ligand_4362
474.0919284239999,8,3.6480000000000015,8,2,97.33,32,34,4,0,Ligand_4363
237.10010796,6,0.96472,3,2,75.63,17,17,4,0,Ligand_4364
434.131171056,4,2.9140200000000016,5,1,84.94000000000001,30,33,5,0,Ligand_4366
430.21038668,12,2.7627000000000006,6,2,95.12000000000002,31,32,5,0,Ligand_4367
402.179086552,10,1.9824999999999997,6,2,95.12,29,30,5,0,Ligand_4368
392.120606372,6,3.2612000000000023,4,1,75.71,27,29,1,0,Ligand_4369
350.21066145199995,2,3.207900000000002,5,1,73.36000000000001,26,28,2,0,Ligand_4370
368.184840628,4,2.2805800000000005,7,1,91.82,27,29,2,0,Ligand_4371
396.216140756,4,2.9166800000000013,7,1,91.82,29,31,2,0,Ligand_4372
414.105523456,2,3.6619800000000025,5,1,73.36,26,28,2,0,Ligand_4373
368.184840628,4,2.2805800000000005,7,1,91.82,27,29,2,0,Ligand_4374
354.169190564,3,1.97758,7,2,102.82,26,28,2,0,Ligand_4375
396.216140756,4,2.9166800000000013,7,1,91.82,29,31,2,0,Ligand_4376
309.158960228,2,1.65838,6,1,86.25,23,25,2,0,Ligand_4377
342.151432324,2,2.960980000000001,6,1,73.36,24,26,2,0,Ligand_4378
314.120132196,2,2.3248800000000003,6,1,73.36,22,24,2,0,Ligand_4379
342.151432324,2,2.960980000000001,6,1,73.36,24,26,2,0,Ligand_4380
333.11471246799994,3,2.20362,5,1,81.06,23,25,4,0,Ligand_4381
373.109627088,5,2.29382,6,1,82.33000000000001,26,28,3,0,Ligand_4383
456.07836524,6,2.6237000000000004,7,1,99.13000000000002,28,29,4,0,Ligand_4385
426.067800556,5,2.615100000000001,6,1,89.90000000000002,26,27,4,0,Ligand_4386
415.120191772,8,2.1290999999999998,5,2,126.64,29,31,1,0,Ligand_4388
430.1740011719999,8,2.2023,7,1,95.56,31,33,3,0,Ligand_4389
264.111006992,3,0.6351999999999999,4,2,76.66000000000001,19,20,3,0,Ligand_4394
266.126657056,2,1.8647,4,2,76.66000000000001,19,19,5,0,Ligand_4395
354.169190564,6,2.592700000000001,5,3,94.03000000000002,26,27,5,0,Ligand_4396
464.001710132,6,4.195500000000003,3,2,75.27,27,28,3,0,Ligand_4397
254.101504928,0,-0.5335999999999999,4,0,81.24,18,19,2,0,Ligand_4398
448.13358934,6,3.117600000000002,5,1,82.08000000000001,30,32,3,0,Ligand_4399
359.1269914040001,5,4.540800000000004,5,1,77.25,27,30,2,0,Ligand_4400
374.130028184,7,2.47752,4,1,75.71000000000001,26,28,4,0,Ligand_4402
348.11437812,6,2.4083200000000007,4,1,75.71000000000001,24,25,1,0,Ligand_4403
334.098728056,6,1.6842199999999996,4,1,89.69999999999999,23,24,3,0,Ligand_4404
410.031490268,6,3.034200000000002,4,1,79.62,26,27,5,0,Ligand_4405
362.130028184,8,1.8201,4,1,75.71000000000001,25,26,3,0,Ligand_4406
438.101620516,8,2.839100000000001,5,1,84.94000000000001,29,31,4,0,Ligand_4407
338.09364267599994,7,1.3706,5,1,88.85,23,24,3,0,Ligand_4408
479.1281696119999,6,3.220500000000002,5,0,87.22999999999999,32,34,3,0,Ligand_4410
396.208278504,8,2.4591600000000007,4,2,84.5,27,28,3,0,Ligand_4411
398.18754306,10,1.9326,5,2,93.73,27,28,4,0,Ligand_4412
436.203193124,5,2.44522,5,1,84.94000000000001,30,33,3,0,Ligand_4413
401.1773127240001,7,2.791120000000001,4,2,88.16,28,30,3,0,Ligand_4414
408.1355074879999,9,1.9931,6,2,106.87,28,30,4,0,Ligand_4415
431.187877408,9,2.996600000000001,4,2,95.58,30,31,5,0,Ligand_4416
369.172227344,9,1.8642,4,3,104.37,25,25,1,0,Ligand_4417
455.1514919,8,3.323500000000002,8,1,91.68000000000002,32,35,5,0,Ligand_4419
403.192962788,7,3.794190000000003,5,2,76.12,28,30,1,0,Ligand_4420
471.182792028,11,3.4753900000000018,7,2,94.58,33,35,1,0,Ligand_4421
389.177312724,9,2.974000000000002,6,1,73.22,27,29,1,0,Ligand_4422
501.2409756,8,2.43169,7,2,113.66,35,38,2,0,Ligand_4423
391.099062404,5,3.630390000000002,5,2,80.03,28,31,1,0,Ligand_4424
439.221954408,9,1.3790000000000011,6,3,117.0,32,34,5,0,Ligand_4430
432.197297132,8,2.5583,5,2,73.91,31,33,5,0,Ligand_4431
430.201633564,8,2.037699999999999,6,2,83.14,31,33,1,0,Ligand_4432
434.152096528,7,2.6825,5,2,73.91,30,32,1,0,Ligand_4433
442.22162006,9,1.9071999999999991,7,2,92.37,32,34,1,0,Ligand_4434
426.130612136,4,0.4753200000000015,6,2,117.28000000000002,29,30,5,0,Ligand_4435
301.10625596,5,1.5761000000000005,6,1,96.03,22,23,2,0,Ligand_4438
350.12665705599994,5,4.1617200000000025,5,2,88.52,26,28,3,0,Ligand_4441
438.22670543999993,7,1.906420000000001,5,2,90.98,32,34,1,0,Ligand_4444
272.116092372,5,3.1093,4,3,84.58,20,21,4,0,Ligand_4446
312.111006992,4,3.0493200000000007,5,1,73.58,23,25,5,0,Ligand_4447
298.095356928,4,2.7409,5,1,73.58,22,24,5,0,Ligand_4448
427.15657728,10,3.5625000000000018,7,1,82.44999999999999,30,32,1,0,Ligand_4449
390.124942804,8,2.399000000000001,5,1,92.78,27,28,1,0,Ligand_4453
474.1573055519999,9,2.57072,9,2,120.78,33,35,5,0,Ligand_4457
448.1780409959999,7,1.7079199999999997,8,1,110.60000000000002,31,33,5,0,Ligand_4458
497.209675472,7,2.6058200000000005,8,0,87.98000000000002,35,38,2,0,Ligand_4459
350.06849054800006,5,0.7789999999999994,7,2,127.35,24,25,3,0,Ligand_4462
285.151097976,10,3.272900000000001,4,2,78.87,19,19,1,0,Ligand_4464
411.125277152,5,3.0321900000000017,6,2,93.19,29,31,1,0,Ligand_4471
392.13069688,8,2.7611800000000013,6,1,87.78,28,30,5,0,Ligand_4472
379.153206152,5,2.3031,6,1,82.45000000000002,28,31,2,0,Ligand_4473
455.15149190000005,8,3.380990000000001,7,2,94.58,32,35,4,0,Ligand_4474
283.10692465600005,3,1.8453999999999997,6,2,92.41,21,23,1,0,Ligand_4476
451.2331877880001,7,2.83554,8,2,132.17000000000002,33,36,3,0,Ligand_4477
456.24605889200006,7,2.3077,8,2,86.63999999999999,32,36,4,0,Ligand_4479
432.0255588840001,6,3.3131900000000014,5,2,79.78,26,28,3,0,Ligand_4480
488.209341124,11,1.8591999999999995,8,2,111.55,34,37,5,0,Ligand_4481
552.1678702359999,12,3.162000000000001,10,2,133.92000000000002,39,42,5,0,Ligand_4482
325.06200820000004,7,1.7825,5,2,105.84,22,23,2,0,Ligand_4483
337.078407212,6,2.628420000000001,3,2,83.47,23,24,2,0,Ligand_4484
280.189926008,2,0.6331000000000002,4,2,73.8,20,21,3,0,Ligand_4485
423.1794209,9,1.8818000000000004,6,2,98.66000000000004,31,33,2,0,Ligand_4488
456.179755248,8,4.612000000000004,7,1,87.50000000000001,34,37,5,0,Ligand_4490
384.168521868,7,2.2296,5,1,84.94000000000001,28,31,3,0,Ligand_4491
414.06186388,7,1.4783,6,1,109.85000000000002,29,31,4,0,Ligand_4493
367.141972772,5,1.91652,5,0,80.75,27,30,1,0,Ligand_4494
383.136887392,6,1.6167,6,0,89.97999999999999,28,31,1,0,Ligand_4495
321.103479088,5,3.127800000000001,6,0,72.8,22,23,3,0,Ligand_4496
317.12632270800003,5,1.7754199999999998,5,1,77.77,23,25,1,0,Ligand_4497
396.039162492,4,3.222800000000002,5,1,87.57,27,29,2,0,Ligand_4498
314.120132196,4,2.1044,5,2,80.89999999999999,22,24,1,0,Ligand_4500
336.1256115,8,1.6439199999999996,7,2,103.27,23,24,2,0,Ligand_4501
307.096834148,6,1.6504,6,1,82.57000000000001,22,23,3,0,Ligand_4502
289.040878832,4,2.8164000000000007,4,3,100.62000000000002,20,21,1,0,Ligand_4504
470.162390932,8,2.499,8,2,111.55000000000004,33,36,5,0,Ligand_4505
427.258339916,10,1.6736000000000015,6,2,96.33,31,33,5,0,Ligand_4506
466.056190316,8,2.935200000000002,4,1,75.71000000000001,28,30,2,0,Ligand_4507
433.094370948,7,1.9473,10,1,131.96999999999997,30,32,1,0,Ligand_4508
311.174610292,2,3.1367800000000017,3,2,79.27000000000001,23,24,2,0,Ligand_4510
506.1623909319999,6,3.048180000000001,9,0,106.68,36,40,5,0,Ligand_4514
392.120606372,4,2.715740000000001,4,1,75.71000000000001,27,29,2,0,Ligand_4515
488.924503224,8,4.267300000000003,3,1,74.68,25,26,1,0,Ligand_4517
371.1303625320001,5,3.3005200000000023,5,1,81.18,26,28,4,0,Ligand_4518
333.191322976,8,1.8827,9,2,106.85,24,25,5,0,Ligand_4521
474.1460721719999,10,2.4672,7,1,115.15000000000002,33,35,1,0,Ligand_4525
314.07903816799995,4,3.2800400000000014,5,1,89.88000000000001,23,25,2,0,Ligand_4526
335.01313986,1,1.7234999999999996,4,2,87.63,22,24,1,0,Ligand_4527
275.03646214800006,2,1.3522,5,1,84.03,19,21,2,0,Ligand_4529
373.07324158,4,1.6930999999999998,7,1,106.42000000000002,26,28,1,0,Ligand_4531
292.14230712,4,1.0086399999999998,4,2,76.66000000000001,21,22,3,0,Ligand_4532
518.1801491719999,6,2.183699999999999,8,1,119.41,38,42,2,0,Ligand_4533
362.1412615640001,8,3.104620000000001,5,2,101.05,25,26,3,0,Ligand_4535
442.167476312,9,2.29624,7,2,102.32000000000002,31,33,5,0,Ligand_4537
497.2096754720001,8,2.32864,8,1,96.77,35,38,5,0,Ligand_4538
417.118083596,8,3.710200000000003,7,1,73.22,28,30,5,0,Ligand_4539
443.1514919,10,4.605120000000003,6,2,110.53,31,33,2,0,Ligand_4541
365.1276601,3,4.573000000000002,6,0,87.52,28,31,4,0,Ligand_4544
333.04664997200007,5,1.2412,9,2,111.61,22,24,2,0,Ligand_4547
338.136553044,5,1.4455999999999996,7,1,103.04000000000002,24,25,4,0,Ligand_4551
258.111675688,3,3.228540000000001,5,1,79.69999999999999,19,20,5,0,Ligand_4552
339.158291532,8,2.722100000000001,6,2,76.38,25,27,4,0,Ligand_4554
489.129374464,10,2.4273,8,3,139.38,33,34,1,0,Ligand_4556
475.1137244000001,9,2.037199999999999,8,3,139.38,32,33,1,0,Ligand_4557
478.11339005200006,9,2.54362,8,3,139.63,32,33,1,0,Ligand_4558
492.12904011600006,9,2.852040000000001,8,3,139.63,33,34,1,0,Ligand_4559
373.163770836,4,1.7197,5,1,92.08,27,29,3,0,Ligand_4565
352.14230712,6,3.456400000000002,4,2,80.56,26,28,1,0,Ligand_4566
434.19540531199993,5,2.5267,6,1,93.53,32,35,2,0,Ligand_4567
465.237604472,11,1.9722000000000008,7,2,105.56000000000004,34,36,2,0,Ligand_4568
451.221954408,10,1.582100000000001,7,2,105.56000000000004,33,35,2,0,Ligand_4569
448.21105537599993,5,2.6286000000000005,6,1,93.53,33,36,2,0,Ligand_4570
454.185234552,10,1.285400000000001,8,2,120.78,33,35,2,0,Ligand_4580
502.12348056,4,1.6246999999999994,8,2,120.65999999999998,35,38,4,0,Ligand_4586
362.184171932,5,2.198,4,2,95.94,26,27,1,0,Ligand_4589
350.174275944,4,3.0192000000000005,3,3,73.47,26,28,4,0,Ligand_4590
379.108958392,8,2.514900000000001,6,1,90.93,26,27,1,0,Ligand_4598
349.05548334,6,2.8101900000000004,6,2,80.03,23,25,2,0,Ligand_4602
535.155925648,9,1.0485200000000008,10,1,123.07,36,39,5,0,Ligand_4605
538.1192057919999,8,1.4518199999999997,11,1,138.28999999999996,36,39,5,0,Ligand_4606
512.139941236,6,0.589020000000001,10,0,128.11,34,37,5,0,Ligand_4607
446.184171932,6,4.261600000000004,5,1,77.10000000000001,33,36,4,0,Ligand_4608
558.2148204279999,13,4.264000000000004,11,1,123.15000000000002,39,41,1,0,Ligand_4610
426.145868276,8,2.9994000000000014,5,1,84.30000000000001,30,32,5,0,Ligand_4611
430.113332564,8,3.096300000000001,7,2,93.09,29,31,5,0,Ligand_4612
324.033540956,3,3.1588200000000013,3,2,75.27,21,22,3,0,Ligand_4613
454.086843044,8,0.1236000000000002,7,2,132.29,30,32,2,0,Ligand_4616
457.197470976,7,2.1215,10,2,140.35000000000002,34,38,1,0,Ligand_4617
465.181232468,5,3.1780000000000017,6,1,96.77,34,37,4,0,Ligand_4620
306.02451756000005,4,1.5648,6,1,84.84,20,22,5,0,Ligand_4623
440.163059628,5,2.7372,9,1,101.95,31,35,4,0,Ligand_4624
348.05377946,5,2.5437000000000003,8,0,87.31,24,26,3,0,Ligand_4625
299.126991404,5,1.94094,5,1,86.8,22,23,5,0,Ligand_4626
266.126657056,4,2.4435400000000005,5,1,77.52,19,19,3,0,Ligand_4630
351.073431608,5,1.6959,7,2,118.71,24,25,2,0,Ligand_4631
386.0604244,4,3.5029200000000014,5,2,80.05,26,28,4,0,Ligand_4633
404.051002588,4,3.642020000000001,5,2,80.05,27,29,4,0,Ligand_4634
509.227433712,10,0.9712000000000016,9,2,124.02,37,40,2,0,Ligand_4635
450.179086552,5,3.6575000000000015,6,2,95.12,33,37,3,0,Ligand_4636
395.034269228,6,2.6873000000000005,7,1,111.39,26,28,5,0,Ligand_4637
422.988839028,5,3.0962200000000006,6,1,102.16,25,27,5,0,Ligand_4638
422.988839028,5,3.096220000000001,6,1,102.16,25,27,5,0,Ligand_4639
377.05039796000005,6,2.747200000000001,7,1,102.16,25,27,5,0,Ligand_4640
297.07832696,5,0.9111999999999996,6,1,102.16,20,21,5,0,Ligand_4641
352.12052612,6,1.3400999999999992,6,2,114.19,24,26,3,0,Ligand_4642
374.104876056,7,2.0923,6,2,114.19,26,28,5,0,Ligand_4643
390.099790676,7,1.84692,7,2,123.42,27,29,5,0,Ligand_4644
388.12052612,8,1.90612,6,2,114.19,27,29,5,0,Ligand_4645
422.071861676,8,2.0156,8,2,119.51,28,30,5,0,Ligand_4646
376.0663823720001,6,2.30682,6,2,101.05,25,27,5,0,Ligand_4647
406.076947056,8,1.6847,7,2,110.28,27,29,5,0,Ligand_4648
406.076947056,8,2.3971,7,2,110.28,27,29,5,0,Ligand_4649
376.066382372,7,1.6760999999999997,6,2,101.05,25,27,5,0,Ligand_4650
417.132470708,4,2.9289000000000014,5,3,100.13,31,35,5,0,Ligand_4651
435.159434404,6,3.738000000000002,4,3,90.9,32,35,2,0,Ligand_4652
466.0407302800001,5,2.977500000000002,4,3,84.91000000000001,28,30,2,0,Ligand_4653
491.105583032,8,3.5862000000000025,5,3,100.13,31,33,2,0,Ligand_4654
447.079368284,5,3.569600000000003,4,3,90.9,28,30,2,0,Ligand_4655
490.1215674440001,8,3.1129000000000024,5,3,94.14,31,33,2,0,Ligand_4656
476.1059173800001,7,2.722800000000001,5,3,94.14,30,32,2,0,Ligand_4657
360.071467752,7,2.2132000000000005,7,1,76.47000000000001,24,26,1,0,Ligand_4659
502.1852345519999,8,3.088420000000001,8,2,120.78000000000002,37,40,2,0,Ligand_4664
536.274718252,11,1.2765000000000022,9,2,118.03,39,42,2,0,Ligand_4665
472.114962072,8,1.4567999999999997,8,2,128.62,33,35,2,0,Ligand_4666
481.232519092,11,1.5907000000000011,8,2,114.79000000000002,35,37,2,0,Ligand_4667
478.2216200599999,6,2.6372,7,1,102.76,35,38,2,0,Ligand_4668
568.281633472,8,4.000000000000002,5,2,90.98000000000002,40,45,3,0,Ligand_4669
568.281633472,8,4.000000000000003,5,2,90.98000000000002,40,45,3,0,Ligand_4670
383.18450628,7,2.27792,4,2,87.74000000000001,28,29,3,0,Ligand_4671
399.1794209,8,1.9781,5,2,96.97,29,30,3,0,Ligand_4672
506.180149172,10,2.6035000000000004,7,3,139.21,37,40,4,0,Ligand_4674
381.205241724,7,3.0843000000000007,3,2,78.51,28,29,3,0,Ligand_4675
358.098728056,4,2.5932000000000013,4,1,83.55000000000001,25,27,1,0,Ligand_4677
346.135113564,7,2.540820000000001,3,2,75.27,24,25,2,0,Ligand_4679
380.037169124,7,2.487,4,2,80.57000000000001,23,24,3,0,Ligand_4682
484.2209513639999,8,2.926700000000001,7,1,95.56,35,38,3,0,Ligand_4684
448.21105537599993,6,1.7835199999999996,6,1,83.88,33,36,2,0,Ligand_4685
366.121571676,5,2.1095,6,1,86.63,27,29,5,0,Ligand_4686
370.07203464,4,2.7543000000000006,5,1,77.4,26,28,5,0,Ligand_4687
408.13213636,6,2.588800000000001,7,1,95.86,30,32,1,0,Ligand_4688
510.19369106,8,3.7055900000000026,8,1,89.03,36,40,2,0,Ligand_4690
349.1096270879999,6,2.09419,6,2,85.35000000000001,24,26,2,0,Ligand_4691
451.042725736,8,4.095500000000002,7,2,101.29,29,31,3,0,Ligand_4692
333.125945848,5,1.9089,7,2,92.93,23,25,1,0,Ligand_4697
383.105210404,6,2.70814,7,2,110.0,27,29,3,0,Ligand_4699
361.1208604680001,6,1.9015,7,2,110.0,25,27,1,0,Ligand_4700
372.080472876,6,1.6310999999999998,7,2,115.79000000000002,26,28,4,0,Ligand_4701
550.3155204440001,8,3.1076000000000006,6,2,100.20999999999998,40,45,3,0,Ligand_4703
536.336255888,11,3.655020000000001,5,2,90.98000000000002,39,43,3,0,Ligand_4704
339.12190602400005,4,1.96842,6,2,110.94,25,27,5,0,Ligand_4706
528.167870236,12,1.8589,10,2,144.0,37,40,1,0,Ligand_4707
468.183126376,10,3.6376000000000017,5,2,90.98,33,35,4,0,Ligand_4712
469.1307564559999,7,2.862700000000001,9,0,92.12000000000002,33,37,3,0,Ligand_4715
536.139941236,12,1.1585000000000008,10,2,151.84,36,38,1,0,Ligand_4716
423.04558286,5,3.01992,5,2,115.29,28,30,5,0,Ligand_4717
359.14159591200007,5,2.2603600000000004,6,0,80.46000000000001,25,27,5,0,Ligand_4719
465.11068970800005,6,2.12894,7,2,138.43,33,36,4,0,Ligand_4721
361.076612708,5,0.3271000000000001,6,1,96.02,23,24,4,0,Ligand_4725
451.210721028,6,2.5219,5,1,102.17,33,36,2,0,Ligand_4727
416.10420736,7,1.7331999999999994,6,1,109.85,29,31,1,0,Ligand_4730
357.1259458480001,6,2.15824,7,1,81.41,25,27,4,0,Ligand_4731
473.162056584,11,2.3252999999999995,9,1,100.91,33,35,1,0,Ligand_4739
455.1514919,8,3.1426000000000016,8,0,82.89000000000001,32,35,3,0,Ligand_4740
428.130754368,6,2.6983000000000006,9,1,96.73,30,32,5,0,Ligand_4741
353.060090052,4,2.6927000000000003,5,1,81.06,23,25,4,0,Ligand_4742
421.049919292,7,3.454720000000002,6,2,110.53000000000002,28,30,3,0,Ligand_4744
356.2311221239999,8,-0.8255999999999986,7,4,104.47,25,27,2,0,Ligand_4746
381.1589602280001,2,2.967040000000001,5,1,117.7,29,32,4,0,Ligand_4749
329.173941596,9,3.482000000000001,4,2,84.22,24,25,4,0,Ligand_4750
436.08751174,5,1.1006000000000005,6,2,125.01,29,31,2,0,Ligand_4752
255.100776656,4,1.5762999999999998,4,2,74.58,19,20,1,0,Ligand_4753
311.163376912,8,2.161,4,3,73.72,23,24,5,0,Ligand_4755
196.096025624,5,-0.1506000000000009,5,2,79.51,14,14,5,0,Ligand_4756
310.152871804,8,1.9577999999999995,4,3,108.64,22,22,4,0,Ligand_4757
331.09906240399994,5,2.594900000000001,6,2,80.32000000000001,23,25,3,0,Ligand_4758
510.259068188,8,1.6430200000000017,7,3,134.54000000000002,37,40,4,0,Ligand_4759
410.151157552,8,1.91852,6,1,98.07999999999998,28,30,1,0,Ligand_4760
396.135507488,7,1.5284200000000003,6,1,98.07999999999998,27,29,1,0,Ligand_4761
438.161328312,4,4.333120000000004,4,1,79.61999999999999,31,35,4,0,Ligand_4762
418.129549516,9,3.082600000000001,5,2,85.89000000000001,29,31,2,0,Ligand_4763
427.210721028,12,1.825300000000001,5,3,105.76,31,32,3,0,Ligand_4764
452.176978376,11,4.380200000000005,5,2,78.87,32,34,4,0,Ligand_4766
505.221285712,12,3.7454000000000023,7,1,99.22,37,40,4,0,Ligand_4767
520.2209513639999,12,4.056000000000004,7,2,106.56000000000002,38,41,4,0,Ligand_4768
433.176834056,9,2.9749000000000017,5,1,75.02000000000001,30,32,5,0,Ligand_4769
475.1678106600001,7,3.630720000000003,7,1,88.69999999999999,34,37,2,0,Ligand_4770
370.132885308,8,2.577600000000001,3,3,95.5,27,28,3,0,Ligand_4771
318.08518616799995,7,1.2343999999999995,5,3,121.78000000000002,23,24,2,0,Ligand_4772
426.140256432,9,2.5660000000000007,5,2,85.89,30,31,1,0,Ligand_4774
378.21547206,8,2.5272,5,2,85.89,27,28,1,0,Ligand_4775
416.1583511079999,9,1.8773999999999995,7,2,104.35,30,32,1,0,Ligand_4776
356.13722174,6,2.5616000000000003,6,1,82.70000000000002,26,28,4,0,Ligand_4778
428.151826248,6,1.8889,7,1,87.63999999999999,30,33,1,0,Ligand_4779
337.146012596,8,2.0839,5,2,83.96000000000001,23,24,2,0,Ligand_4780
387.125277152,8,1.956,6,2,93.19,27,29,5,0,Ligand_4781
189.065059844,2,0.0569999999999999,5,1,72.7,14,15,1,0,Ligand_4798
457.130756456,6,2.617800000000001,6,2,117.79999999999998,32,35,1,0,Ligand_4799
472.112663868,8,3.8701200000000022,7,1,98.5,32,35,1,0,Ligand_4800
363.059900024,7,4.659600000000004,6,0,73.31,24,26,1,0,Ligand_4802
320.173607248,8,1.9605,4,2,76.66000000000001,23,24,3,0,Ligand_4804
291.06776227600005,4,1.8408,4,2,88.16,20,21,3,0,Ligand_4805
313.142641468,5,2.24936,5,1,86.8,23,24,5,0,Ligand_4806
410.18754306,6,2.5534,5,1,84.94000000000001,28,30,3,0,Ligand_4808
462.1824576799999,9,2.4720000000000004,6,1,94.17000000000002,32,34,3,0,Ligand_4809
319.143310164,2,3.299240000000001,6,1,80.66000000000001,24,27,5,0,Ligand_4810
313.152537456,10,-0.5005,7,3,99.46,22,22,4,0,Ligand_4811
376.163436488,7,1.5774999999999997,7,1,95.86,27,28,4,0,Ligand_4813
446.051104936,8,1.6746,5,1,92.78000000000002,26,27,4,0,Ligand_4815
411.1794209,9,1.9030999999999996,6,2,102.42,30,32,5,0,Ligand_4816
391.210721028,10,2.1821,6,2,102.42000000000002,28,29,2,0,Ligand_4817
391.210721028,11,2.1837,6,2,102.42000000000002,28,29,2,0,Ligand_4818
315.067762276,3,1.90488,7,0,77.14,22,24,5,0,Ligand_4819
381.205241724,3,2.1453999999999995,5,1,83.71,28,31,3,0,Ligand_4820
386.127799928,6,2.944400000000001,5,1,77.10000000000001,28,30,1,0,Ligand_4823
293.12632270800003,8,2.4468000000000005,4,2,92.7,21,21,4,0,Ligand_4824
349.142641468,5,3.352420000000002,6,1,76.71,26,28,2,0,Ligand_4827
332.094311372,4,1.3623999999999998,7,1,83.35999999999999,23,24,3,0,Ligand_4829
448.214426504,8,2.4657,6,0,92.58,31,33,3,0,Ligand_4830
498.157305552,6,2.2424,8,1,127.67,35,38,1,0,Ligand_4831
393.168856216,8,1.8327999999999995,5,2,89.43,29,31,4,0,Ligand_4833
370.200490692,6,0.6719000000000008,5,1,74.65,27,29,5,0,Ligand_4834
400.247440884,12,1.7460000000000016,5,2,83.44,29,30,2,0,Ligand_4835
407.148120772,7,1.552899999999999,6,2,98.66,30,33,2,0,Ligand_4837
533.123226464,5,3.9898000000000033,6,2,108.70999999999998,37,41,4,0,Ligand_4838
445.163770836,7,2.668700000000001,6,2,102.42,33,36,4,0,Ligand_4843
412.199821996,8,2.875120000000001,5,1,77.10000000000001,30,32,1,0,Ligand_4844
354.121571676,6,2.8000000000000007,6,1,90.54,26,28,1,0,Ligand_4845
346.07203464,5,3.285300000000001,5,1,73.47,24,26,1,0,Ligand_4846
546.18314344,6,0.2314200000000019,11,0,124.84,37,41,5,0,Ligand_4847
535.167159028,10,0.610120000000002,11,1,139.61999999999998,36,39,5,0,Ligand_4848
492.18649750399993,8,2.0958,7,1,82.19,33,36,3,0,Ligand_4856
473.00786022,6,2.1463,6,1,78.95,27,29,4,0,Ligand_4857
435.93177408800005,7,3.1488000000000014,4,2,75.27,23,24,3,0,Ligand_4858
431.98131112400006,8,2.5040000000000004,5,2,84.5,24,25,3,0,Ligand_4859
419.96132462800006,7,2.634500000000001,4,2,75.27,23,24,3,0,Ligand_4860
477.1470752160001,7,4.362740000000002,8,2,123.17,34,37,3,0,Ligand_4863
328.0316325,6,0.0920999999999999,3,2,75.27000000000001,20,19,3,0,Ligand_4864
387.100125024,6,1.85052,9,2,125.27,27,29,1,0,Ligand_4867
345.16885621600005,7,1.8023,6,1,76.83,25,27,4,0,Ligand_4873
452.0484025040001,4,4.154220000000003,6,1,82.06,29,32,3,0,Ligand_4875
331.15320615200005,6,1.4122,6,1,76.83,24,26,4,0,Ligand_4876
328.105921612,6,2.881800000000001,6,1,86.73,24,26,4,0,Ligand_4879
336.111006992,3,3.939440000000002,5,1,73.59,25,28,1,0,Ligand_4880
364.11715499200005,4,2.984720000000001,7,1,95.20000000000002,27,30,3,0,Ligand_4881
434.159019804,6,3.408920000000002,8,1,100.52,32,35,3,0,Ligand_4882
314.090271548,5,3.2041000000000013,6,1,86.73,23,25,3,0,Ligand_4883
308.127325752,4,3.298420000000001,5,1,72.95,23,26,5,0,Ligand_4885
292.105921612,5,2.26112,6,1,82.82000000000001,21,22,3,0,Ligand_4886
318.157957184,7,2.787700000000001,5,1,73.59,23,24,2,0,Ligand_4887
340.1535405,5,2.677220000000001,6,1,82.06,25,27,3,0,Ligand_4888
350.163042564,3,4.054700000000002,5,1,78.35000000000001,26,29,4,0,Ligand_4893
363.034747896,4,2.2069199999999998,7,1,90.41,24,27,1,0,Ligand_4896
415.221954408,9,1.9056,9,1,92.31000000000002,30,32,3,0,Ligand_4897
315.147058152,7,2.430600000000001,4,2,83.47,23,24,1,0,Ligand_4901
401.0616313400001,4,2.2899200000000004,8,1,98.88000000000002,27,30,5,0,Ligand_4903
345.12123732799995,7,2.8080000000000007,5,2,94.09,25,26,4,0,Ligand_4904
329.126322708,7,2.973300000000001,4,2,84.86,24,25,4,0,Ligand_4905
425.104541708,7,2.522,8,1,95.47,30,33,1,0,Ligand_4909
507.1827920279999,8,3.896640000000003,8,0,82.77000000000001,36,39,2,0,Ligand_4911
417.135841836,9,3.155990000000002,7,2,98.49,29,31,3,0,Ligand_4912
442.167476312,10,3.348090000000002,7,2,98.24,31,33,3,0,Ligand_4913
309.06709358000006,3,2.223920000000001,4,1,87.81999999999998,21,23,4,0,Ligand_4914
404.209341124,6,0.5857000000000023,5,0,90.46999999999998,27,28,4,0,Ligand_4915
351.158291532,6,2.13452,5,1,73.22,26,28,2,0,Ligand_4917
430.1773723,4,0.181920000000002,7,1,103.40000000000002,29,30,3,0,Ligand_4919
305.05039796,9,1.4059,7,2,103.62000000000002,19,19,1,0,Ligand_4920
412.0325358239999,4,4.984100000000002,4,1,76.74,28,30,2,0,Ligand_4922
354.05533902,5,2.0456,7,1,76.58,23,25,2,0,Ligand_4925
418.0381169360001,4,3.2531000000000017,7,1,83.36,27,29,2,0,Ligand_4927
347.163376912,5,3.077640000000001,4,3,74.25,26,28,5,0,Ligand_4930
446.126005424,6,2.2794,8,1,123.86,31,34,4,0,Ligand_4934
416.11544074,5,2.2708000000000004,7,1,114.63,29,32,4,0,Ligand_4935
392.151826248,4,2.0724,6,1,105.4,27,30,3,0,Ligand_4936
404.09545424400005,4,2.4013,6,1,105.4,28,31,4,0,Ligand_4937
430.131090804,6,1.9484999999999992,7,1,114.63,30,33,4,0,Ligand_4938
430.131090804,6,1.9485,7,1,114.63,30,33,4,0,Ligand_4939
430.131090804,5,2.579220000000001,7,1,114.63,30,33,4,0,Ligand_4940
474.157305552,8,3.059600000000001,8,1,123.86,33,36,4,0,Ligand_4941
400.12052612,5,1.9399,6,1,105.4,28,31,4,0,Ligand_4942
329.08341234,4,2.08852,5,2,83.96000000000001,23,25,2,0,Ligand_4943
406.200490692,4,2.045539999999999,5,1,78.41,30,33,1,0,Ligand_4944
343.18959166,5,2.309,4,2,83.96000000000001,25,27,5,0,Ligand_4945
439.214092156,8,1.8052000000000008,5,1,88.18,30,32,3,0,Ligand_4949
521.1290422039999,8,1.4798000000000002,8,1,114.48,35,38,1,0,Ligand_4951
535.1446922679999,9,1.5223000000000009,8,1,114.48,36,39,1,0,Ligand_4952
423.182792028,5,1.7202000000000002,5,1,88.18,29,32,4,0,Ligand_4953
299.115758024,5,2.883020000000001,3,2,75.63,22,23,2,0,Ligand_4956
378.082032436,5,2.753200000000001,7,1,83.36,25,27,2,0,Ligand_4957
442.042391388,7,1.6525999999999998,5,2,123.39999999999998,28,30,2,0,Ligand_4958
317.048856672,4,2.4058,3,2,83.47,20,21,5,0,Ligand_4964
411.098583736,5,4.332120000000002,5,1,96.0,29,32,4,0,Ligand_4966
388.0729072319999,5,1.6465,6,1,109.85,27,29,4,0,Ligand_4969
360.077992612,5,1.8685,5,1,92.78,25,27,1,0,Ligand_4971
360.077992612,5,1.8685,5,1,92.78,25,27,1,0,Ligand_4972
390.124942804,8,2.3568000000000007,5,2,101.57,27,28,1,0,Ligand_4976
328.10929273999994,7,0.5731000000000002,5,2,101.57,22,22,1,0,Ligand_4977
406.167476312,4,2.4146,6,0,96.61,28,31,3,0,Ligand_4978
449.2348276,7,2.5506200000000003,4,1,86.78999999999999,31,33,4,0,Ligand_4981
493.248918104,10,1.9753999999999996,6,2,86.67999999999999,36,39,5,0,Ligand_4982
252.111006992,4,1.3986,4,2,76.66000000000001,18,18,1,0,Ligand_4983
374.079038168,4,3.545300000000002,4,2,100.9,28,31,4,0,Ligand_4985
398.104876056,6,2.846720000000001,6,2,110.28,28,30,3,0,Ligand_4987
358.073575928,4,2.6089,6,2,110.28,25,27,5,0,Ligand_4990
454.123228552,6,2.1759999999999997,6,0,93.22,30,32,3,0,Ligand_4992
251.079372516,6,0.8657999999999997,3,3,103.7,18,18,1,0,Ligand_4993
418.1728939520001,4,3.5153200000000018,6,2,76.77000000000001,30,33,2,0,Ligand_4995
332.083077992,6,2.625720000000001,4,3,109.49,23,24,4,0,Ligand_4997
382.076947056,5,2.1909,8,0,88.77,25,27,2,0,Ligand_4998
436.1416554879999,7,2.1466000000000003,9,0,107.23,30,32,2,0,Ligand_4999
404.151826248,5,2.746240000000001,7,0,88.77,28,30,2,0,Ligand_5000
449.2063043440001,6,3.848340000000002,8,2,99.53000000000002,33,36,5,0,Ligand_5003
437.195070964,6,2.618500000000001,7,1,91.56,32,35,1,0,Ligand_5004
389.137556088,5,2.37022,6,1,86.24000000000001,29,32,1,0,Ligand_5005
386.177647072,8,3.077100000000001,4,2,73.80000000000001,27,29,4,0,Ligand_5006
287.04635813600004,6,0.2261999999999996,5,2,109.77,19,19,1,0,Ligand_5007
275.101839276,5,0.2062999999999997,7,3,126.63,20,21,4,0,Ligand_5008
406.167476312,6,2.46464,5,2,104.39,28,30,5,0,Ligand_5017
395.1514919,4,1.4485,5,0,87.22999999999999,27,29,1,0,Ligand_5021
439.102433532,5,4.419520000000004,5,1,78.84,30,33,2,0,Ligand_5024
498.2267054400001,4,4.427200000000004,5,1,74.35,37,42,2,0,Ligand_5025
448.077217336,9,3.243100000000002,6,2,97.12,30,32,2,0,Ligand_5026
464.072131956,9,3.9216000000000015,7,2,106.35,31,33,2,0,Ligand_5027
376.12052612,7,1.7227,7,1,97.56,26,28,2,0,Ligand_5028
442.0947052959999,8,2.4677,9,2,124.81000000000002,31,34,2,0,Ligand_5029
416.095454244,8,2.8781000000000008,7,2,106.35,29,31,2,0,Ligand_5030
428.11544074,9,2.747600000000001,8,2,115.58,30,32,2,0,Ligand_5031
428.11544074,9,2.747600000000001,8,2,115.58,30,32,2,0,Ligand_5032
436.1416554879999,9,1.7398999999999998,9,1,116.02,30,32,2,0,Ligand_5033
502.1158346639999,10,2.484900000000001,11,2,143.27,35,38,2,0,Ligand_5034
450.1573055519999,10,2.1762999999999995,9,2,124.81000000000002,31,33,2,0,Ligand_5035
424.097203832,8,2.522800000000001,7,1,97.56,28,30,2,0,Ligand_5036
440.10851746399993,7,3.6753000000000022,6,1,88.33,29,31,2,0,Ligand_5037
434.06156727199993,7,3.8313200000000025,6,2,97.12,29,31,2,0,Ligand_5038
454.072274188,7,3.888300000000002,6,2,97.12,31,33,2,0,Ligand_5039
474.137319056,11,2.6069000000000004,8,2,115.58,33,35,2,0,Ligand_5040
371.073990528,7,3.113700000000001,6,1,85.09,26,28,2,0,Ligand_5041
442.0381169360001,7,3.8107000000000015,7,2,97.12,29,31,2,0,Ligand_5042
426.06096055600005,7,3.342200000000001,7,2,110.26,29,31,2,0,Ligand_5043
372.0892259919999,7,2.631820000000001,7,2,110.26,26,28,2,0,Ligand_5044
426.06096055600005,7,3.342200000000001,7,2,110.26,29,31,2,0,Ligand_5045
457.211389724,6,2.408300000000001,7,1,79.18,34,38,4,0,Ligand_5047
497.1353631679999,9,2.8340000000000005,8,1,104.7,35,38,2,0,Ligand_5048
346.146346944,4,3.682400000000002,5,2,83.98,24,25,5,0,Ligand_5049
356.0242613759999,4,3.954880000000001,4,1,73.98,24,25,5,0,Ligand_5051
395.187877408,6,1.754099999999999,4,1,78.95,27,29,3,0,Ligand_5053
487.282840412,8,0.9555000000000023,6,1,102.5,33,35,1,0,Ligand_5054
398.1841719319999,8,2.566700000000001,5,1,77.1,29,31,4,0,Ligand_5059
526.228362316,13,2.164600000000001,7,1,99.26,35,37,1,0,Ligand_5060
496.181412124,8,1.1384000000000007,7,1,99.26,33,36,1,0,Ligand_5061
498.197062188,10,1.240300000000002,7,1,99.26,33,35,1,0,Ligand_5062
524.212712252,9,1.917000000000001,7,1,99.26,35,38,1,0,Ligand_5063
278.130028184,6,-0.1892999999999987,4,1,75.71000000000001,18,18,1,0,Ligand_5066
404.040540252,5,1.7454999999999998,4,1,75.71000000000001,23,24,3,0,Ligand_5068
522.2334476960001,8,2.7841000000000014,6,1,90.03,35,38,1,0,Ligand_5070
457.134127584,9,0.6890000000000007,7,1,105.25,30,32,1,0,Ligand_5072
354.12494280399994,5,1.0932000000000002,5,1,84.94000000000001,24,26,4,0,Ligand_5073
361.167141964,4,0.3488000000000015,5,0,87.22999999999999,24,25,4,0,Ligand_5074
495.276692412,10,3.0774000000000017,5,1,88.18,34,36,3,0,Ligand_5076
467.245392284,8,2.297200000000001,5,1,88.18,32,34,3,0,Ligand_5077
293.12632270800003,6,1.1793999999999998,4,1,76.07000000000001,21,22,1,0,Ligand_5078
452.1339216,4,4.168720000000002,6,2,76.77000000000001,31,34,2,0,Ligand_5079
406.146346944,5,3.665700000000002,5,1,74.13,29,32,2,0,Ligand_5080
362.147786424,6,1.7636,8,0,85.36,26,28,4,0,Ligand_5081
417.1147124680001,5,4.596320000000003,4,2,88.16000000000001,30,33,3,0,Ligand_5082
279.06776227600005,4,0.5958199999999998,5,2,92.5,19,20,4,0,Ligand_5083
461.089285568,5,0.6112,10,1,142.76999999999998,32,34,4,0,Ligand_5086
482.1235608120001,3,1.7668999999999992,7,0,84.62,33,36,4,0,Ligand_5087
544.1814121240001,8,1.7108000000000003,7,1,99.26,37,41,1,0,Ligand_5088
553.2689045999999,9,3.281220000000003,7,2,105.44,41,45,5,0,Ligand_5089
515.216869028,8,1.8114999999999997,8,1,109.79,38,42,3,0,Ligand_5090
312.122240372,3,0.9676999999999996,4,2,91.4,23,26,4,0,Ligand_5092
375.136510532,6,1.4191999999999998,6,2,104.29,26,29,2,0,Ligand_5093
264.111006992,3,0.4971000000000001,4,1,75.71000000000001,19,21,2,0,Ligand_5095
327.125277152,4,0.3817000000000006,5,2,101.73,22,23,3,0,Ligand_5099
388.156911628,6,1.0903000000000012,5,2,95.73999999999998,27,29,3,0,Ligand_5100
457.1071824760001,6,5.686900000000004,5,1,75.00999999999999,32,34,5,0,Ligand_5101
416.11544074,5,2.2708000000000004,7,1,114.63,29,32,4,0,Ligand_5102
359.1818209120001,6,0.366,10,2,140.35,26,28,1,0,Ligand_5103
345.12978534000007,6,-0.3490000000000003,11,2,153.49,25,27,1,0,Ligand_5104
361.10694172000007,6,0.1194999999999996,11,2,140.35,25,27,1,0,Ligand_5105
439.24442116800014,12,2.2029,10,2,140.35,32,34,1,0,Ligand_5106
489.1236331080001,10,2.3809,10,2,140.35,31,33,1,0,Ligand_5107
449.2287711040001,7,2.2835,10,2,140.35000000000002,33,36,4,0,Ligand_5108
453.22368572400006,8,1.6269999999999996,11,2,149.58,33,36,4,0,Ligand_5109
414.161328312,5,3.0392400000000013,4,0,74.76,29,31,2,0,Ligand_5112
489.114060836,4,1.6696,8,0,116.92000000000002,33,37,4,0,Ligand_5113
489.130459848,4,2.579900000000001,7,0,86.71,33,37,4,0,Ligand_5114
418.136256436,6,3.235720000000001,4,1,83.55000000000001,29,31,3,0,Ligand_5115
430.1133325640001,5,2.7506000000000013,6,0,83.47000000000001,29,32,3,0,Ligand_5116
467.20248191600007,11,2.720300000000001,7,1,95.5,31,33,4,0,Ligand_5117
451.17118178800007,6,1.9401,7,1,95.5,30,33,4,0,Ligand_5118
446.108247184,5,2.763600000000001,7,0,92.7,30,33,4,0,Ligand_5119
468.212117996,11,1.8873999999999995,9,3,142.62,34,36,2,0,Ligand_5120
424.185903248,9,1.488699999999999,8,3,133.39,31,33,2,0,Ligand_5121
400.14951774,8,1.0391999999999997,9,3,146.52999999999997,29,31,2,0,Ligand_5122
506.2562913159999,7,1.3467000000000011,6,1,91.42,35,39,4,0,Ligand_5127
325.142641468,5,2.23092,4,1,74.91,24,26,3,0,Ligand_5130
376.1302182120001,6,1.0120999999999998,6,1,76.46000000000001,26,28,1,0,Ligand_5132
375.15042928,6,3.765520000000003,4,1,76.38,26,28,2,0,Ligand_5135
363.134969244,9,2.496600000000001,5,1,73.22,25,26,5,0,Ligand_5140
392.253588884,9,1.0540000000000007,8,2,102.95000000000002,28,29,5,0,Ligand_5144
447.1715586479999,8,2.9153400000000014,6,0,82.14,31,33,2,0,Ligand_5146
447.171558648,9,3.3221000000000025,6,0,82.13999999999999,31,33,3,0,Ligand_5147
343.141972772,4,3.039620000000002,5,1,77.62,25,27,3,0,Ligand_5153
473.21957146,5,0.5838000000000032,7,0,105.69,32,35,5,0,Ligand_5155
455.167890912,9,3.9033000000000015,6,1,73.22,32,35,5,0,Ligand_5156
365.1209407199999,5,2.8145000000000016,5,1,81.06,25,27,4,0,Ligand_5157
516.2008846159999,10,2.5002000000000013,8,2,120.78,38,41,2,0,Ligand_5158
485.169918836,7,2.7212000000000005,7,3,131.42,36,39,2,0,Ligand_5159
379.099062404,4,3.146600000000001,4,2,78.51,27,30,5,0,Ligand_5161
422.14126156399993,5,3.212600000000002,5,2,81.75,30,33,5,0,Ligand_5162
411.021853408,3,3.9536000000000016,4,2,74.58000000000001,26,29,3,0,Ligand_5163
485.162056584,10,2.300700000000001,7,1,111.4,34,36,3,0,Ligand_5169
396.179755248,5,1.9435,5,0,82.93,29,31,3,0,Ligand_5171
301.10625596000006,5,1.5760999999999998,6,1,96.03,22,23,2,0,Ligand_5172
395.128134276,7,3.283800000000002,6,1,88.57000000000001,29,32,3,0,Ligand_5173
410.08018104,3,2.3576,7,0,95.97,30,33,1,0,Ligand_5174
520.0886546119999,5,1.713,8,1,127.67,35,39,5,0,Ligand_5175
453.27398998,10,2.7362,6,2,77.15,33,35,1,0,Ligand_5177
514.1886056799999,10,2.8977000000000013,9,2,120.78000000000004,36,39,5,0,Ligand_5178
392.184840628,7,2.6649000000000003,5,2,93.09,29,31,4,0,Ligand_5179
342.067427928,5,3.0184000000000006,5,2,86.71000000000001,24,26,2,0,Ligand_5180
343.062676896,3,1.6845,6,1,97.19,24,26,1,0,Ligand_5181
429.143704088,6,2.1578,7,2,115.21,32,35,2,0,Ligand_5183
408.179755248,8,2.0403999999999995,6,2,102.32000000000002,30,32,2,0,Ligand_5184
506.2641535679999,10,1.2679000000000018,8,2,108.8,37,40,2,0,Ligand_5185
469.189608724,7,1.1100399999999997,9,1,113.32,33,36,5,0,Ligand_5186
456.09259712,9,3.403200000000002,9,1,106.56,31,34,5,0,Ligand_5188
447.1794209,7,3.6075000000000026,5,3,100.13,33,36,2,0,Ligand_5189
460.11100276,5,2.940940000000002,4,3,84.91000000000001,29,31,2,0,Ligand_5190
310.044584308,6,1.3427999999999998,4,2,75.27,20,21,3,0,Ligand_5192
363.059900024,6,4.577920000000003,6,0,73.31,24,26,1,0,Ligand_5194
415.15320615200005,5,3.691500000000002,4,2,87.73999999999998,31,34,2,0,Ligand_5198
412.199821996,8,3.0261000000000013,5,2,85.89,30,32,3,0,Ligand_5199
401.13755608800005,5,2.6176000000000004,5,2,93.19,30,33,4,0,Ligand_5200
326.126657056,6,3.022000000000001,5,1,73.47,24,26,1,0,Ligand_5201
345.168856216,8,2.532,6,1,76.83000000000001,25,27,1,0,Ligand_5202
443.131505404,5,3.4219000000000017,5,1,88.60000000000001,31,34,4,0,Ligand_5203
384.168521868,6,2.44252,5,1,77.10000000000001,28,30,1,0,Ligand_5204
379.12019177200006,5,0.9430999999999998,7,1,101.47,26,28,1,0,Ligand_5205
549.204590092,10,2.7787000000000006,8,2,121.69,39,43,3,0,Ligand_5210
284.090940244,3,1.8174,7,1,96.17,21,23,1,0,Ligand_5211
485.991875808,4,3.321200000000002,6,1,84.94,28,31,1,0,Ligand_5212
391.1453439,9,2.6335200000000007,5,1,81.7,27,28,3,0,Ligand_5214
400.12052612,4,2.570620000000001,6,1,105.4,28,31,4,0,Ligand_5215
338.126657056,7,3.192200000000001,5,1,73.59,25,27,4,0,Ligand_5223
286.098728056,5,0.4657400000000006,4,2,98.48999999999998,19,19,2,0,Ligand_5225
395.187877408,8,2.908300000000001,6,2,97.39,27,28,4,0,Ligand_5226
411.109817116,4,2.888740000000001,6,1,94.44,29,32,5,0,Ligand_5227
449.186317848,6,2.2202,7,1,83.60999999999999,33,37,5,0,Ligand_5228
374.104876056,7,1.768599999999999,6,2,114.19,26,28,5,0,Ligand_5229
332.123302992,5,-0.8644999999999989,5,4,124.16,24,26,1,0,Ligand_5232
303.121906024,6,1.8031,4,3,106.58,22,23,1,0,Ligand_5233
357.12460845600003,6,1.6676,6,0,82.14,24,25,4,0,Ligand_5234
308.026705988,2,1.2417999999999998,5,1,84.82999999999998,21,22,4,0,Ligand_5235
482.18754306,12,4.388800000000004,6,2,88.10000000000001,34,36,4,0,Ligand_5236
368.044247872,5,3.8243800000000014,5,1,83.21,25,26,5,0,Ligand_5237
318.161328312,6,0.7334000000000003,4,1,75.71000000000001,21,22,3,0,Ligand_5239
431.187877408,8,3.162320000000001,5,2,87.74000000000001,30,32,5,0,Ligand_5241
388.10276788,8,3.702320000000003,7,1,77.0,26,28,1,0,Ligand_5246
402.118417944,8,4.090820000000004,7,1,77.0,27,29,1,0,Ligand_5248
472.1668076159999,5,3.155420000000002,6,1,102.01,33,36,4,0,Ligand_5249
422.1702531840001,6,2.626500000000001,9,2,112.42,31,34,5,0,Ligand_5250
486.166997644,10,2.30652,7,2,111.42999999999998,34,36,1,0,Ligand_5251
466.22162006,10,1.9615399999999987,7,2,111.42999999999998,34,36,1,0,Ligand_5252
377.12094072,5,1.9378,4,1,79.37,26,28,3,0,Ligand_5253
451.177706648,8,3.1282400000000017,7,1,110.97,31,33,5,0,Ligand_5254
478.224991188,10,2.58354,6,2,113.62000000000002,33,35,3,0,Ligand_5255
464.172955616,6,2.095860000000001,7,0,113.26,32,34,3,0,Ligand_5256
436.12052612,6,3.6736400000000025,6,1,105.4,31,34,5,0,Ligand_5257
456.226036744,7,3.1361000000000017,7,0,89.29,33,36,1,0,Ligand_5260
357.157622836,6,3.047620000000002,5,1,77.62,26,28,3,0,Ligand_5264
446.108247184,6,2.4170000000000007,7,1,101.49,30,33,4,0,Ligand_5265
408.1289826280001,3,2.3505000000000003,6,0,83.47000000000001,27,30,4,0,Ligand_5266
446.108247184,6,2.4170000000000007,7,1,101.49,30,33,4,0,Ligand_5267
489.114060836,4,1.6696,8,0,116.92000000000002,33,37,4,0,Ligand_5268
465.186831852,7,2.4743000000000004,7,1,95.5,31,34,4,0,Ligand_5269
453.18683185200007,10,2.3302000000000005,7,1,95.5,30,32,4,0,Ligand_5270
452.231122124,10,4.263900000000004,5,1,84.94,33,35,5,0,Ligand_5272
471.182792028,7,3.105800000000001,5,1,96.02,33,36,4,0,Ligand_5273
359.18450627999994,8,1.0311000000000006,4,1,78.95,26,28,1,0,Ligand_5274
413.13869896,7,3.463620000000001,7,2,102.68,30,32,2,0,Ligand_5275
452.080885072,7,3.919600000000004,8,0,91.1,30,32,3,0,Ligand_5276
207.100776656,3,0.9011000000000003,4,1,77.57,15,15,2,0,Ligand_5277
365.1851749760001,5,3.4139,7,2,87.22,27,30,4,0,Ligand_5278
453.135841836,6,3.4722200000000027,6,2,96.97,32,35,4,0,Ligand_5280
462.22670543999993,7,3.0450000000000017,6,1,95.48,34,37,5,0,Ligand_5281
400.247440884,8,2.4842000000000004,5,2,87.19999999999999,29,31,5,0,Ligand_5282
421.13861870800014,6,2.1023,10,2,128.46,31,34,4,0,Ligand_5283
375.12190602400005,4,3.183620000000001,7,0,93.69,28,30,2,0,Ligand_5284
287.00344776800006,5,0.4443,6,2,109.25,18,19,5,0,Ligand_5286
357.121237328,8,2.4930000000000003,6,1,90.93,26,27,4,0,Ligand_5287
254.97723302,1,1.1907,6,1,84.56,16,18,5,0,Ligand_5288
436.166807616,11,2.1282,6,2,102.96,30,31,3,0,Ligand_5294
413.162056584,7,1.0528000000000004,6,1,105.25,28,29,4,0,Ligand_5295
431.103873012,6,2.5132200000000005,7,1,115.84,30,32,3,0,Ligand_5297
394.113332564,3,2.1045000000000003,6,0,83.47,26,29,4,0,Ligand_5299
366.04410564,7,1.9909,5,2,84.50000000000001,24,25,1,0,Ligand_5305
414.116189688,5,2.2307999999999995,6,2,93.09,29,32,5,0,Ligand_5306
383.1818209120001,8,0.6424999999999991,10,2,140.35,28,30,1,0,Ligand_5307
317.1487894680001,6,1.9483,8,1,89.47,23,24,5,0,Ligand_5308
231.112010036,2,0.7125399999999997,6,2,85.83,17,18,3,0,Ligand_5310
374.093642676,6,1.1985999999999997,5,1,92.78,26,28,1,0,Ligand_5311
338.130028184,5,1.6278999999999997,4,1,83.55000000000001,23,24,1,0,Ligand_5312
360.077992612,4,1.78682,5,1,92.78,25,27,1,0,Ligand_5313
439.083806264,6,1.9928000000000003,6,2,125.79,31,34,1,0,Ligand_5314
449.08121942,7,4.0715600000000025,6,2,110.53000000000002,30,32,3,0,Ligand_5315
428.1331989799999,10,2.1218,9,2,134.04000000000002,31,33,3,0,Ligand_5316
518.105802572,5,5.031000000000003,6,2,97.97,35,39,2,0,Ligand_5318
415.19948764800006,8,2.2508,7,1,93.14,30,31,4,0,Ligand_5321
416.183503236,9,2.583500000000001,7,1,99.13000000000002,30,31,4,0,Ligand_5322
504.172145004,6,4.392620000000002,8,1,95.45,37,41,4,0,Ligand_5323
326.22055744,8,1.776899999999999,4,2,84.5,23,23,4,0,Ligand_5324
480.146740868,8,2.779740000000001,8,2,115.34,34,37,2,0,Ligand_5325
467.205635648,9,1.7183,8,1,100.79,34,37,2,0,Ligand_5326
526.22162006,8,2.937220000000001,7,2,111.43,39,43,1,0,Ligand_5327
440.217203376,5,0.7561000000000011,9,0,94.60000000000002,32,35,4,0,Ligand_5328
444.1757324880001,5,-0.8422999999999985,11,0,124.81,32,35,4,0,Ligand_5331
411.19065428,5,0.5551000000000001,9,0,91.36,30,33,2,0,Ligand_5332
425.206304344,5,0.9258000000000006,9,0,91.36,31,34,4,0,Ligand_5333
392.253588884,8,-0.2661999999999975,9,1,88.53,28,30,4,0,Ligand_5334
444.212117996,7,0.0212000000000018,10,0,107.74,32,35,4,0,Ligand_5335
424.222288756,6,0.3737000000000021,8,1,108.15,31,34,4,0,Ligand_5336
491.126339772,7,1.8888199999999995,10,1,120.61,35,39,1,0,Ligand_5337
391.166269372,5,3.352500000000002,4,2,83.96000000000001,27,29,5,0,Ligand_5338
398.137890436,4,4.148420000000002,7,0,75.08,30,34,5,0,Ligand_5339
418.1133325640001,8,2.4956000000000005,6,2,101.05,28,30,2,0,Ligand_5340
452.0976825000001,7,3.335720000000002,6,2,101.05,31,34,2,0,Ligand_5341
420.09259712,9,2.0748,7,2,110.28,28,30,5,0,Ligand_5342
488.118811868,6,1.9464,8,1,110.72,33,37,2,0,Ligand_5343
354.0820324360001,4,1.3242999999999996,6,0,83.47000000000001,23,25,5,0,Ligand_5344
506.1570089440001,10,1.8273,8,2,107.53,34,37,5,0,Ligand_5345
488.166430756,9,1.2458000000000016,8,1,98.74,33,36,5,0,Ligand_5346
384.15460312,8,1.4206999999999992,8,3,137.29999999999998,28,30,2,0,Ligand_5347
386.050732308,4,2.4308000000000005,9,1,111.0,26,28,5,0,Ligand_5348
382.1133325640001,5,2.0067,6,1,92.26,25,27,5,0,Ligand_5349
327.121906024,4,2.544270000000001,5,1,84.21,24,26,1,0,Ligand_5350
457.203527472,8,3.166000000000002,4,2,95.58,32,34,3,0,Ligand_5351
431.1514919,8,2.3014,5,2,104.81000000000002,30,32,3,0,Ligand_5352
449.117604928,8,2.6239000000000017,4,2,95.58,30,32,3,0,Ligand_5353
384.118217612,6,0.7506999999999988,9,3,146.52999999999997,28,31,2,0,Ligand_5355
400.08751174,8,0.5116199999999999,10,2,125.54,26,27,5,0,Ligand_5357
416.176978376,8,3.096300000000001,4,2,84.5,29,31,3,0,Ligand_5358
406.138484692,7,3.457620000000002,4,2,75.27,27,29,3,0,Ligand_5359
449.271213108,9,3.3179200000000018,4,2,78.50999999999999,31,33,3,0,Ligand_5360
403.064506736,7,3.879400000000003,4,1,76.38,27,29,4,0,Ligand_5361
357.043771292,7,2.2831,5,1,85.61,23,24,4,0,Ligand_5362
514.2613766960001,12,3.368000000000002,5,3,107.61,36,38,3,0,Ligand_5363
499.22532553600007,7,2.4735,6,2,111.71,35,38,3,0,Ligand_5364
452.209341124,5,0.6328000000000018,6,0,82.63,31,34,5,0,Ligand_5365
509.26719034799993,9,0.6125000000000038,7,1,94.66,35,38,3,0,Ligand_5366
367.125357404,8,3.3096000000000023,4,1,76.38,25,26,3,0,Ligand_5367
397.135922088,10,3.0786000000000016,5,1,85.61,27,28,3,0,Ligand_5368
426.218843188,9,2.431660000000001,5,2,93.73,29,30,3,0,Ligand_5369
386.1048760559999,8,2.8858000000000006,7,2,110.26,27,29,2,0,Ligand_5370
531.15946974,10,3.8576000000000015,7,1,92.09,36,39,4,0,Ligand_5373
339.12190602400005,6,1.8283,6,1,86.36,25,27,4,0,Ligand_5374
436.247440884,11,4.457300000000004,6,2,75.72000000000001,32,34,4,0,Ligand_5376
409.2001563440001,10,4.152000000000003,6,2,81.71000000000001,30,32,4,0,Ligand_5377
428.1596885,5,3.8693000000000017,8,2,107.1,32,36,1,0,Ligand_5379
395.114902496,4,3.3813000000000004,6,2,95.06,28,31,1,0,Ligand_5380
331.144453036,5,1.1163,6,3,106.06,24,26,1,0,Ligand_5381
347.114902496,5,1.6306,6,3,106.06,24,26,1,0,Ligand_5382
479.216869028,9,3.156400000000001,9,3,119.76000000000002,35,38,1,0,Ligand_5383
357.07832696,5,3.2948000000000004,7,2,86.48,25,27,4,0,Ligand_5386
436.1270509799999,8,0.8744000000000001,7,2,132.29,32,35,2,0,Ligand_5392
373.1610854680001,8,0.4311999999999999,11,2,153.49,27,29,1,0,Ligand_5393
411.215806408,7,3.4319400000000018,4,3,90.90000000000002,30,32,2,0,Ligand_5397
310.062342548,2,-0.3100999999999998,5,0,83.99000000000001,21,23,1,0,Ligand_5398
411.215806408,8,3.455000000000002,5,3,88.69,30,32,3,0,Ligand_5399
415.986396504,7,2.803820000000001,4,2,75.27000000000001,23,24,3,0,Ligand_5400
468.146740868,8,3.088300000000002,8,1,106.79,33,36,2,0,Ligand_5401
409.109627088,4,3.160620000000001,5,3,98.74,29,32,4,0,Ligand_5402
499.1954648879999,9,2.0152999999999994,10,1,119.25,36,39,2,0,Ligand_5403
452.205969996,11,0.6748000000000032,7,2,111.42999999999998,33,35,3,0,Ligand_5404
308.06761795600005,5,1.7469,6,1,86.11,21,22,4,0,Ligand_5405
346.127719676,7,1.2701999999999998,8,1,112.41,25,26,4,0,Ligand_5406
475.214092156,9,3.7250200000000033,6,1,101.74,33,35,3,0,Ligand_5407
402.124942804,8,2.3091,4,2,103.78,28,30,4,0,Ligand_5408
294.067427928,4,1.7961399999999998,4,2,102.4,20,21,2,0,Ligand_5409
410.070320388,6,2.3784,5,1,84.94,27,29,3,0,Ligand_5411
474.190319932,10,2.8816000000000006,7,2,115.34,35,38,1,0,Ligand_5413
490.185234552,10,1.4971000000000014,8,2,124.57,36,39,1,0,Ligand_5414
514.185234552,5,2.4378,8,1,106.1,38,43,3,0,Ligand_5416
496.232184744,10,1.4018000000000013,8,2,114.89,36,39,5,0,Ligand_5417
430.086843044,8,1.1922000000000004,8,1,142.07999999999998,28,29,5,0,Ligand_5419
442.167476312,7,3.187960000000002,6,1,93.53,31,33,5,0,Ligand_5420
456.183126376,8,3.4419400000000024,6,1,93.53,32,34,5,0,Ligand_5421
472.178040996,9,2.565840000000001,7,1,102.76,33,35,5,0,Ligand_5422
462.112853896,8,3.2002400000000017,5,2,104.39,31,33,5,0,Ligand_5423
512.2093411239999,7,3.460980000000003,7,0,96.19,36,39,3,0,Ligand_5424
457.167141964,8,4.257440000000003,6,1,101.74,32,34,5,0,Ligand_5425
522.124291172,10,1.5016400000000003,8,2,161.89999999999998,35,37,5,0,Ligand_5426
449.198442092,8,3.580340000000003,6,1,101.74,31,33,4,0,Ligand_5427
353.140927216,5,1.2857999999999996,6,1,84.55,24,26,2,0,Ligand_5428
460.178040996,8,1.6307,8,1,97.02,32,35,2,0,Ligand_5429
364.163436488,8,0.6996000000000004,6,2,110.8,26,26,4,0,Ligand_5430
509.216200332,8,1.6090000000000004,7,2,125.48000000000002,37,40,2,0,Ligand_5433
308.13722174,8,0.9821999999999996,5,2,93.73,22,22,4,0,Ligand_5434
351.1794209,10,0.6996000000000016,6,3,119.75,25,25,5,0,Ligand_5435
222.100442308,5,-0.1952999999999998,4,2,81.42,16,16,4,0,Ligand_5436
377.158685456,7,0.1930000000000014,6,2,114.04,27,28,2,0,Ligand_5437
261.068430972,2,0.8699999999999998,7,1,78.21000000000001,18,20,2,0,Ligand_5439
373.163770836,4,1.2179999999999995,6,0,81.08000000000001,27,29,3,0,Ligand_5441
323.126991404,5,2.4339000000000004,5,1,73.22,24,26,1,0,Ligand_5443
422.144632692,8,3.000900000000001,6,2,101.05,28,30,5,0,Ligand_5444
430.113332564,5,2.5791000000000013,6,1,92.26,29,32,5,0,Ligand_5445
418.113332564,7,2.8716000000000017,6,2,101.05,28,30,5,0,Ligand_5446
394.076947056,7,1.9036,7,2,114.19,26,28,2,0,Ligand_5447
445.0878460880001,5,2.4415000000000004,7,2,121.36,30,33,2,0,Ligand_5448
448.08751174,6,2.500300000000001,8,1,110.72,30,33,2,0,Ligand_5449
476.118811868,8,2.2205000000000004,8,1,110.72,32,35,2,0,Ligand_5450
436.1602827560001,6,3.2249000000000008,6,2,101.05,29,32,4,0,Ligand_5451
438.17593282000007,9,3.4246000000000016,6,1,92.26,29,31,4,0,Ligand_5452
440.118811868,8,1.4552999999999998,8,2,127.35,29,31,4,0,Ligand_5453
412.123897248,8,1.5385999999999995,7,2,110.28,27,29,4,0,Ligand_5454
410.1446326920001,8,2.6923000000000004,6,2,101.05,27,29,4,0,Ligand_5455
495.233782044,13,3.404300000000002,7,2,104.29,33,35,4,0,Ligand_5456
165.053826464,2,-0.7206000000000001,3,2,99.07,12,12,2,0,Ligand_5459
451.1201917719999,5,3.328820000000002,8,1,91.56,32,35,3,0,Ligand_5460
421.200156344,9,2.959600000000001,5,1,80.64,31,33,4,0,Ligand_5461
379.120191772,4,1.1538999999999997,6,2,110.96,26,27,4,0,Ligand_5462
338.22055744,8,1.8491999999999995,5,3,79.82,24,24,5,0,Ligand_5464
346.029124272,5,3.3062000000000014,6,1,80.89999999999999,23,25,4,0,Ligand_5466
321.08956034,8,0.5090000000000003,7,2,123.99,22,23,4,0,Ligand_5467
236.036796496,3,0.8828899999999995,6,1,72.94,16,17,4,0,Ligand_5468
414.136176184,4,2.1738,7,1,84.0,29,31,1,0,Ligand_5472
387.16818752,7,3.056220000000001,6,1,86.85000000000001,28,30,3,0,Ligand_5474
355.144453036,5,2.61702,6,2,95.06,26,28,2,0,Ligand_5475
436.085970452,8,2.6149000000000013,4,2,103.78,29,31,4,0,Ligand_5476
323.09060589600006,3,1.5669999999999995,6,1,90.29,24,26,5,0,Ligand_5477
292.145678248,7,0.2008000000000007,4,1,75.71000000000001,19,19,1,0,Ligand_5478
316.178692628,1,3.1675000000000018,3,3,78.43,23,24,3,0,Ligand_5479
366.144038436,5,0.2490999999999992,8,1,103.28,27,29,4,0,Ligand_5480
403.120191772,7,2.263699999999999,6,1,101.62,28,30,4,0,Ligand_5482
428.13722174,4,4.263420000000004,6,0,81.87,32,36,1,0,Ligand_5483
335.046358136,4,1.9568,5,2,101.93,23,25,1,0,Ligand_5484
389.133533328,5,0.8164399999999989,9,2,141.51,28,29,3,0,Ligand_5485
366.045646928,7,1.2691,7,2,114.19,24,26,5,0,Ligand_5486
409.0789109119999,5,1.1614199999999997,9,2,141.51,28,29,3,0,Ligand_5487
389.133533328,6,0.7619999999999996,9,2,141.51000000000002,28,29,3,0,Ligand_5488
419.187877408,7,2.5852000000000004,5,0,79.69,29,31,4,0,Ligand_5489
405.172227344,6,2.0989000000000004,5,1,88.47999999999999,28,30,5,0,Ligand_5490
421.167141964,8,1.4794000000000005,6,1,97.71,29,31,5,0,Ligand_5491
435.182792028,8,1.8679,6,1,97.71,30,32,5,0,Ligand_5492
455.1514919,5,1.7978199999999995,6,1,97.71,32,35,5,0,Ligand_5493
455.1514919,6,1.5319000000000005,6,1,97.71,32,35,5,0,Ligand_5494
445.203527472,4,2.9240000000000013,5,0,79.69,31,34,5,0,Ligand_5495
449.198442092,9,2.3508,6,1,97.71,31,33,5,0,Ligand_5496
504.204255744,5,2.1103,7,0,109.23,35,38,5,0,Ligand_5497
510.19369106,5,2.0047,7,0,92.16,36,40,5,0,Ligand_5498
351.114043772,8,2.32822,5,1,85.61,24,25,4,0,Ligand_5499
404.140592868,5,2.538800000000001,6,0,85.67999999999999,28,30,5,0,Ligand_5500
378.124942804,7,2.0046,6,0,85.67999999999999,26,27,5,0,Ligand_5501
346.2368762,10,2.4376,4,3,73.47,25,26,2,0,Ligand_5503
389.166079344,6,4.155620000000003,4,1,76.38,27,29,2,0,Ligand_5504
546.1283139320001,6,4.237100000000003,7,1,96.68,38,44,1,0,Ligand_5507
180.07675298009,3,-0.7324999999999988,3,2,79.56,13,13,4,0,Ligand_5509
426.136176184,5,2.232,5,1,95.6,30,33,3,0,Ligand_5510
422.093642676,2,3.5073200000000027,6,0,83.97000000000001,30,34,5,0,Ligand_5511
516.202027488,12,1.501,9,2,129.89,37,39,1,0,Ligand_5513
528.222013984,13,1.3705000000000016,10,2,139.12,38,40,1,0,Ligand_5514
538.242749428,10,2.12124,9,2,129.89,39,42,3,0,Ligand_5515
538.2427494279999,11,2.0668,9,2,129.89,39,42,3,0,Ligand_5516
458.162390932,8,0.6530000000000007,7,2,119.27,32,34,1,0,Ligand_5518
480.167870236,6,-0.3405999999999971,9,0,127.99,33,35,5,0,Ligand_5519
460.141655488,7,0.1827000000000012,8,1,119.71,32,34,4,0,Ligand_5520
456.146740868,4,0.4425999999999996,7,0,101.69,32,35,5,0,Ligand_5521
503.1638681519999,5,0.3456000000000001,8,0,104.93,35,38,5,0,Ligand_5522
490.152220172,7,0.5379000000000012,9,0,120.15000000000002,34,36,4,0,Ligand_5523
452.140592868,7,4.559800000000003,6,2,97.75,32,35,4,0,Ligand_5524
470.106705896,6,5.5130200000000045,5,2,88.52,32,35,4,0,Ligand_5525
446.195405312,8,3.8584200000000033,6,0,96.61,33,36,1,0,Ligand_5527
346.164105184,5,2.0193,7,0,80.93,25,27,1,0,Ligand_5528
461.1620565840001,10,1.9101000000000008,8,0,102.05999999999996,32,34,5,0,Ligand_5529
440.125336728,7,1.1214000000000004,9,0,125.12,30,32,1,0,Ligand_5530
463.104935632,6,0.8973000000000007,9,0,132.26999999999998,32,35,1,0,Ligand_5531
429.172227344,8,2.3755999999999995,4,3,104.37,30,32,3,0,Ligand_5532
476.2084502600001,6,2.29712,8,2,107.75999999999998,35,39,1,0,Ligand_5533
405.180089596,6,3.1266000000000007,7,2,104.29,30,33,1,0,Ligand_5534
372.179755248,8,1.0917000000000006,8,0,80.28,27,29,4,0,Ligand_5535
388.156911628,7,1.5393999999999992,8,1,82.05000000000001,27,29,4,0,Ligand_5536
505.184900204,8,4.147620000000003,9,2,124.64,37,40,5,0,Ligand_5537
261.11134134,4,2.0523,4,2,76.24000000000001,19,20,5,0,Ligand_5540
376.0335013880001,3,3.779980000000002,5,2,87.87,23,25,2,0,Ligand_5542
300.074621484,2,1.2517,7,2,122.62000000000002,22,24,5,0,Ligand_5543
302.062674808,2,0.2515999999999992,4,2,91.4,21,22,5,0,Ligand_5544
403.16310214,11,2.813500000000001,6,2,103.32,29,30,4,0,Ligand_5546
340.0396889560001,4,0.2877000000000002,4,2,95.74,22,23,3,0,Ligand_5549
305.137556088,2,2.4936000000000007,7,1,94.73,22,24,5,0,Ligand_5551
382.06890306,3,1.9655,4,2,91.4,27,29,5,0,Ligand_5553
307.11437603199994,2,1.2656,3,2,78.51,21,22,2,0,Ligand_5554
277.152537456,5,-1.2547999999999988,6,4,108.25,19,19,3,0,Ligand_5555
357.13002609599994,6,2.3034,3,2,78.51,25,26,5,0,Ligand_5556
291.14437278400004,5,0.4280199999999998,9,0,98.92,21,22,4,0,Ligand_5557
354.05533902,5,2.0456,7,1,76.58,23,25,2,0,Ligand_5559
429.147075216,10,2.1391,9,1,100.39,30,32,3,0,Ligand_5560
319.023846776,2,1.213,5,1,74.91,21,23,2,0,Ligand_5561
291.08552051600003,5,1.1855,8,1,117.54,21,22,2,0,Ligand_5562
289.103811348,1,1.37718,3,2,81.99000000000001,20,20,2,0,Ligand_5564
431.166805528,6,2.2189999999999994,5,2,96.97,30,31,3,0,Ligand_5565
360.027219992,5,1.4908400000000004,5,2,106.32999999999998,22,23,5,0,Ligand_5566
449.056067292,7,3.0360000000000014,8,2,132.39999999999998,30,32,1,0,Ligand_5568
384.13213636,4,0.2703999999999997,8,0,96.6,28,32,5,0,Ligand_5569
420.135507488,10,2.928100000000001,5,3,121.79999999999998,29,30,3,0,Ligand_5570
454.1740011719999,7,2.4830000000000005,7,3,125.4,33,36,2,0,Ligand_5572
350.075884436,4,2.2043,4,2,89.25999999999999,23,25,5,0,Ligand_5573
435.15042928,10,5.250900000000004,4,2,75.63,31,33,1,0,Ligand_5574
436.097407728,6,-0.2543999999999984,8,0,111.68,28,30,4,0,Ligand_5575
385.130756456,4,0.7224000000000002,7,1,97.41,26,28,5,0,Ligand_5577
418.119857424,5,1.8743,8,1,108.16,29,31,4,0,Ligand_5579
353.033396636,3,3.667320000000002,4,2,80.32000000000001,23,24,2,0,Ligand_5582
478.011051692,5,2.6893,4,2,81.75,29,31,2,0,Ligand_5583
328.117154992,5,1.9679,7,1,106.68,24,26,5,0,Ligand_5586
281.11642672,3,3.320820000000002,4,1,75.00999999999999,21,22,2,0,Ligand_5588
433.011089172,4,2.633300000000001,4,2,95.58,28,30,4,0,Ligand_5590
380.184840628,2,2.6281800000000013,7,1,91.82,28,31,2,0,Ligand_5593
356.167082388,2,3.269400000000002,6,1,73.36000000000001,25,27,2,0,Ligand_5594
342.124738908,2,2.916780000000001,5,1,73.36,24,26,2,0,Ligand_5595
342.07866130800005,4,2.497320000000001,8,0,83.04,24,27,4,0,Ligand_5596
373.152537456,9,2.7232200000000004,5,2,94.09,27,28,4,0,Ligand_5598
223.085795288,2,1.3922599999999998,5,1,91.42,17,18,4,0,Ligand_5600
398.083804176,4,0.4137999999999993,6,3,126.2,28,31,5,0,Ligand_5601
311.14159591200007,7,1.5997400000000002,6,1,89.25,21,22,1,0,Ligand_5602
333.0895603400001,4,1.5505399999999998,7,1,98.48,23,25,2,0,Ligand_5603
352.089306244,7,1.2091999999999998,4,2,98.49,24,25,4,0,Ligand_5607
278.101504928,5,1.0827999999999998,6,2,98.36,20,21,3,0,Ligand_5608
331.1102957840001,5,1.2621399999999998,6,1,89.25000000000001,23,25,5,0,Ligand_5609
308.12598836,3,1.38912,6,1,74.22000000000001,22,24,3,0,Ligand_5611
474.2366014279999,13,3.651640000000002,6,2,118.16,34,35,5,0,Ligand_5612
423.1906542800001,7,2.620400000000001,8,1,108.23,31,33,3,0,Ligand_5614
347.08051538800004,3,1.1388,7,2,111.99,25,27,1,0,Ligand_5618
382.15624293200005,5,2.609320000000001,6,1,84.94,26,28,5,0,Ligand_5619
454.142324184,10,3.070780000000002,10,1,124.18,32,34,2,0,Ligand_5621
373.03441146,4,2.0815,5,2,91.65,25,27,2,0,Ligand_5622
355.099062404,5,2.6802800000000007,4,1,90.27,25,27,5,0,Ligand_5624
292.049092496,3,-0.4355000000000004,10,3,150.76999999999998,20,22,5,0,Ligand_5629
359.085223908,6,2.540800000000001,7,1,81.93,25,27,3,0,Ligand_5630
329.093104432,3,2.9373400000000016,4,1,74.89,23,24,4,0,Ligand_5633
454.22162006,4,4.2336000000000045,8,1,98.42,33,36,5,0,Ligand_5638
518.219905808,5,2.3563,7,0,109.23,36,39,5,0,Ligand_5640
523.2253255359999,5,2.799400000000001,7,0,95.82,37,41,5,0,Ligand_5641
478.18860568,6,1.4833000000000005,7,0,109.23,33,35,5,0,Ligand_5642
492.167870236,4,0.4737000000000015,8,0,118.45999999999998,34,37,5,0,Ligand_5643
496.178040996,4,1.5218000000000007,7,0,92.16,35,39,5,0,Ligand_5644
530.1390686439998,4,2.1752,7,0,92.16,36,40,5,0,Ligand_5645
543.2039213959999,10,2.3293,8,1,116.17,38,41,5,0,Ligand_5646
504.2406412519999,8,1.9438000000000013,7,1,100.95,35,38,5,0,Ligand_5647
405.172227344,7,2.3358000000000008,5,1,88.47999999999999,28,30,5,0,Ligand_5648
464.2093411239999,9,1.113900000000002,7,1,100.95,32,34,5,0,Ligand_5649
465.193356712,9,1.5872000000000002,7,1,106.94,32,34,5,0,Ligand_5650
323.082743644,7,1.6296999999999997,5,1,85.61,22,23,4,0,Ligand_5651
381.124608456,8,2.25282,6,0,86.05,26,27,4,0,Ligand_5652
387.094057276,6,3.631020000000002,4,1,76.38,27,29,4,0,Ligand_5653
434.223928568,11,3.905720000000003,5,1,79.62,30,31,4,0,Ligand_5654
454.19262844,10,4.202320000000004,5,1,79.62,32,34,4,0,Ligand_5655
361.134779216,6,3.4883000000000024,4,1,76.38,25,27,2,0,Ligand_5656
391.1453439,6,3.7147000000000014,5,1,85.61,27,29,2,0,Ligand_5657
399.114043772,7,3.5005200000000016,5,1,85.61,28,30,4,0,Ligand_5658
460.127977496,8,2.724400000000001,6,1,88.85000000000001,31,33,4,0,Ligand_5659
405.085778336,8,3.038600000000001,5,1,85.61,27,28,4,0,Ligand_5660
386.104876056,5,1.1711199999999995,9,0,96.08,27,29,1,0,Ligand_5666
362.068490548,4,0.8524,9,1,120.22,25,27,2,0,Ligand_5667
449.183837584,7,4.796900000000004,6,1,86.85000000000002,33,36,3,0,Ligand_5671
357.168856216,7,2.38242,6,1,86.36,26,28,5,0,Ligand_5672
357.132470708,5,1.51892,7,1,103.43,26,28,5,0,Ligand_5673
403.120191772,7,1.8620199999999996,8,1,103.43,28,30,5,0,Ligand_5674
372.087684704,6,3.224800000000001,4,1,75.71000000000001,26,28,2,0,Ligand_5675
260.079706864,3,2.02192,5,1,81.42999999999999,19,20,5,0,Ligand_5676
296.056384576,4,2.905920000000001,5,1,73.59,20,21,3,0,Ligand_5677
312.122240372,3,2.03314,6,1,82.06,23,25,3,0,Ligand_5679
294.04073451200003,3,2.67532,5,1,81.42999999999999,20,21,5,0,Ligand_5681
503.293011172,10,3.593840000000002,6,1,87.54,35,37,5,0,Ligand_5683
415.102433532,5,2.3394000000000004,6,2,87.63,28,31,1,0,Ligand_5684
427.102433532,2,2.5654000000000003,6,1,78.83999999999999,29,33,1,0,Ligand_5685
411.1794209,9,2.8977000000000013,5,1,88.18,30,32,4,0,Ligand_5686
441.189985584,10,2.9063000000000017,6,1,97.41,32,34,4,0,Ligand_5687
397.116151948,4,3.424900000000002,7,0,87.44,29,32,2,0,Ligand_5688
322.105252916,6,3.079720000000002,7,0,84.20000000000002,23,24,1,0,Ligand_5689
425.147452076,5,4.123420000000004,7,0,87.44,31,34,3,0,Ligand_5690
366.147409564,10,1.0924999999999998,8,3,118.13,25,26,5,0,Ligand_5692
353.1600228480001,6,1.7075999999999998,9,1,98.06,26,28,2,0,Ligand_5693
344.11677813200004,6,1.6267999999999998,10,2,116.66,24,26,3,0,Ligand_5694
342.216809452,5,2.6839000000000013,7,2,89.19,25,27,4,0,Ligand_5695
264.112344384,1,1.7184,6,2,81.12,20,23,1,0,Ligand_5701
514.1886056799999,5,1.8896,8,0,105.3,36,40,4,0,Ligand_5703
494.1835203,5,1.2693,8,1,131.16000000000005,34,37,3,0,Ligand_5704
472.178040996,6,1.9146,7,1,104.86,33,36,3,0,Ligand_5705
228.056863244,3,1.0164999999999995,3,2,75.27000000000001,15,15,4,0,Ligand_5708
516.2770267599999,8,3.343500000000001,6,1,91.72,36,39,2,0,Ligand_5709
379.15657728,6,1.8,5,1,88.47999999999999,26,27,5,0,Ligand_5710
437.162056584,8,1.1545999999999994,7,1,106.93999999999998,30,32,5,0,Ligand_5711
529.1882713319999,9,2.0320000000000005,8,1,116.17,37,40,5,0,Ligand_5712
490.2613766959999,10,3.0462000000000016,6,1,91.72,34,36,5,0,Ligand_5713
518.051104936,6,3.987000000000004,6,0,80.06,32,35,1,0,Ligand_5714
450.98891928,6,4.085100000000003,4,1,76.38,27,29,4,0,Ligand_5715
421.015363624,8,2.9090000000000016,6,1,94.84,26,27,4,0,Ligand_5716
458.208468532,8,3.6441200000000022,5,1,78.68,32,35,3,0,Ligand_5717
421.183540976,8,3.028420000000001,5,1,75.44,29,31,1,0,Ligand_5718
519.2005502679999,10,4.087200000000004,7,1,106.64,38,41,4,0,Ligand_5719
301.10625596000006,4,2.12332,6,1,85.95,22,24,5,0,Ligand_5720
406.164105184,6,3.329620000000002,7,1,86.97000000000001,30,33,5,0,Ligand_5723
416.1583511079999,8,2.861300000000001,8,1,96.84000000000002,30,32,5,0,Ligand_5724
413.158685456,5,1.7743999999999995,7,0,93.81,30,33,2,0,Ligand_5725
476.1253367279999,8,2.0544,8,3,140.26,33,35,5,0,Ligand_5726
480.075799692,7,2.699200000000001,7,3,131.03,32,34,5,0,Ligand_5727
444.135507488,6,2.65404,6,3,121.8,31,33,5,0,Ligand_5728
450.104956308,5,3.9205200000000016,5,1,85.24000000000001,32,35,4,0,Ligand_5729
386.125801528,5,1.7484999999999995,7,1,94.7,27,30,2,0,Ligand_5730
398.08941602,6,1.5990999999999993,8,1,107.84,28,31,2,0,Ligand_5731
382.11896656,6,1.084799999999999,8,1,107.84,28,31,2,0,Ligand_5733
368.1596885,4,0.9982999999999989,8,0,95.14,27,30,5,0,Ligand_5734
382.175338564,4,1.2442999999999989,8,0,95.14,28,31,5,0,Ligand_5735
347.07851698799993,4,1.4236999999999995,8,0,91.9,24,26,2,0,Ligand_5736
284.102173624,3,-0.2290800000000004,7,1,108.69,21,23,5,0,Ligand_5737
370.138953056,6,-0.0350799999999995,9,1,121.0,27,29,5,0,Ligand_5738
368.1596885,5,0.5808199999999997,8,1,103.93,27,30,2,0,Ligand_5739
304.047551208,3,0.115899999999999,7,1,108.69,21,23,5,0,Ligand_5740
384.15460312,6,0.2810000000000003,9,1,113.16,28,31,2,0,Ligand_5741
315.096753896,4,0.1587999999999996,9,0,101.13000000000002,23,25,5,0,Ligand_5742
463.1235629,9,2.156319999999999,7,2,110.41,31,33,2,0,Ligand_5743
362.22055744,5,2.586900000000001,6,1,75.71000000000001,26,28,2,0,Ligand_5744
404.222369008,10,4.2874000000000025,4,3,86.61,29,30,2,0,Ligand_5747
469.221285712,8,3.180600000000002,6,3,117.20000000000002,34,36,2,0,Ligand_5748
415.15657728,7,1.9621999999999995,6,2,91.76,29,32,4,0,Ligand_5750
455.224262916,8,3.998000000000003,5,2,82.53,32,35,4,0,Ligand_5751
357.125945848,7,1.7826,7,1,87.96000000000001,25,27,4,0,Ligand_5752
451.147824164,8,4.075100000000003,7,1,73.97,32,35,4,0,Ligand_5756
429.163474228,8,2.7230000000000008,7,1,73.97,30,33,2,0,Ligand_5758
432.146740868,8,1.1539,6,1,108.91,30,32,1,0,Ligand_5759
494.256291316,10,1.9267000000000012,6,1,99.26,34,36,1,0,Ligand_5760
443.13623576,8,-0.8319999999999967,8,1,123.71,30,32,1,0,Ligand_5761
441.156971204,9,-0.0242999999999973,7,1,114.48,30,32,1,0,Ligand_5762
494.219905808,8,0.6711000000000036,7,1,108.49,34,37,1,0,Ligand_5763
496.1627848559999,5,-0.2663999999999971,8,0,126.0,34,37,1,0,Ligand_5764
521.130379596,7,3.957670000000003,10,1,125.37000000000002,36,40,3,0,Ligand_5767
415.102433532,3,3.236040000000002,6,2,87.63,28,31,1,0,Ligand_5769
435.047811116,4,2.9503000000000013,6,2,87.63,28,31,1,0,Ligand_5770
431.097348152,5,2.3055000000000003,7,2,96.86,29,32,1,0,Ligand_5771
452.118811868,3,1.2812000000000006,8,1,108.38,30,33,1,0,Ligand_5772
484.160282756,3,2.946140000000001,7,1,82.07999999999998,33,37,1,0,Ligand_5773
445.112998216,6,2.2344,7,2,96.86,30,33,1,0,Ligand_5774
343.164439532,6,0.9857999999999996,7,3,115.29,25,27,1,0,Ligand_5775
444.102289212,4,2.705220000000001,6,0,75.51,30,33,1,0,Ligand_5777
392.217203376,6,0.4975000000000016,8,1,105.46,28,30,4,0,Ligand_5780
462.21795232400007,6,2.127299999999998,7,1,79.16,34,38,2,0,Ligand_5781
461.2063043440001,9,2.1888,8,1,102.22,34,37,4,0,Ligand_5782
351.154268772,5,-1.1813999999999976,9,1,111.45,25,27,4,0,Ligand_5783
526.18860568,7,2.0828,9,1,111.87,37,41,2,0,Ligand_5784
350.174275944,6,2.297,5,1,76.88,26,28,4,0,Ligand_5785
405.099252432,5,3.069400000000001,6,1,89.77,29,32,4,0,Ligand_5786
400.1535405,6,3.029600000000001,6,1,86.10999999999999,30,33,4,0,Ligand_5787
414.132805056,5,2.7497000000000007,7,1,95.34,31,35,4,0,Ligand_5788
460.214426504,6,3.479980000000003,6,1,95.75,32,34,1,0,Ligand_5789
434.106018928,5,0.6354999999999997,7,1,110.48,30,32,4,0,Ligand_5790
430.131090804,5,0.8048200000000003,7,1,110.48,30,32,4,0,Ligand_5791
454.148632688,6,2.8329200000000005,6,1,95.75,31,33,1,0,Ligand_5792
446.19877644,7,2.54084,6,1,95.75,31,33,1,0,Ligand_5793
419.115106392,8,1.1248999999999996,7,2,119.64,29,31,2,0,Ligand_5794
403.120191772,7,2.0009999999999994,6,2,110.41000000000004,28,30,5,0,Ligand_5795
504.258399492,7,1.880299999999999,7,3,137.51,36,38,2,0,Ligand_5796
522.2842203160001,8,2.9240000000000004,6,3,111.21,38,41,2,0,Ligand_5797
426.124942804,4,3.2615000000000007,6,1,77.10000000000001,30,33,5,0,Ligand_5799
379.20082504,4,2.723440000000001,6,1,85.75000000000001,28,31,2,0,Ligand_5800
351.11404377199995,7,2.790400000000001,5,1,85.61,24,25,4,0,Ligand_5802
425.1330649639999,12,3.915300000000003,6,1,85.61,28,29,4,0,Ligand_5803
432.115520992,8,3.028920000000001,6,1,98.5,30,32,2,0,Ligand_5805
433.167141964,6,2.5078400000000007,6,0,92.95,30,32,2,0,Ligand_5807
315.147058152,2,2.6475000000000013,4,2,75.63,23,25,4,0,Ligand_5808
390.099790676,3,1.8702,6,2,102.42000000000002,27,30,4,0,Ligand_5810
376.12052612,5,2.879800000000001,5,2,93.19,26,28,1,0,Ligand_5811
418.131090804,5,3.487820000000002,7,2,102.42,29,31,4,0,Ligand_5812
415.15657728,6,2.51954,4,2,95.58,29,31,4,0,Ligand_5813
444.0991219799999,7,4.022820000000003,9,2,127.96,31,33,2,0,Ligand_5814
379.116820644,5,1.2557999999999994,7,1,97.3,28,31,1,0,Ligand_5816
409.120860468,3,2.25532,8,0,89.69,29,33,3,0,Ligand_5818
463.1873987399999,4,3.010200000000002,7,1,93.89,32,37,5,0,Ligand_5819
325.10625596,4,1.964,6,1,81.92999999999999,24,26,5,0,Ligand_5820
304.14230712,5,2.341640000000001,5,1,73.47,22,23,4,0,Ligand_5825
421.167141964,8,1.92144,6,2,120.49,29,30,1,0,Ligand_5827
380.173607248,7,3.852940000000003,5,1,73.47,28,30,4,0,Ligand_5828
482.162390932,5,1.4136999999999995,8,1,102.64,34,38,2,0,Ligand_5829
279.100776656,4,2.062,3,2,74.85,21,23,1,0,Ligand_5832
261.12257472,6,0.1714000000000004,6,3,106.07,19,20,5,0,Ligand_5835
403.17433552,5,0.9875999999999996,7,3,122.83,29,31,5,0,Ligand_5836
377.185174976,8,3.7295000000000025,7,1,73.57000000000001,28,31,5,0,Ligand_5841
451.192962788,8,3.6784000000000017,4,2,88.16000000000001,32,35,3,0,Ligand_5846
467.187877408,8,3.6445000000000025,5,2,97.39,33,36,3,0,Ligand_5847
556.27194138,11,3.249500000000001,6,1,99.26,39,42,1,0,Ligand_5849
453.193356712,9,1.3754000000000004,6,1,105.25,31,33,1,0,Ligand_5851
524.266856,12,1.553200000000003,7,1,108.49,36,38,1,0,Ligand_5852
508.235555872,8,1.2021000000000022,7,1,108.49,35,38,1,0,Ligand_5853
522.124291172,8,0.2028000000000014,7,2,156.18,35,38,1,0,Ligand_5854
473.243832724,8,1.6886000000000003,8,2,94.22,34,37,1,0,Ligand_5855
417.189985584,8,1.2328999999999997,8,1,97.41,30,32,4,0,Ligand_5856
399.19065428,4,0.2827000000000013,8,0,86.28999999999999,29,32,5,0,Ligand_5857
392.24235550399993,7,1.0950000000000006,7,1,82.19,28,30,4,0,Ligand_5858
371.18450628,6,1.5241199999999997,6,1,78.95,27,29,4,0,Ligand_5861
262.062342548,5,0.1328399999999996,6,1,98.5,17,17,4,0,Ligand_5862
426.161328312,9,3.5746400000000023,5,1,81.42999999999999,30,32,2,0,Ligand_5863
451.177706648,10,1.4119200000000007,8,1,110.97,31,33,2,0,Ligand_5864
440.9881703319999,5,3.0168000000000017,6,0,86.05,26,28,1,0,Ligand_5872
404.061296992,7,2.201,7,2,118.12,27,29,5,0,Ligand_5873
424.222288756,9,1.6510999999999996,8,1,93.88,31,34,1,0,Ligand_5874
393.2164751040001,5,3.5084200000000028,6,1,89.77,29,33,4,0,Ligand_5876
455.1611839919999,6,4.613100000000004,6,2,101.29,32,36,4,0,Ligand_5877
455.19756949999993,6,5.5339000000000045,5,2,84.22,32,36,4,0,Ligand_5878
378.132805056,4,2.626940000000001,8,0,92.15,28,31,5,0,Ligand_5879
354.0883534,2,3.033500000000002,5,1,76.88,25,28,4,0,Ligand_5882
417.0646967640001,4,4.057100000000002,5,1,73.22,28,31,4,0,Ligand_5883
427.053153536,3,3.7562000000000015,5,1,73.22,27,30,4,0,Ligand_5884
363.158291532,3,3.3838000000000017,5,1,73.22,27,30,4,0,Ligand_5885
456.10453962,4,2.796100000000001,8,0,96.07999999999998,33,36,1,0,Ligand_5886
401.086783468,3,2.927620000000001,6,2,87.63,27,30,1,0,Ligand_5887
415.102433532,4,3.1816000000000013,6,2,87.63,28,31,1,0,Ligand_5888
324.089225992,6,0.6774999999999995,5,2,104.39,22,23,5,0,Ligand_5889
396.216140756,8,2.9892600000000016,6,1,77.75,29,31,3,0,Ligand_5890
480.183126376,6,3.079200000000001,5,1,91.71999999999998,34,37,2,0,Ligand_5891
557.210818344,10,2.0443,7,2,112.98,39,42,2,0,Ligand_5892
484.1580545000001,6,2.8282000000000007,5,1,91.71999999999998,34,37,2,0,Ligand_5893
529.155053056,6,2.4941000000000004,6,1,94.96,36,39,2,0,Ligand_5895
553.23589022,10,2.2136200000000006,7,2,112.98,39,42,2,0,Ligand_5896
471.22703978800007,10,3.843700000000003,6,2,90.18,35,38,2,0,Ligand_5897
463.210721028,7,3.3081000000000023,6,1,82.03,34,37,2,0,Ligand_5898
510.19369106,7,3.087800000000001,6,1,100.95,36,39,2,0,Ligand_5899
512.172955616,7,1.9341,7,1,110.18,36,39,2,0,Ligand_5900
474.263090948,9,3.5790200000000016,5,2,75.60000000000001,35,38,2,0,Ligand_5902
471.22703978800007,10,3.843700000000003,6,2,90.18,35,38,2,0,Ligand_5903
517.232519092,11,3.378000000000002,8,2,108.64,38,41,2,0,Ligand_5905
497.21957146,10,1.5939000000000003,7,1,114.48,34,36,1,0,Ligand_5906
503.172621268,9,1.5725999999999996,7,1,114.48,35,38,1,0,Ligand_5907
343.15320615200005,3,1.3452999999999995,6,1,82.33000000000001,25,27,5,0,Ligand_5909
386.07365618,5,3.265000000000001,5,0,76.57,27,29,1,0,Ligand_5911
325.142641468,5,2.12192,5,1,84.12,24,25,4,0,Ligand_5913
339.158291532,5,2.43034,5,1,84.12,25,26,4,0,Ligand_5914
409.098393708,4,5.010260000000003,4,2,96.61,29,32,3,0,Ligand_5915
443.1038730119999,7,4.164020000000003,6,1,121.96,31,33,5,0,Ligand_5916
416.199445136,7,1.0268000000000015,8,1,74.88,29,32,4,0,Ligand_5917
443.06433377200005,5,1.38952,8,1,127.49999999999996,28,30,3,0,Ligand_5918
400.05852012,5,2.6781200000000016,7,0,84.40999999999998,25,27,3,0,Ligand_5919
431.1007192800001,9,2.441520000000001,8,1,96.43999999999998,27,28,3,0,Ligand_5920
450.014462388,5,2.384000000000001,8,1,104.64,27,29,3,0,Ligand_5921
423.998812324,8,2.481200000000001,8,1,102.43,25,26,1,0,Ligand_5922
491.041011484,9,2.847300000000001,8,1,113.51,30,32,3,0,Ligand_5923
477.02536142,6,2.124600000000001,8,1,127.49999999999996,29,31,3,0,Ligand_5924
486.095299552,6,2.811320000000001,9,0,102.87,31,34,3,0,Ligand_5925
458.10038493200005,6,3.081620000000002,8,0,93.64,29,31,3,0,Ligand_5926
377.173941596,4,3.061500000000001,5,1,73.22,28,31,5,0,Ligand_5927
377.173941596,4,3.773900000000003,5,1,73.22,28,31,5,0,Ligand_5928
386.174275944,4,3.683380000000003,5,0,78.99,29,32,5,0,Ligand_5932
453.038389304,4,3.0894000000000013,6,2,87.63,29,32,1,0,Ligand_5933
465.0583758,5,2.9589000000000008,7,2,96.86,30,33,1,0,Ligand_5934
435.092262772,7,2.881120000000001,7,1,97.83,29,31,4,0,Ligand_5935
354.157957184,8,2.905000000000001,4,2,76.66,26,27,2,0,Ligand_5936
350.130028184,7,2.39944,5,1,89.27,24,25,2,0,Ligand_5942
416.120606372,7,3.3287400000000025,5,1,89.27,29,31,2,0,Ligand_5943
452.1893546280001,9,1.4576199999999997,7,1,95.75,31,33,2,0,Ligand_5944
471.162805532,7,3.0483200000000013,6,0,83.72,33,36,2,0,Ligand_5945
463.177706648,7,2.6103400000000008,7,1,118.81,32,34,2,0,Ligand_5946
488.1617222359999,11,2.949520000000001,8,1,116.96,34,36,2,0,Ligand_5947
428.140592868,7,3.828960000000002,6,1,98.5,30,32,2,0,Ligand_5948
477.22974222,10,3.342620000000001,7,1,101.74,33,35,2,0,Ligand_5949
488.1617222359999,11,2.949520000000001,8,1,116.96,34,36,2,0,Ligand_5950
517.2035274719999,6,4.284000000000003,5,1,86.78999999999999,37,41,3,0,Ligand_5951
378.04410564,3,2.4891,4,1,83.55000000000001,25,27,1,0,Ligand_5952
326.126657056,4,2.731920000000001,4,2,76.66,24,26,4,0,Ligand_5953
364.1158176,3,0.8010999999999997,8,1,108.36000000000004,26,28,3,0,Ligand_5958
453.237604472,10,3.271640000000001,8,1,107.71,33,35,2,0,Ligand_5962
335.19573966,9,1.18904,7,1,90.64,24,25,2,0,Ligand_5963
424.258674264,8,1.4221000000000006,7,1,75.4,31,34,4,0,Ligand_5965
423.169524912,6,3.110900000000001,6,1,81.81,32,36,5,0,Ligand_5966
437.185174976,6,3.4193200000000017,6,1,81.81,33,37,5,0,Ligand_5967
312.15862588,4,2.359,4,2,76.02000000000001,23,25,3,0,Ligand_5968
441.2263710919999,8,2.3749,7,2,96.97,32,35,5,0,Ligand_5969
451.283492044,8,3.4045200000000024,5,2,78.51,33,36,1,0,Ligand_5970
452.278741012,8,2.8736000000000006,6,2,81.75,33,36,1,0,Ligand_5971
185.11642672,3,-0.4378000000000008,4,3,73.72,13,13,1,0,Ligand_5972
473.104541708,5,3.869100000000003,6,0,96.87999999999998,34,38,3,0,Ligand_5973
497.123226464,10,5.292200000000005,8,1,95.71,34,36,2,0,Ligand_5974
473.1133304760001,7,5.370420000000004,7,1,85.84000000000002,33,36,2,0,Ligand_5977
410.14126156399993,7,3.1243200000000018,7,1,77.63,29,32,2,0,Ligand_5979
384.13684488000007,4,1.387219999999999,8,1,92.49,27,30,2,0,Ligand_5980
397.157245976,4,2.55322,7,1,79.60000000000001,28,31,2,0,Ligand_5981
461.05210798,4,2.7547200000000007,7,1,79.60000000000001,28,31,2,0,Ligand_5982
441.183460724,7,2.7810200000000016,8,1,88.83,31,34,2,0,Ligand_5983
376.16814500800007,2,0.4498200000000008,8,0,74.05000000000001,26,29,2,0,Ligand_5984
429.147075216,5,2.33172,9,1,98.06,30,33,2,0,Ligand_5985
457.178375344,7,2.0519199999999995,9,1,98.06,32,35,2,0,Ligand_5986
397.15724597600007,4,2.3006400000000005,7,1,79.60000000000001,28,31,2,0,Ligand_5987
427.131425152,4,1.7209199999999996,9,1,98.06000000000002,30,34,2,0,Ligand_5988
446.246395328,7,2.44662,8,1,82.84000000000002,31,34,2,0,Ligand_5989
443.16272528,6,2.0094200000000004,9,1,98.06,31,34,2,0,Ligand_5990
461.05210798,4,2.7547200000000007,7,1,79.60000000000001,28,31,2,0,Ligand_5991
427.16781066,6,2.3909200000000004,8,1,88.83,30,33,2,0,Ligand_5992
408.060234372,4,4.262880000000003,5,0,78.24000000000001,28,31,2,0,Ligand_5993
443.0861147719999,5,4.386300000000004,6,0,72.91000000000001,30,33,1,0,Ligand_5995
465.0471424199999,7,4.627700000000004,6,0,76.82,30,33,1,0,Ligand_5996
299.082743644,3,1.1827,4,1,83.91000000000001,20,21,3,0,Ligand_5997
409.1017648359999,8,2.946400000000001,6,1,81.7,27,29,2,0,Ligand_6004
469.091926336,5,2.0585000000000004,7,1,107.24,32,34,3,0,Ligand_6007
381.135841836,6,0.3157000000000001,7,1,107.24,26,27,3,0,Ligand_6008
403.1024335320001,7,2.5503400000000003,5,2,88.16000000000001,27,29,3,0,Ligand_6009
405.081698088,7,2.920420000000001,6,2,97.39,27,29,3,0,Ligand_6010
423.22703978800007,8,3.101280000000002,7,1,98.48,31,33,2,0,Ligand_6011
435.215806408,6,4.024300000000003,5,1,80.23,32,35,1,0,Ligand_6012
437.195070964,7,3.603620000000003,5,1,96.02,32,34,4,0,Ligand_6015
437.198442092,8,2.5196000000000005,6,0,92.83,30,32,1,0,Ligand_6017
387.125277152,6,2.6839200000000005,6,1,82.33000000000001,27,29,3,0,Ligand_6019
386.1114009159999,6,2.5139200000000006,8,1,120.75,28,30,1,0,Ligand_6021
267.067762276,3,1.01932,6,1,87.21,18,19,5,0,Ligand_6022
387.105290656,6,3.874520000000002,6,1,73.22,27,29,3,0,Ligand_6024
407.13373366,3,2.6754000000000007,6,2,87.63,27,30,1,0,Ligand_6026
484.160282756,3,2.946140000000001,7,1,82.07999999999998,33,37,1,0,Ligand_6027
374.137890436,4,2.7989200000000007,6,1,85.47,28,31,1,0,Ligand_6029
409.211389724,7,2.0374199999999987,6,1,88.71000000000001,30,33,5,0,Ligand_6031
350.137890436,5,1.9095199999999997,6,1,81.53999999999999,26,29,4,0,Ligand_6035
380.14845512,5,2.4366200000000005,7,1,90.77,28,31,4,0,Ligand_6036
399.227039788,6,2.3578,7,1,84.78,29,32,4,0,Ligand_6037
365.148789468,5,2.21312,7,1,94.43,27,30,3,0,Ligand_6038
442.269238948,9,2.03562,8,1,88.02000000000001,32,35,3,0,Ligand_6039
408.179755248,7,3.080700000000002,7,1,90.77,30,33,4,0,Ligand_6040
401.185174976,6,2.5745400000000007,6,1,81.81,30,33,5,0,Ligand_6041
382.200490692,7,2.599160000000001,6,1,77.75,28,30,3,0,Ligand_6042
445.130756456,6,2.5227200000000005,6,1,106.53,31,33,4,0,Ligand_6043
361.1460125960001,3,2.3071200000000003,3,1,78.84,25,27,4,0,Ligand_6044
399.125277152,5,2.1832200000000004,4,1,88.06999999999998,28,30,4,0,Ligand_6045
413.104541708,4,1.90332,5,1,97.3,29,32,4,0,Ligand_6046
415.083806264,4,1.9258,6,1,106.53,29,32,4,0,Ligand_6047
461.125671076,7,2.2229,7,1,115.76,32,34,4,0,Ligand_6048
399.125277152,5,2.217,4,0,79.27999999999999,28,30,4,0,Ligand_6049
377.140927216,3,1.8169,4,0,79.27999999999999,26,28,5,0,Ligand_6050
415.12019177200006,6,1.8834,5,1,97.3,29,31,4,0,Ligand_6051
365.104541708,3,0.4172000000000002,5,0,88.50999999999999,25,27,5,0,Ligand_6052
405.099456328,6,1.4764,6,1,110.44,28,30,4,0,Ligand_6053
361.07324158,4,1.7900999999999998,5,1,101.21,25,27,4,0,Ligand_6054
409.11076996,2,1.0544000000000002,5,0,88.50999999999999,28,31,5,0,Ligand_6055
415.120191772,6,1.8833999999999995,5,1,97.3,29,31,4,0,Ligand_6056
429.135841836,6,2.4444,5,1,97.3,30,32,4,0,Ligand_6057
451.14132114,4,0.9325,7,0,106.97,31,34,5,0,Ligand_6058
405.04531258,4,2.0366,6,1,105.13999999999996,27,29,3,0,Ligand_6059
383.020989652,3,2.528200000000001,4,1,78.84,25,27,3,0,Ligand_6060
374.206638692,4,1.28286,7,0,92.93,27,29,4,0,Ligand_6061
322.098728056,4,2.22934,5,1,77.4,22,23,3,0,Ligand_6062
393.135841836,5,1.3311999999999995,7,0,81.08000000000001,27,29,3,0,Ligand_6063
407.1514919,6,1.7212999999999998,7,0,81.08000000000001,28,30,3,0,Ligand_6064
366.088557296,6,1.409,7,1,95.86,25,27,3,0,Ligand_6065
302.09364267600006,4,0.2226999999999996,6,0,77.84,20,21,5,0,Ligand_6066
455.16272528,9,2.3415,9,1,99.75,32,35,5,0,Ligand_6067
406.167476312,6,2.0376000000000003,6,1,91.84,28,30,2,0,Ligand_6070
451.9612443760001,5,3.6621200000000025,6,2,101.05,26,28,2,0,Ligand_6071
392.0413104960001,5,3.0387200000000005,6,2,101.05,26,28,1,0,Ligand_6072
354.082032436,6,2.631920000000001,6,2,101.05,23,24,1,0,Ligand_6073
384.09259712,8,2.722200000000001,7,2,110.28000000000002,25,26,1,0,Ligand_6074
429.9768944400001,4,2.727500000000001,6,1,92.26,24,26,4,0,Ligand_6075
396.0925971200001,6,2.3637,7,1,101.49,26,28,5,0,Ligand_6076
426.103161804,6,2.2281999999999997,8,1,110.72,28,30,5,0,Ligand_6077
396.09259712,5,1.9347,7,1,101.49,26,28,4,0,Ligand_6078
304.066382372,5,1.0612,6,1,92.26,19,20,4,0,Ligand_6079
423.13988166,6,2.3420200000000007,7,1,95.5,28,30,4,0,Ligand_6080
366.082032436,5,2.2741,6,1,92.26,24,26,4,0,Ligand_6081
352.066382372,4,2.0265,6,1,92.26,23,25,3,0,Ligand_6082
346.113332564,6,2.2315,6,1,92.26,22,23,4,0,Ligand_6083
360.128982628,6,2.4775,6,1,92.26,23,24,4,0,Ligand_6084
307.15320615200005,3,1.73924,5,1,80.76,22,23,3,0,Ligand_6088
358.16410518399994,5,3.4106400000000017,4,4,112.32,26,27,3,0,Ligand_6089
434.19877644,6,2.654440000000001,6,1,91.84,30,32,2,0,Ligand_6091
419.118273624,5,2.851100000000001,6,1,78.43,28,31,2,0,Ligand_6097
299.090605896,2,2.855920000000001,4,3,93.11,22,24,4,0,Ligand_6098
443.199110788,8,2.9865000000000013,7,1,87.66,31,34,3,0,Ligand_6099
415.15657728,6,1.84372,4,2,95.58,29,31,5,0,Ligand_6100
455.0626726640001,8,1.4771,6,3,117.42,27,28,4,0,Ligand_6101
435.1827920280001,4,2.4161,6,0,92.83,30,33,1,0,Ligand_6102
345.157622836,5,2.2949,5,1,73.86,25,27,5,0,Ligand_6103
397.1161519479999,5,3.397000000000002,7,1,96.34000000000002,29,32,1,0,Ligand_6105
475.1235629,7,2.3566000000000003,8,2,106.09,32,35,1,0,Ligand_6108
421.032161052,3,3.272600000000001,6,2,87.63,27,30,1,0,Ligand_6109
412.1780409960001,5,1.1603000000000003,6,1,100.95,28,30,1,0,Ligand_6113
421.167141964,8,1.7992999999999997,6,1,89.86999999999999,29,31,5,0,Ligand_6114
377.140927216,5,1.2844199999999997,5,1,80.64000000000001,26,28,5,0,Ligand_6118
421.130756456,6,1.4749999999999994,7,1,106.94,29,31,5,0,Ligand_6120
413.08121942,5,1.9603,6,1,89.87,27,29,5,0,Ligand_6121
381.11585534,4,1.74582,5,1,80.64000000000001,26,28,5,0,Ligand_6122
347.093977024,3,1.93612,5,1,88.6,24,26,1,0,Ligand_6123
459.1464065199999,11,2.813400000000001,8,1,120.62,32,34,3,0,Ligand_6124
408.179755248,6,3.608900000000002,7,1,89.72000000000001,30,33,3,0,Ligand_6125
468.200884616,8,3.6261000000000023,9,1,108.18000000000002,34,37,3,0,Ligand_6126
410.1754188160001,6,3.4171000000000022,6,1,80.49000000000001,30,33,3,0,Ligand_6127
438.190319932,7,3.6175000000000015,8,1,98.95000000000002,32,35,3,0,Ligand_6128
406.200490692,6,3.839000000000003,6,1,80.49000000000001,30,33,3,0,Ligand_6130
397.109627088,4,2.3130000000000006,6,1,90.29,28,31,4,0,Ligand_6131
401.060090052,3,2.9578000000000007,5,1,81.06,27,30,4,0,Ligand_6132
450.17256169199993,2,2.953640000000001,6,0,75.50999999999999,32,36,2,0,Ligand_6133
416.18821175599993,5,2.3687,6,1,84.30000000000001,29,32,4,0,Ligand_6134
380.14845512,7,2.3474000000000004,7,1,90.77,28,31,2,0,Ligand_6136
398.1226342959999,5,1.0163199999999994,9,1,121.0,29,31,5,0,Ligand_6137
403.15657728,5,2.6085400000000005,5,1,92.51,28,30,1,0,Ligand_6139
311.18450628000005,4,0.7823000000000002,4,2,87.74000000000001,22,23,2,0,Ligand_6140
431.172417372,5,3.5863200000000024,7,1,91.16,30,34,4,0,Ligand_6143
490.1708474399999,9,2.990400000000001,8,2,104.01,33,36,1,0,Ligand_6145
506.1657620599999,11,2.2284,9,2,113.24,34,37,1,0,Ligand_6146
424.1569116280001,7,3.9780000000000033,7,1,76.58,30,33,1,0,Ligand_6147
410.1412615640001,6,3.2058000000000018,7,1,76.58,29,32,1,0,Ligand_6148
349.09839370799995,5,2.1177,5,0,76.82,24,26,2,0,Ligand_6154
421.211389724,6,2.2549,6,1,79.70000000000002,31,34,3,0,Ligand_6158
435.227039788,6,2.56332,6,1,79.70000000000002,32,35,3,0,Ligand_6159
377.129693836,6,2.8162200000000013,5,0,76.82,26,28,2,0,Ligand_6161
363.114043772,6,2.5078000000000005,5,0,76.82,25,27,2,0,Ligand_6162
420.1355074879999,9,2.3359000000000005,6,2,102.96,29,31,4,0,Ligand_6166
382.119857424,4,1.2897199999999998,6,1,102.01,26,28,1,0,Ligand_6167
383.115106392,3,0.7887199999999996,6,1,105.25,26,28,1,0,Ligand_6168
415.15657728,3,2.45366,5,1,78.95,29,32,4,0,Ligand_6169
435.101954864,3,2.7986400000000007,5,1,78.95,29,32,4,0,Ligand_6170
443.1514919,5,2.619300000000001,5,2,104.81000000000002,31,34,4,0,Ligand_6171
445.130756456,5,2.0655,6,2,114.04,31,34,4,0,Ligand_6172
412.199821996,8,2.876720000000001,5,1,77.10000000000001,30,32,1,0,Ligand_6180
419.1593541520001,7,1.8916,8,1,99.75,31,34,5,0,Ligand_6182
433.167141964,7,2.6988200000000013,6,1,101.74,30,32,2,0,Ligand_6183
501.2297422200001,7,4.401720000000004,6,1,101.74,35,38,1,0,Ligand_6184
383.14159591200007,4,2.6293200000000008,7,1,79.60000000000001,27,30,3,0,Ligand_6185
275.126991404,7,1.4318,5,1,77.25,20,21,5,0,Ligand_6188
311.126991404,6,2.887020000000001,5,1,81.16000000000001,23,25,5,0,Ligand_6189
335.103669116,6,2.617800000000001,5,1,77.25,23,25,3,0,Ligand_6192
331.072368988,6,3.232000000000001,5,1,81.16,23,25,5,0,Ligand_6193
391.0990624040001,6,4.181500000000002,6,1,85.09,28,31,4,0,Ligand_6194
417.13584183600005,8,2.901600000000001,8,1,97.81,29,32,3,0,Ligand_6195
370.062342548,6,3.972500000000003,7,1,98.48,26,29,1,0,Ligand_6196
330.067427928,6,3.3653000000000013,6,1,85.34,23,25,1,0,Ligand_6197
351.16952491200004,5,2.895900000000001,4,3,88.05000000000001,26,28,2,0,Ligand_6198
402.169190564,6,3.6995200000000015,5,2,89.16,30,33,2,0,Ligand_6199
378.070799056,4,3.237120000000001,5,2,84.5,25,27,5,0,Ligand_6200
398.097013804,4,2.0831,6,1,92.78,26,28,4,0,Ligand_6201
388.10929274,4,2.7437200000000006,5,1,92.78000000000002,27,29,1,0,Ligand_6202
406.1198574239999,5,2.55832,6,1,94.17000000000002,28,30,1,0,Ligand_6203
401.137556088,5,4.129300000000002,5,2,91.59,30,34,2,0,Ligand_6211
413.140927216,6,2.702320000000001,7,1,82.44999999999999,29,32,4,0,Ligand_6217
375.114043772,6,2.5173000000000005,5,0,76.82,26,28,3,0,Ligand_6221
375.1794209,8,1.8109,7,1,86.06,27,29,4,0,Ligand_6224
390.124942804,5,1.5653999999999997,5,1,84.94000000000001,27,29,3,0,Ligand_6225
434.114772044,7,2.14562,7,2,120.03,30,32,2,0,Ligand_6228
448.130422108,9,1.5574,7,2,120.03,31,33,2,0,Ligand_6229
418.102099184,6,2.941700000000001,5,1,83.55000000000001,28,30,2,0,Ligand_6230
464.107578488,9,2.2707000000000006,7,2,110.8,31,33,2,0,Ligand_6231
404.08644912,6,2.519420000000001,5,2,92.34,27,29,2,0,Ligand_6232
481.99696118800006,5,3.992720000000003,5,2,92.34,28,30,2,0,Ligand_6233
434.097013804,7,2.6081000000000003,6,2,101.57,29,31,2,0,Ligand_6234
459.1286482800001,5,2.631900000000001,6,1,86.78999999999999,31,34,2,0,Ligand_6235
410.042870056,6,2.6610000000000005,6,2,92.34,26,28,2,0,Ligand_6236
489.139212964,6,2.6405000000000003,7,1,96.02,33,36,2,0,Ligand_6237
404.08644912,6,2.599500000000001,5,2,92.34,27,29,2,0,Ligand_6238
448.112663868,7,3.344800000000002,6,1,92.78,30,32,2,0,Ligand_6239
408.08136374,6,2.5347,6,1,96.69,27,29,2,0,Ligand_6240
367.075740116,4,3.0950000000000006,3,2,82.27000000000001,24,26,3,0,Ligand_6241
347.13036253200005,4,2.6683400000000006,3,2,82.27000000000001,24,26,3,0,Ligand_6242
377.140927216,6,2.1279000000000003,4,2,91.5,26,28,5,0,Ligand_6243
300.02384886400006,5,1.3413,5,2,88.25999999999999,19,20,2,0,Ligand_6244
357.172227344,8,1.7341999999999995,4,2,91.5,24,25,3,0,Ligand_6245
489.148905056,5,3.3111000000000024,4,1,86.79,33,36,1,0,Ligand_6246
485.198442092,6,2.666300000000001,5,1,96.02,34,37,1,0,Ligand_6247
415.102433532,9,3.673300000000002,7,1,73.34,28,30,2,0,Ligand_6251
382.1099614360001,7,3.286600000000001,7,1,86.23,27,29,3,0,Ligand_6252
435.1034961520001,8,1.60732,9,1,115.55,29,31,3,0,Ligand_6253
456.1038305000001,9,2.3412,9,1,111.37,31,34,5,0,Ligand_6254
509.142070088,5,3.323100000000002,8,0,82.77,36,40,2,0,Ligand_6255
412.199821996,8,2.9568000000000003,5,1,77.10000000000001,30,32,1,0,Ligand_6257
340.105921612,5,2.4099000000000004,6,1,90.54,25,27,1,0,Ligand_6259
423.143035392,6,3.2604000000000024,8,1,112.78,31,34,5,0,Ligand_6261
415.1065615760001,2,3.4015000000000013,4,2,87.74000000000001,27,28,2,0,Ligand_6262
483.123084232,7,2.9553200000000013,7,1,118.81,32,34,2,0,Ligand_6264
473.198442092,6,3.1288000000000027,5,2,116.67,33,36,4,0,Ligand_6267
329.11240396,5,0.5488999999999999,9,0,101.13000000000002,24,26,5,0,Ligand_6268
394.152871804,6,2.6807000000000007,6,1,86.63,29,31,2,0,Ligand_6269
393.04531258,5,2.04192,8,1,106.84,26,28,4,0,Ligand_6270
466.090010276,6,2.9083200000000007,7,1,83.78,30,33,3,0,Ligand_6271
354.082032436,7,2.4919,6,1,92.26,23,24,1,0,Ligand_6272
326.050732308,5,1.7116999999999998,6,1,92.26,21,22,1,0,Ligand_6273
384.09259712,8,2.5005000000000006,7,1,101.49,25,26,1,0,Ligand_6274
412.12389724799993,9,3.1366000000000014,7,1,101.49,27,28,1,0,Ligand_6275
382.113332564,6,2.964640000000002,6,1,92.26,25,26,1,0,Ligand_6276
343.03353886800005,2,2.29828,3,2,81.99000000000001,23,24,3,0,Ligand_6280
411.059753616,3,3.393220000000001,3,2,78.51,28,30,2,0,Ligand_6281
399.050061524,4,1.9799,4,2,95.58,27,29,4,0,Ligand_6282
432.07152524,3,0.0806199999999996,7,2,119.27,29,31,3,0,Ligand_6283
494.087175304,4,1.83084,6,3,130.13,34,37,3,0,Ligand_6284
414.115104304,5,1.0498999999999998,6,3,126.2,29,31,5,0,Ligand_6286
517.113055704,9,2.0438,7,2,123.27,35,37,3,0,Ligand_6287
417.1688562160001,7,3.2634000000000016,5,1,80.76,31,34,4,0,Ligand_6288
443.15149190000005,6,1.8551,5,0,87.23,31,34,5,0,Ligand_6292
310.044584308,6,1.3679999999999997,4,2,89.26,20,21,5,0,Ligand_6293
324.023848864,5,1.8504,5,2,106.33,21,22,4,0,Ligand_6294
296.028934244,5,1.3254999999999997,4,2,89.26,19,20,5,0,Ligand_6295
276.023848864,3,-0.1320999999999998,5,1,89.7,17,18,5,0,Ligand_6296
435.182792028,5,1.891399999999999,5,1,96.02,30,33,1,0,Ligand_6297
450.091928424,8,3.433020000000002,8,1,103.82,30,32,3,0,Ligand_6298
497.2348276,7,3.902700000000003,4,2,95.58,35,38,1,0,Ligand_6299
400.145678248,6,2.8613000000000017,4,1,75.71000000000001,28,31,4,0,Ligand_6301
461.162056584,7,2.2605000000000004,6,1,105.25,32,34,3,0,Ligand_6302
471.182792028,5,3.0321000000000016,5,1,96.02,33,36,4,0,Ligand_6303
415.15657728,5,2.5517200000000004,4,1,86.79,29,31,3,0,Ligand_6304
471.182792028,5,3.0321000000000016,5,1,96.02,33,36,4,0,Ligand_6305
485.198442092,6,2.7098000000000013,5,1,96.02,34,37,4,0,Ligand_6306
447.219177536,3,2.643300000000001,4,0,78.0,31,34,4,0,Ligand_6307
475.133254992,5,3.107000000000002,4,1,86.79,32,35,4,0,Ligand_6308
517.243752472,9,3.048000000000001,10,1,106.35,38,42,1,0,Ligand_6312
394.211724072,6,2.940500000000001,7,1,84.64999999999999,29,32,1,0,Ligand_6313
428.25358888400007,6,2.0948999999999995,8,0,92.93,31,34,1,0,Ligand_6314
374.206638692,7,0.9724999999999996,8,1,101.71999999999998,27,29,1,0,Ligand_6315
435.2382731680001,6,2.0145,8,0,79.1,32,36,1,0,Ligand_6317
437.2175377240001,7,1.6240999999999997,9,1,104.95999999999998,32,35,1,0,Ligand_6318
374.20663869200007,7,1.114999999999999,8,1,101.71999999999998,27,29,1,0,Ligand_6319
380.196074008,6,2.694500000000001,7,1,84.64999999999999,28,31,1,0,Ligand_6320
424.1859032480001,7,1.7088999999999996,9,1,110.95,31,34,1,0,Ligand_6321
442.196467932,8,1.5579999999999998,10,1,112.34,32,35,1,0,Ligand_6322
452.217203376,9,1.1840999999999997,9,1,110.95,33,36,1,0,Ligand_6323
451.23318778800007,6,1.2509,9,0,88.33,33,37,1,0,Ligand_6324
418.156242932,5,3.035300000000001,6,1,84.94000000000001,29,31,1,0,Ligand_6325
418.156242932,5,3.035300000000001,6,1,84.94000000000001,29,31,1,0,Ligand_6326
364.145678248,8,2.776400000000001,5,2,76.66000000000001,25,26,2,0,Ligand_6329
446.235161948,9,2.767500000000001,6,2,73.91000000000001,31,33,2,0,Ligand_6330
428.140592868,7,3.567200000000001,6,2,85.89000000000001,30,32,2,0,Ligand_6331
336.11437812,6,1.9962,5,2,76.66000000000001,23,24,2,0,Ligand_6332
412.145678248,7,3.9487000000000014,5,2,76.66000000000001,29,31,3,0,Ligand_6338
323.126991404,6,2.7402200000000008,5,1,77.25,24,26,5,0,Ligand_6339
362.137890436,5,1.9742,6,1,77.63,27,30,1,0,Ligand_6340
335.082743644,2,1.3267399999999998,5,1,93.45,23,25,1,0,Ligand_6341
392.023370196,4,2.0238,5,2,119.46999999999998,26,28,5,0,Ligand_6343
450.099790676,5,3.252940000000001,7,2,131.26,32,35,5,0,Ligand_6344
358.06234254799995,4,1.3703999999999996,5,2,119.46999999999998,25,27,5,0,Ligand_6345
436.084140612,5,2.9445200000000007,7,2,131.26,31,34,5,0,Ligand_6346
397.098393708,4,2.6225000000000005,5,0,84.66,28,31,5,0,Ligand_6347
367.1102957840001,5,2.6041000000000007,7,1,81.29,26,29,5,0,Ligand_6350
397.1208604680001,6,2.6127,8,1,90.51999999999998,28,31,5,0,Ligand_6351
425.0966794559999,7,2.6034000000000006,7,0,82.14,28,30,1,0,Ligand_6354
398.1511575519999,3,2.1356,6,1,94.17000000000002,27,29,2,0,Ligand_6355
351.158291532,6,3.090120000000001,5,1,73.22,26,28,4,0,Ligand_6357
385.11931918,7,3.8252000000000015,5,1,73.22,27,29,3,0,Ligand_6359
361.0986457160001,4,2.4092200000000004,7,1,98.48,26,28,5,0,Ligand_6364
337.10625596000006,5,2.6632000000000007,7,0,83.31000000000002,25,27,3,0,Ligand_6365
309.07832696,4,0.7348199999999998,4,3,111.89,21,22,1,0,Ligand_6371
461.1442983440001,10,3.4536000000000024,7,0,79.81,31,33,5,0,Ligand_6375
335.039833276,4,1.5429199999999998,6,1,80.54,22,24,5,0,Ligand_6378
365.05039796,5,2.26392,7,1,89.76999999999998,24,26,4,0,Ligand_6379
414.169190564,5,3.2169000000000016,7,1,103.16,31,34,5,0,Ligand_6380
430.164105184,5,2.835400000000001,8,1,112.39,32,35,5,0,Ligand_6381
329.10117058000003,5,0.8219999999999998,7,1,103.43,24,26,3,0,Ligand_6382
476.24235550399993,8,3.049800000000001,6,0,75.09,35,38,2,0,Ligand_6384
333.11134134,3,3.0898200000000013,5,1,77.13,25,28,2,0,Ligand_6385
435.1794209,7,2.0078,6,1,89.87,32,35,2,0,Ligand_6386
407.136031864,7,0.9382999999999996,9,2,103.31,28,30,2,0,Ligand_6389
390.099790676,7,1.7529,9,2,133.5,27,28,1,0,Ligand_6390
326.104876056,5,0.1864000000000002,8,1,107.64,22,23,4,0,Ligand_6391
343.1895916600001,7,3.5168000000000017,5,1,77.25,25,27,3,0,Ligand_6392
345.16885621600005,8,2.3631,6,1,86.48,25,27,3,0,Ligand_6393
371.148120772,9,2.9859000000000018,7,1,99.62,27,29,5,0,Ligand_6394
411.1794209,10,3.401500000000002,7,1,95.71,30,32,3,0,Ligand_6395
392.173607248,8,4.128020000000003,4,2,80.56,29,31,1,0,Ligand_6396
364.094688232,4,4.1503200000000025,5,1,89.88000000000001,27,30,5,0,Ligand_6398
286.08412354800004,3,3.1732400000000016,4,1,80.65,21,23,2,0,Ligand_6399
446.070320388,5,3.432000000000002,5,0,83.97000000000001,30,33,4,0,Ligand_6401
447.2191775359999,11,2.743500000000001,6,1,75.02,31,33,4,0,Ligand_6406
411.114043772,7,3.6956200000000026,5,1,77.77000000000001,29,32,1,0,Ligand_6407
441.160993964,10,4.026620000000004,5,1,77.77,31,33,1,0,Ligand_6409
461.1063715479999,10,4.371600000000004,5,1,77.77,31,33,1,0,Ligand_6411
387.06219822800006,6,3.274000000000002,7,1,95.71,27,30,1,0,Ligand_6415
378.169190564,3,2.8847400000000007,4,1,82.44000000000001,28,31,5,0,Ligand_6416
501.193356712,6,3.040700000000002,6,1,105.25,35,38,4,0,Ligand_6417
505.22465684,5,2.1864999999999988,6,0,104.3,35,38,4,0,Ligand_6418
491.1362357599999,7,1.0888,8,1,123.71,34,37,1,0,Ligand_6419
488.136570108,6,1.0300000000000002,7,2,134.35,34,37,1,0,Ligand_6420
461.125671076,6,1.0802,7,1,114.48,32,35,1,0,Ligand_6421
493.089675928,6,3.2697000000000003,5,1,86.79,32,35,1,0,Ligand_6422
463.250477664,8,3.327300000000002,4,1,86.78999999999999,32,34,4,0,Ligand_6423
489.266127728,6,3.763700000000002,4,2,95.58,34,37,4,0,Ligand_6424
445.1129982160001,5,2.856920000000001,5,1,86.79,30,33,1,0,Ligand_6425
481.167141964,7,3.2843000000000018,5,1,99.93,34,37,1,0,Ligand_6426
487.177706648,7,2.3016999999999994,6,1,105.25,34,37,1,0,Ligand_6427
485.1984420920001,7,3.025400000000001,5,0,87.23,34,37,5,0,Ligand_6428
434.1511575519999,7,2.4884000000000004,6,1,94.17000000000002,30,32,3,0,Ligand_6429
400.10929274,4,2.1591,5,1,92.78000000000002,28,31,1,0,Ligand_6430
418.119857424,7,2.6072000000000006,6,2,110.8,29,31,1,0,Ligand_6431
394.164105184,5,3.3051200000000023,6,2,94.36,29,31,3,0,Ligand_6432
412.1746698679999,6,3.1542200000000014,7,2,95.75,30,32,3,0,Ligand_6433
466.23285344,11,2.5773200000000003,8,3,133.39,34,36,2,0,Ligand_6434
488.1529691200001,5,1.8669,7,0,96.06999999999998,34,38,3,0,Ligand_6437
415.129883864,8,3.486200000000002,6,1,82.45,29,31,1,0,Ligand_6438
379.18959166,8,3.870320000000002,5,1,73.22,28,30,3,0,Ligand_6439
409.200156344,9,3.5313200000000027,6,1,82.45,30,32,1,0,Ligand_6440
377.173941596,6,1.97494,5,1,73.1,28,30,5,0,Ligand_6441
346.098728056,5,1.6926,4,1,75.71,24,26,5,0,Ligand_6443
420.091055832,6,2.7292000000000014,4,1,83.55000000000001,28,30,2,0,Ligand_6444
400.145678248,6,2.960500000000001,4,1,83.55000000000001,28,30,3,0,Ligand_6445
456.18089812000005,6,2.0478,6,2,104.12,33,36,3,0,Ligand_6446
375.1365105320001,5,2.508460000000001,7,2,109.48,26,28,3,0,Ligand_6447
390.0885572959999,6,2.652700000000001,7,2,106.87,27,29,3,0,Ligand_6448
440.037974704,4,2.35522,8,1,93.01,28,31,5,0,Ligand_6449
398.114772044,8,1.3159999999999996,8,1,105.09,27,28,3,0,Ligand_6451
355.164439532,2,1.3741999999999996,8,0,74.28999999999999,26,29,2,0,Ligand_6453
396.179755248,5,2.0239,7,2,88.73,29,32,1,0,Ligand_6455
461.1353631679999,9,3.1696000000000017,6,1,97.41,32,34,4,0,Ligand_6456
379.153206152,7,3.047200000000001,4,1,78.95,28,30,4,0,Ligand_6457
425.195070964,9,3.070000000000002,5,1,88.18,31,33,4,0,Ligand_6458
441.189985584,9,2.824620000000001,6,1,97.41,32,34,4,0,Ligand_6459
419.148120772,7,3.6544000000000025,5,1,92.09,31,34,4,0,Ligand_6460
339.169524912,6,1.6044399999999996,6,1,81.28999999999999,25,27,5,0,Ligand_6461
353.185174976,7,1.8584199999999995,6,1,81.28999999999999,26,28,5,0,Ligand_6462
465.07613404,8,3.2135000000000016,7,2,123.16,31,33,5,0,Ligand_6463
491.057432648,5,1.7351999999999994,7,1,107.24,33,35,3,0,Ligand_6465
436.247440884,6,3.9117200000000025,5,1,74.77000000000001,32,35,3,0,Ligand_6466
452.205969996,6,2.2171199999999995,6,2,104.12,33,36,3,0,Ligand_6467
391.21205842000006,3,2.8028000000000013,7,1,88.83000000000001,29,33,3,0,Ligand_6468
438.1934871640001,4,3.7389000000000023,6,1,75.94,31,35,3,0,Ligand_6469
461.1950709639999,8,4.141720000000004,6,1,89.99000000000001,34,37,5,0,Ligand_6470
348.168521868,8,2.3381,6,1,73.17,25,26,1,0,Ligand_6472
473.144298344,7,3.046520000000001,7,2,96.86,32,35,1,0,Ligand_6476
319.099062404,5,2.7764200000000008,6,1,73.34,22,23,5,0,Ligand_6477
441.172227344,8,3.140900000000002,5,1,80.64,31,34,3,0,Ligand_6480
457.167141964,8,2.759400000000001,6,1,89.87,32,35,3,0,Ligand_6481
392.188211756,7,1.4937000000000002,5,1,74.64999999999999,27,29,4,0,Ligand_6482
407.187877408,10,2.3587,5,1,80.64,28,30,3,0,Ligand_6483
485.1984420920001,10,3.192000000000001,6,1,89.86999999999999,34,37,3,0,Ligand_6485
401.104541708,5,2.9023200000000013,6,3,117.50999999999998,28,30,4,0,Ligand_6486
422.070320388,6,2.4595200000000004,5,2,101.57,28,30,2,0,Ligand_6488
485.198442092,6,2.7098000000000004,5,1,96.02,34,37,4,0,Ligand_6489
427.258339916,11,2.954200000000001,7,1,90.52,31,33,4,0,Ligand_6491
435.088891644,4,2.4655000000000005,6,0,96.88,31,35,3,0,Ligand_6494
361.1538748480001,4,1.97744,6,1,81.28999999999999,27,30,5,0,Ligand_6495
342.157957184,3,2.4130000000000003,4,2,84.5,25,27,4,0,Ligand_6496
394.092260684,6,1.1576,5,3,121.6,26,27,4,0,Ligand_6497
397.07324158,6,1.9493,6,1,109.58,28,31,2,0,Ligand_6499
406.24810958000006,7,3.2131000000000016,6,1,75.42,30,33,1,0,Ligand_6500
308.19607400800004,6,0.4428000000000001,7,1,83.47999999999999,22,23,5,0,Ligand_6501
438.1934871640001,4,3.7389000000000023,6,1,75.94,31,35,3,0,Ligand_6502
447.170667784,4,3.301720000000002,6,0,76.51,33,37,2,0,Ligand_6503
429.216475104,7,3.336540000000001,6,1,81.81,32,35,3,0,Ligand_6511
429.216475104,6,3.427360000000002,6,1,81.81,32,35,3,0,Ligand_6512
393.216475104,4,3.208940000000001,6,1,81.81,29,32,3,0,Ligand_6513
421.15724597600007,6,3.1804400000000017,7,1,81.81,30,33,3,0,Ligand_6514
475.221954408,8,3.136140000000002,8,1,100.27,35,38,3,0,Ligand_6515
445.211389724,7,3.127540000000001,7,1,91.04,33,36,3,0,Ligand_6516
459.227039788,8,3.6927400000000015,7,1,91.04,34,37,3,0,Ligand_6517
429.216475104,7,3.256460000000001,6,1,81.81,32,35,3,0,Ligand_6518
459.1906542800001,7,3.4045400000000017,8,1,108.11,34,37,3,0,Ligand_6519
421.247775232,6,3.674140000000002,6,1,81.81,31,34,2,0,Ligand_6520
414.103161804,8,-0.0370999999999985,6,2,117.57999999999998,27,28,5,0,Ligand_6521
235.106924656,3,0.8769199999999997,6,2,92.41,17,18,4,0,Ligand_6522
273.086189212,2,1.2920399999999996,7,2,105.55,20,22,4,0,Ligand_6523
331.10692465600005,3,2.749200000000001,6,2,92.41,25,28,1,0,Ligand_6524
451.120191772,7,3.101600000000002,6,0,96.88,32,35,3,0,Ligand_6525
386.139033308,2,1.1538,7,0,78.07000000000001,28,32,2,0,Ligand_6526
535.3522403,6,5.289520000000006,6,1,79.7,39,43,2,0,Ligand_6527
521.336590236,6,4.981100000000005,6,1,79.70000000000002,38,42,2,0,Ligand_6528
569.244975596,4,4.456200000000004,7,0,101.12,41,45,4,0,Ligand_6529
433.15724597600007,3,4.228320000000003,7,1,79.60000000000001,31,35,2,0,Ligand_6530
363.071133404,5,1.89384,6,1,80.54,24,26,4,0,Ligand_6531
363.071133404,4,2.1597600000000003,6,1,80.53999999999999,24,26,4,0,Ligand_6532
409.076612708,6,1.86854,8,1,99.0,27,29,4,0,Ligand_6533
497.086131836,5,1.2552399999999997,9,1,121.16,32,35,4,0,Ligand_6534
357.1259458480001,5,2.4546,7,1,76.19,25,28,3,0,Ligand_6535
467.172417372,4,3.1839000000000013,6,1,83.61000000000001,33,37,4,0,Ligand_6536
393.205241724,8,3.744300000000002,5,1,73.34,29,31,1,0,Ligand_6537
367.099062404,2,2.9351200000000013,5,1,81.06,26,29,2,0,Ligand_6538
398.15249494400007,4,1.79004,7,0,84.22000000000001,28,31,4,0,Ligand_6539
407.232125168,4,3.3464600000000013,6,1,81.81,30,33,2,0,Ligand_6541
405.180089596,5,2.9778600000000006,7,1,94.95,30,33,3,0,Ligand_6542
427.17433552,9,2.5162000000000004,6,1,97.41,31,33,4,0,Ligand_6543
321.11134134,4,2.4934000000000003,5,1,73.22,24,26,2,0,Ligand_6544
476.1266741200001,6,2.6924400000000004,8,2,135.94,34,37,1,0,Ligand_6545
454.131090804,5,1.81412,7,1,110.6,32,35,5,0,Ligand_6546
458.106018928,5,1.6447999999999994,7,1,110.6,32,35,5,0,Ligand_6547
432.16766634,5,0.2497000000000009,9,1,88.53,30,33,4,0,Ligand_6549
353.06163134,5,0.98582,9,1,94.8,23,25,4,0,Ligand_6551
438.101620516,6,3.5915000000000026,5,1,88.85000000000001,29,31,1,0,Ligand_6555
418.156242932,6,3.246520000000002,5,1,88.85000000000001,29,31,1,0,Ligand_6556
273.11134134,5,0.9075,5,2,84.34,20,21,5,0,Ligand_6557
475.1235629,5,3.167300000000002,6,2,104.81,32,35,4,0,Ligand_6558
446.1511575519999,6,2.931540000000001,5,2,113.01,31,33,1,0,Ligand_6559
401.140927216,6,2.896200000000001,5,1,84.55,28,31,3,0,Ligand_6560
473.162056584,8,1.9579,6,2,114.04,33,36,1,0,Ligand_6561
322.088832068,5,2.7830000000000013,5,1,81.76,23,25,5,0,Ligand_6563
380.14059286800006,7,2.30574,6,1,86.63,26,27,3,0,Ligand_6564
403.12019177200006,6,3.274440000000002,7,1,103.43,28,30,5,0,Ligand_6565
452.1551973760001,3,1.294,6,1,90.03,30,33,4,0,Ligand_6566
373.109627088,4,2.2194000000000003,4,2,95.58,26,28,1,0,Ligand_6568
489.139212964,6,2.8450000000000006,6,2,104.81,33,36,4,0,Ligand_6572
388.10929274,6,1.9539,6,0,89.59,27,29,4,0,Ligand_6573
366.124942804,5,1.744199999999999,6,1,98.38,25,27,4,0,Ligand_6574
404.10420736,7,1.6203,7,1,107.61,28,30,2,0,Ligand_6575
402.124942804,7,2.2152000000000003,6,1,98.38,28,30,4,0,Ligand_6576
390.088557296,6,1.9426,7,1,107.61,27,29,3,0,Ligand_6577
374.093642676,6,3.468020000000002,6,1,90.66,26,28,1,0,Ligand_6578
325.142641468,4,3.557100000000002,5,1,81.16000000000001,24,26,2,0,Ligand_6585
468.0925971200001,7,4.021220000000002,9,1,94.82,32,35,5,0,Ligand_6587
411.1616626600001,6,4.3550400000000025,5,1,75.44,29,32,1,0,Ligand_6588
457.183540976,7,4.288040000000004,5,1,75.44,32,35,1,0,Ligand_6589
414.124942804,7,3.716840000000003,6,0,89.71,29,31,1,0,Ligand_6590
441.208612852,10,4.537440000000005,5,1,75.44,31,33,4,0,Ligand_6592
380.140592868,8,2.6854400000000007,5,2,97.49,26,27,3,0,Ligand_6596
385.123797844,6,1.6362999999999996,5,1,73.1,28,30,5,0,Ligand_6598
425.117604928,7,2.6452,5,2,91.5,28,30,3,0,Ligand_6601
377.140927216,4,2.00912,5,1,82.71000000000001,26,28,5,0,Ligand_6602
334.098728056,4,1.9795000000000005,4,1,79.47,23,25,2,0,Ligand_6603
372.08136374,9,2.0902000000000003,6,1,88.7,24,25,2,0,Ligand_6604
343.120191772,7,0.1025,6,1,97.71,23,24,3,0,Ligand_6605
423.162805532,7,2.1412999999999998,6,1,80.63999999999999,29,31,3,0,Ligand_6607
360.027219992,8,1.7458000000000002,6,1,89.69999999999999,22,23,2,0,Ligand_6608
497.25258584,7,3.838200000000003,6,1,89.57000000000002,36,39,3,0,Ligand_6610
481.25767122,6,4.138020000000004,5,1,80.34000000000002,35,38,2,0,Ligand_6611
400.1317595000001,5,1.1818,8,0,93.45,28,31,5,0,Ligand_6612
373.2001563440001,8,3.525400000000002,6,1,86.48,27,29,3,0,Ligand_6613
497.125671076,9,2.382100000000001,8,1,124.13,35,38,3,0,Ligand_6614
429.135841836,5,2.9521200000000007,6,0,96.86,30,33,4,0,Ligand_6616
400.145678248,7,4.260520000000003,5,1,81.42999999999999,28,30,4,0,Ligand_6617
347.13036253200005,4,2.6683400000000006,3,2,82.27,24,26,3,0,Ligand_6620
450.149239404,4,3.0318400000000016,4,1,76.72,30,33,4,0,Ligand_6621
411.182792028,5,1.83134,5,1,99.78,28,30,4,0,Ligand_6622
416.188211756,4,2.378440000000001,4,1,76.72,29,32,4,0,Ligand_6623
464.164889468,4,3.3402600000000024,4,1,76.72,31,34,4,0,Ligand_6624
444.219511884,4,3.0753600000000016,4,1,76.72,31,34,4,0,Ligand_6625
375.1616626600001,6,2.3885400000000008,3,2,82.27,26,28,1,0,Ligand_6626
425.198442092,5,2.2214400000000003,5,1,99.78,29,31,4,0,Ligand_6627
460.214426504,5,2.777140000000001,5,1,85.95,32,35,4,0,Ligand_6628
464.164889468,4,3.421940000000003,4,1,76.72,31,34,4,0,Ligand_6629
389.1773127240001,4,3.6752800000000025,3,2,82.27,27,29,3,0,Ligand_6630
389.1773127240001,4,3.6752800000000025,3,2,82.27,27,29,3,0,Ligand_6631
472.214426504,5,2.971140000000002,5,1,93.79,33,36,4,0,Ligand_6632
460.214426504,5,2.777140000000001,5,1,85.95,32,35,4,0,Ligand_6633
401.1773127240001,3,3.397540000000002,3,1,73.48,28,31,4,0,Ligand_6634
469.143819676,6,3.7394400000000023,6,1,89.86999999999998,31,33,3,0,Ligand_6635
439.2140921560001,5,2.23184,6,0,88.91999999999999,30,32,4,0,Ligand_6637
455.128169612,6,3.3493400000000024,6,1,89.86999999999999,30,32,3,0,Ligand_6640
467.172621268,7,1.94094,8,1,108.33,32,34,4,0,Ligand_6642
405.172227344,4,2.531980000000001,5,1,80.64000000000001,28,30,4,0,Ligand_6643
393.172227344,5,2.647960000000001,5,1,84.55,27,29,3,0,Ligand_6644
469.143819676,6,3.7394400000000023,6,1,89.86999999999999,31,33,3,0,Ligand_6645
405.172227344,4,2.531980000000001,5,1,80.64000000000001,28,30,4,0,Ligand_6647
395.131505404,4,2.05424,5,1,80.63999999999999,27,29,4,0,Ligand_6648
461.123226464,5,2.813740000000001,6,1,89.87,31,33,4,0,Ligand_6649
391.15657728,4,2.22356,5,1,80.64000000000001,27,29,4,0,Ligand_6650
449.198442092,6,3.4761400000000027,6,1,89.86999999999999,31,33,3,0,Ligand_6651
419.187877408,5,3.4675400000000023,5,1,80.63999999999999,29,31,3,0,Ligand_6652
432.171892996,2,3.1590200000000017,5,1,88.70000000000002,30,34,2,0,Ligand_6653
406.19262844,7,3.724820000000003,4,2,88.25999999999999,28,30,1,0,Ligand_6654
391.039354608,5,2.19102,7,1,89.76999999999998,26,28,4,0,Ligand_6656
435.110021012,9,1.7226999999999997,11,0,110.48000000000002,30,32,2,0,Ligand_6657
413.253923232,5,0.8223400000000016,8,0,79.62,30,33,1,0,Ligand_6658
434.2430242,6,3.303880000000002,7,1,85.17,32,35,1,0,Ligand_6659
468.212117996,6,3.065840000000001,9,2,128.97,34,37,2,0,Ligand_6660
401.1157750880001,8,1.53062,8,1,116.07,28,30,1,0,Ligand_6662
376.12052612,6,1.5088999999999997,6,1,101.37,26,28,3,0,Ligand_6665
342.121571676,4,2.6813,6,2,89.38000000000001,25,27,2,0,Ligand_6666
470.22776806,5,0.5999000000000003,10,0,115.58,34,37,4,0,Ligand_6668
383.1593541520001,5,0.4341000000000004,8,1,102.36,28,31,5,0,Ligand_6669
433.200156344,6,3.299500000000002,5,1,72.80000000000001,32,35,2,0,Ligand_6671
386.130028184,6,4.032540000000003,5,2,88.41,27,29,4,0,Ligand_6672
364.055148992,6,3.4772000000000016,6,2,88.41,24,26,5,0,Ligand_6673
398.01617664,6,4.130600000000002,6,2,88.41,25,27,5,0,Ligand_6674
448.051618996,6,4.111200000000002,5,2,88.41,30,32,4,0,Ligand_6675
307.11437603199994,5,1.1230999999999998,3,2,78.51,21,22,5,0,Ligand_6678
355.116820644,6,1.7235999999999998,6,1,97.83,26,28,5,0,Ligand_6679
367.1756729120001,9,2.8965000000000014,9,2,106.97,27,29,2,0,Ligand_6681
396.204907376,7,3.273100000000002,5,1,83.55000000000001,29,31,1,0,Ligand_6682
383.136887392,8,3.020900000000001,5,1,93.14,28,30,2,0,Ligand_6684
338.090271548,4,1.8492,5,1,92.78,25,27,3,0,Ligand_6687
460.195799236,6,1.3605,8,2,118.67000000000002,33,36,3,0,Ligand_6688
401.195070964,5,2.4624,6,2,89.13000000000001,29,32,3,0,Ligand_6689
329.126322708,3,2.2083000000000004,5,0,76.82,24,26,4,0,Ligand_6690
345.10462196,5,1.7981000000000005,5,0,72.91,23,24,4,0,Ligand_6691
385.109627088,5,2.02588,5,1,99.5,27,29,5,0,Ligand_6694
369.032418092,5,2.670840000000001,6,1,86.36,22,23,3,0,Ligand_6696
389.2314564720001,6,2.3041,4,1,78.95,28,29,4,0,Ligand_6697
359.18450628000005,7,2.69738,6,1,82.45,26,27,1,0,Ligand_6699
412.1569116280001,8,2.1612,5,1,74.77000000000001,29,31,4,0,Ligand_6700
224.116092372,5,1.03402,4,1,74.44,16,16,4,0,Ligand_6701
265.052112212,5,1.7868,7,0,78.11,18,19,4,0,Ligand_6702
368.084220864,4,1.574,5,0,80.06000000000002,25,27,4,0,Ligand_6703
409.1208604680001,8,2.6633000000000004,8,1,91.16,29,32,2,0,Ligand_6705
241.11748934,5,-0.4688999999999994,8,1,89.47,17,17,5,0,Ligand_6706
263.042987008,4,1.1914,3,4,127.68999999999998,19,20,1,0,Ligand_6707
401.1142338,5,2.318,4,2,87.74000000000001,28,30,2,0,Ligand_6708
395.19573966,4,1.6969999999999996,8,0,82.13,29,32,1,0,Ligand_6710
303.096753896,5,0.6331999999999995,8,1,108.23,22,24,2,0,Ligand_6711
444.1896512359999,8,2.51072,7,1,95.56,32,34,3,0,Ligand_6712
331.073910276,5,1.62918,8,1,102.06,23,25,2,0,Ligand_6713
431.187877408,8,2.2748,5,1,78.95,30,32,1,0,Ligand_6714
291.10191952800005,5,1.8376,5,1,73.22,21,22,3,0,Ligand_6715
296.127325752,5,2.875320000000001,5,1,72.95,22,24,2,0,Ligand_6717
373.1208604680001,5,1.5680799999999997,6,1,108.09,26,28,3,0,Ligand_6718
434.087175304,6,1.4413000000000002,7,1,102.76,29,31,3,0,Ligand_6719
424.12052612,6,2.4758000000000004,6,1,101.37,30,33,3,0,Ligand_6720
407.1052104040001,5,2.14488,6,1,108.09,29,32,3,0,Ligand_6721
487.110136916,5,3.6541000000000015,7,1,79.60000000000001,33,36,3,0,Ligand_6722
406.164105184,5,2.624720000000001,7,1,86.85,30,33,3,0,Ligand_6724
372.168521868,6,2.960240000000001,6,1,78.79000000000002,27,29,1,0,Ligand_6726
444.216140756,8,4.279340000000003,6,1,77.75,33,36,1,0,Ligand_6728
522.284220316,13,3.9159000000000015,7,2,94.06000000000002,38,40,2,0,Ligand_6729
422.108247184,3,0.7043999999999999,7,2,121.93,28,31,1,0,Ligand_6730
431.118273624,5,2.6881200000000005,7,1,79.60000000000001,29,32,2,0,Ligand_6731
401.1321741,4,2.13132,7,1,79.60000000000001,28,31,2,0,Ligand_6732
411.227039788,7,1.7472199999999996,7,1,80.87,30,33,5,0,Ligand_6734
441.0245558399999,6,2.945220000000001,5,0,76.82,26,28,2,0,Ligand_6736
417.1470752160001,7,1.8029,9,2,119.67,29,31,4,0,Ligand_6738
459.162805532,8,2.498100000000001,4,2,95.57999999999998,32,35,3,0,Ligand_6740
426.136176184,9,3.3322000000000016,7,3,113.44,30,32,4,0,Ligand_6741
349.05548334,5,1.58542,6,1,80.54,23,25,5,0,Ligand_6742
231.100776656,5,1.5446,4,1,82.01,17,18,2,0,Ligand_6743
368.14845512,8,3.1102000000000016,7,1,99.37,27,29,2,0,Ligand_6744
367.1756729120001,7,2.9706200000000003,9,1,98.18,27,29,2,0,Ligand_6747
463.177502752,8,3.9915400000000014,6,1,81.81,33,36,3,0,Ligand_6748
382.0190337639999,4,3.428000000000001,5,2,88.41,25,27,4,0,Ligand_6749
459.12864828,5,3.025540000000001,7,1,88.07,31,34,5,0,Ligand_6751
496.243418124,9,2.71284,10,1,112.86,36,39,1,0,Ligand_6752
437.2175377240001,7,1.6241,9,1,104.95999999999998,32,35,1,0,Ligand_6753
498.247834808,9,3.162000000000001,9,1,96.19,36,39,3,0,Ligand_6754
360.13347375200004,5,1.2694,7,1,94.18,27,30,5,0,Ligand_6755
452.217203376,5,1.7295199999999995,8,0,102.04,33,36,3,0,Ligand_6756
410.206638692,7,1.9552,8,0,85.09,30,33,1,0,Ligand_6758
364.20115938800006,5,2.912640000000001,6,1,75.42,27,30,4,0,Ligand_6759
438.23793882000007,9,2.4233,8,1,93.88,32,35,1,0,Ligand_6760
360.22737413600004,9,1.5899999999999996,7,1,84.64999999999999,26,28,1,0,Ligand_6761
412.1778371000001,7,3.771300000000002,6,2,84.21000000000001,29,32,2,0,Ligand_6762
376.16477388,7,3.2091200000000013,7,2,97.35,28,31,5,0,Ligand_6763
440.19721688,6,2.1735999999999995,8,1,93.88,32,36,3,0,Ligand_6764
456.1676663400001,6,2.37,8,1,93.88,32,36,1,0,Ligand_6765
429.248837852,5,0.5643000000000018,9,0,88.33,31,35,5,0,Ligand_6766
414.23793882,4,1.6586999999999996,8,0,85.09,30,34,5,0,Ligand_6767
426.1815668160001,5,2.177999999999999,8,1,93.88,31,35,1,0,Ligand_6768
468.212117996,7,2.0561,10,1,112.34,34,38,1,0,Ligand_6769
472.16258096000007,6,2.7009000000000007,9,1,103.11,33,37,1,0,Ligand_6770
435.2382731680001,10,2.10612,7,2,104.52,32,35,4,0,Ligand_6771
350.130028184,8,2.3863000000000003,5,2,76.66000000000001,24,25,2,0,Ligand_6773
404.18821175599993,7,1.597199999999999,6,2,73.91000000000001,28,30,2,0,Ligand_6774
418.20386181999993,8,1.987299999999999,6,2,73.91000000000001,29,31,2,0,Ligand_6776
450.08163402,5,5.130900000000004,5,2,88.41,30,33,4,0,Ligand_6778
324.089225992,6,0.1864999999999996,8,1,99.12,22,23,3,0,Ligand_6779
396.084553124,5,2.3853,6,1,86.11000000000001,28,30,3,0,Ligand_6782
529.2212857119999,8,4.602200000000003,7,1,93.48000000000002,39,43,2,0,Ligand_6783
504.200884616,8,3.971700000000003,8,1,110.28000000000002,37,41,2,0,Ligand_6784
529.2212857119999,8,4.602200000000004,7,1,93.48,39,43,2,0,Ligand_6785
372.11437812,5,2.0090000000000003,4,1,75.71000000000001,26,29,5,0,Ligand_6789
375.071133404,6,2.944920000000001,7,1,72.7,25,27,3,0,Ligand_6790
409.070087848,8,3.1304200000000018,9,1,89.25,26,28,3,0,Ligand_6791
394.0324954000001,6,3.238700000000001,7,1,76.36000000000001,25,27,3,0,Ligand_6793
390.0620459400001,6,3.0394000000000005,7,1,76.36,26,29,3,0,Ligand_6794
381.03878772,6,2.35022,9,1,89.25,24,26,3,0,Ligand_6795
388.10276788,7,3.283820000000002,7,1,76.36000000000001,26,28,3,0,Ligand_6796
432.128982628,9,3.2187400000000013,8,1,85.59,29,31,3,0,Ligand_6797
432.128982628,9,3.2187400000000013,8,1,85.59,29,31,3,0,Ligand_6798
418.1528718039999,3,2.9978000000000016,5,0,83.97,31,35,3,0,Ligand_6799
484.214426504,6,2.5212000000000003,5,1,90.03,34,37,4,0,Ligand_6800
455.187877408,5,2.7636200000000004,4,1,86.79,32,35,4,0,Ligand_6801
470.19877644,6,2.1311,5,1,90.03,33,36,4,0,Ligand_6802
445.147155468,5,2.2042,4,1,86.79,31,34,4,0,Ligand_6803
475.133254992,5,3.108600000000001,4,1,86.79,32,35,4,0,Ligand_6804
407.187877408,6,2.0550999999999995,4,1,86.78999999999999,28,30,4,0,Ligand_6805
366.082032436,4,2.2734200000000007,6,1,92.26,24,26,2,0,Ligand_6807
380.0976825,4,2.519420000000001,6,1,92.26,25,27,2,0,Ligand_6808
425.206304344,6,3.175600000000002,7,1,92.84,31,34,1,0,Ligand_6809
373.211389724,5,2.1959,6,1,79.70000000000002,27,29,1,0,Ligand_6810
387.227039788,6,2.5860000000000003,6,1,79.70000000000002,28,30,1,0,Ligand_6811
401.242689852,6,2.8320000000000016,6,1,79.70000000000002,29,31,1,0,Ligand_6812
373.211389724,5,2.2887000000000004,6,1,79.70000000000002,27,29,1,0,Ligand_6813
401.242689852,6,2.924800000000001,6,1,79.70000000000002,29,31,1,0,Ligand_6814
264.065868368,2,1.6708999999999996,5,4,107.37,19,20,1,0,Ligand_6815
426.190319932,5,1.9831,8,1,86.96000000000001,31,34,1,0,Ligand_6816
372.087684704,6,3.8957000000000015,5,2,80.57000000000001,26,28,2,0,Ligand_6817
297.07832696,5,1.2381,6,1,82.45,20,21,3,0,Ligand_6818
434.19877644,8,3.102040000000001,6,1,93.53,30,32,1,0,Ligand_6822
492.120251348,8,1.6728999999999998,9,3,149.48999999999998,34,36,5,0,Ligand_6823
377.086783468,6,2.6508000000000003,7,1,73.22,25,27,1,0,Ligand_6825
371.097348152,6,0.4887999999999997,8,0,73.66,24,26,3,0,Ligand_6827
432.0384533720001,6,3.076600000000001,9,1,86.10999999999999,28,31,1,0,Ligand_6828
465.104164848,8,3.088020000000001,9,2,114.69000000000004,32,35,5,0,Ligand_6830
306.07866130799994,5,1.2711,7,1,92.26,21,23,5,0,Ligand_6831
392.145301388,8,2.6346000000000007,8,2,98.72,26,28,2,0,Ligand_6832
429.183460724,10,2.2126,8,1,83.2,30,32,2,0,Ligand_6834
220.107259004,3,0.2163999999999991,6,2,84.72999999999999,16,17,4,0,Ligand_6838
284.102173624,3,0.8257999999999999,7,3,104.96,21,23,2,0,Ligand_6839
354.069908192,4,2.773000000000001,7,2,84.72999999999999,25,28,4,0,Ligand_6840
348.13347375200004,4,2.7822400000000007,7,2,97.87,26,29,4,0,Ligand_6841
490.22162006,6,2.0402,7,0,84.32,36,40,2,0,Ligand_6843
347.078516988,4,1.7546999999999997,8,0,91.9,24,26,3,0,Ligand_6844
488.1352108800001,4,2.3973000000000004,7,1,82.07999999999998,33,37,1,0,Ligand_6845
466.2380190720001,6,4.194960000000004,6,0,76.8,34,37,4,0,Ligand_6846
368.184840628,9,2.1834,6,1,78.27,27,29,4,0,Ligand_6847
453.26275659999993,8,3.0622000000000007,6,2,87.74000000000001,33,36,1,0,Ligand_6848
318.11167568800005,3,3.663820000000003,6,0,73.93,24,27,2,0,Ligand_6849
403.15657728,5,2.6085400000000005,5,1,92.51,28,30,1,0,Ligand_6850
489.22974222,10,3.5819000000000027,5,1,88.18,34,36,2,0,Ligand_6851
372.151015636,5,2.5740000000000007,6,1,75.42,27,30,3,0,Ligand_6852
395.114902496,4,3.3813000000000013,6,2,95.06,28,31,1,0,Ligand_6854
449.1717486759999,3,2.476,7,1,93.89,31,36,5,0,Ligand_6855
395.148120772,5,2.41214,6,2,102.42,29,31,2,0,Ligand_6856
467.0721960240001,6,3.050520000000001,8,2,123.05,32,35,1,0,Ligand_6858
519.167535888,9,0.8090000000000006,8,1,123.71,36,39,1,0,Ligand_6860
301.142641468,6,3.104020000000002,6,1,73.34,22,23,1,0,Ligand_6863
451.157720152,9,1.4812999999999994,6,1,88.17999999999998,31,33,4,0,Ligand_6865
498.1406901840001,8,0.9578000000000008,6,1,107.1,33,35,3,0,Ligand_6866
461.2348276,7,2.4796,5,1,78.95,32,36,3,0,Ligand_6867
481.067089348,7,2.3395,5,1,78.95,29,31,1,0,Ligand_6868
469.13412758400005,9,1.134100000000001,7,1,105.24999999999996,31,33,3,0,Ligand_6869
397.1129982160001,4,2.2199600000000004,6,0,89.33999999999999,26,28,4,0,Ligand_6870
415.087177392,5,0.76644,8,0,107.8,27,29,4,0,Ligand_6871
441.139212964,4,2.05534,7,0,98.57,29,31,4,0,Ligand_6872
452.217203376,7,2.4376000000000007,9,1,103.11,33,37,1,0,Ligand_6873
320.176978376,9,0.981,4,1,75.71000000000001,21,21,1,0,Ligand_6874
405.055004672,7,2.6694000000000013,6,1,102.16,27,29,1,0,Ligand_6877
420.190988628,6,1.957039999999999,7,1,102.23999999999998,31,34,4,0,Ligand_6878
398.130028184,6,3.558600000000002,5,2,76.66000000000001,28,30,2,0,Ligand_6879
400.10929274,5,2.02974,5,2,119.46999999999998,28,30,4,0,Ligand_6880
421.16714196400005,7,1.7631999999999994,6,1,89.87,29,31,5,0,Ligand_6881
421.16714196400005,4,2.0276,6,0,92.83,29,32,1,0,Ligand_6882
533.199584964,7,3.4949200000000022,7,0,110.02,37,40,5,0,Ligand_6883
337.019097832,3,1.23472,6,1,96.44,22,24,2,0,Ligand_6884
389.1157750880001,6,0.5910999999999995,9,1,112.02,27,29,2,0,Ligand_6885
337.10625596000006,5,3.187800000000001,5,2,93.46,25,27,1,0,Ligand_6887
293.035793452,5,1.408,5,1,91.75,20,21,1,0,Ligand_6889
392.134068008,3,3.074200000000002,6,1,75.19,26,28,1,0,Ligand_6893
434.1511575519999,9,2.6443200000000004,6,2,102.96,30,32,4,0,Ligand_6896
359.19573966,4,1.8058000000000003,6,1,79.70000000000002,26,28,1,0,Ligand_6897
373.109627088,8,3.272400000000002,7,1,78.52,26,28,2,0,Ligand_6899
350.09364267599994,5,1.2305,5,1,88.85,24,26,5,0,Ligand_6900
386.097013804,4,0.7781,5,1,100.62,25,27,1,0,Ligand_6902
426.049018056,7,2.0894000000000004,8,1,101.49,27,29,3,0,Ligand_6903
287.126991404,3,0.5736199999999996,5,1,73.1,21,22,5,0,Ligand_6905
379.1102957840001,6,3.227800000000001,6,2,96.87,27,29,3,0,Ligand_6907
401.015842292,6,2.595800000000001,6,1,89.53999999999999,25,26,1,0,Ligand_6908
468.092198704,4,3.1411000000000016,5,0,76.15,31,34,3,0,Ligand_6909
372.11437812,5,2.721400000000001,4,1,75.71,26,29,5,0,Ligand_6910
489.139212964,7,2.624900000000001,6,1,96.02,33,36,1,0,Ligand_6913
489.139212964,5,2.7918400000000005,6,1,96.02,33,36,1,0,Ligand_6914
335.073990528,3,1.8168999999999995,5,1,73.1,23,25,4,0,Ligand_6917
469.203527472,4,3.6419400000000026,4,1,86.79,33,36,4,0,Ligand_6918
292.099396752,4,2.1384,6,1,80.91000000000001,20,21,4,0,Ligand_6920
325.15387484800004,1,1.5195199999999998,6,1,75.92000000000002,24,27,1,0,Ligand_6924
368.1596885,4,-0.2076999999999993,8,1,108.15,27,30,5,0,Ligand_6925
397.175004216,5,0.8700999999999994,9,0,91.36,29,32,5,0,Ligand_6926
411.19065428,5,0.7684999999999997,9,0,91.36,30,33,5,0,Ligand_6927
419.11644378400007,6,2.8755000000000006,8,2,114.17,30,33,3,0,Ligand_6928
419.11644378400007,6,2.8755000000000006,8,2,114.17,30,33,3,0,Ligand_6929
408.14674086800005,7,1.4390599999999991,7,2,119.39,28,29,5,0,Ligand_6930
407.15149190000005,7,2.0440599999999995,6,2,106.5,28,29,5,0,Ligand_6931
407.15149190000005,8,1.41334,6,2,106.5,28,29,5,0,Ligand_6932
320.13722174,5,1.9293,5,2,85.89000000000001,23,24,1,0,Ligand_6934
247.106924656,5,1.3279999999999998,6,1,85.84,18,19,3,0,Ligand_6936
339.121906024,6,2.5407,6,1,86.35999999999999,25,27,1,0,Ligand_6937
314.039498928,7,1.3510999999999995,5,2,102.4,20,21,5,0,Ligand_6938
441.172227344,8,3.617020000000002,7,1,84.67,31,34,3,0,Ligand_6939
395.115106392,7,1.7133,9,0,96.15000000000002,27,29,2,0,Ligand_6940
388.1535405,3,3.363620000000002,6,1,90.02000000000001,29,33,2,0,Ligand_6942
344.09431137199994,3,2.1997,7,1,104.13,24,27,1,0,Ligand_6943
280.051777864,3,0.83799,6,2,84.32,19,20,1,0,Ligand_6944
435.071190892,5,0.8011999999999997,6,3,130.67,29,30,4,0,Ligand_6946
470.087175304,6,1.9339,5,3,124.68,32,34,5,0,Ligand_6947
544.1239547359999,9,1.993599999999999,7,3,143.14,37,39,3,0,Ligand_6948
376.0565438720001,2,0.06572,9,2,110.91,25,27,1,0,Ligand_6949
448.021988204,4,2.2155,5,3,121.6,29,31,4,0,Ligand_6950
390.17664194,4,2.6816000000000004,4,1,75.71000000000001,27,28,1,0,Ligand_6951
415.129883864,6,2.708100000000001,4,2,87.73999999999998,29,31,1,0,Ligand_6952
351.158291532,4,1.9644199999999996,3,2,78.51,26,28,2,0,Ligand_6953
431.124798484,6,2.326600000000001,5,2,96.97,30,32,2,0,Ligand_6954
254.08037556,2,1.8088,6,1,86.94,19,21,1,0,Ligand_6958
371.126991404,5,4.664500000000004,5,1,77.25,28,31,2,0,Ligand_6959
363.101919528,5,4.065700000000003,5,1,81.16000000000001,27,30,5,0,Ligand_6960
360.089225992,3,1.5677,8,1,106.68,25,28,1,0,Ligand_6962
419.070654736,3,2.203900000000001,7,1,96.32,28,31,2,0,Ligand_6963
405.172227344,4,2.989100000000001,8,1,86.91,28,31,3,0,Ligand_6964
443.115106392,10,3.0004000000000017,9,1,112.78000000000002,31,33,2,0,Ligand_6966
381.168856216,7,3.098720000000001,6,1,82.45,28,30,4,0,Ligand_6967
385.100873972,6,3.1801000000000013,5,3,96.01,27,29,2,0,Ligand_6975
386.106705896,5,2.4234,4,1,75.71,25,27,1,0,Ligand_6978
370.075405768,7,2.8935000000000013,4,1,79.62,24,25,5,0,Ligand_6979
448.199821996,6,3.6933400000000023,6,0,80.05999999999999,33,36,1,0,Ligand_6980
295.10692465600005,4,1.9232,6,1,81.92999999999999,22,24,4,0,Ligand_6987
390.157957184,5,4.108460000000003,5,1,85.34,29,32,2,0,Ligand_6988
259.095691276,3,0.4837199999999998,4,2,83.96000000000001,19,20,5,0,Ligand_6991
366.1467238039999,5,4.232780000000003,4,1,76.74000000000001,27,29,2,0,Ligand_6992
340.094688232,5,3.320500000000002,5,1,85.97000000000001,25,27,2,0,Ligand_6994
336.15862588,3,2.5985400000000007,4,3,82.59,25,27,2,0,Ligand_6995
371.093977024,7,3.4023200000000022,7,1,94.32,26,28,4,0,Ligand_7000
371.093977024,7,3.4023200000000022,7,1,94.32,26,28,4,0,Ligand_7001
422.174275944,5,5.265040000000004,4,2,83.98,32,35,2,0,Ligand_7006
358.109961436,4,2.3614000000000006,6,1,92.26,25,27,1,0,Ligand_7009
374.130028184,6,2.8771000000000013,4,1,75.71,26,28,5,0,Ligand_7010
351.088891644,6,1.6477,8,1,99.64,24,25,4,0,Ligand_7019
436.1126638679999,8,2.698300000000001,6,1,84.94,29,31,4,0,Ligand_7021
367.116820644,3,0.8602000000000003,5,0,91.14,27,30,3,0,Ligand_7023
348.11437812,7,1.244,4,2,98.48999999999998,24,25,1,0,Ligand_7047
436.1668076159999,11,2.5026,6,2,116.95,30,31,1,0,Ligand_7048
424.009240124,4,2.7223000000000006,4,1,75.71000000000001,25,27,4,0,Ligand_7051
390.124942804,6,1.8973,5,1,84.94,27,29,4,0,Ligand_7052
428.11544074,8,2.4758000000000004,7,2,119.51,30,32,5,0,Ligand_7053
422.1511575519999,7,3.041500000000001,6,2,102.96,29,30,3,0,Ligand_7056
406.102099184,6,3.453900000000002,5,1,75.71,27,29,5,0,Ligand_7057
338.166413692,4,3.2822000000000022,3,2,75.27000000000001,23,24,2,0,Ligand_7058
374.130028184,5,2.19712,4,1,75.71000000000001,26,28,5,0,Ligand_7067
444.0925971200001,7,3.790700000000002,6,3,117.26,30,32,3,0,Ligand_7070
231.067762276,6,0.6594999999999995,6,1,73.34,15,15,3,0,Ligand_7071
290.083746688,4,2.3849,5,2,83.98,20,21,5,0,Ligand_7073
292.14230712,7,1.7181,4,2,84.50000000000001,21,21,3,0,Ligand_7075
369.114712468,7,3.592800000000002,6,1,73.34,26,28,1,0,Ligand_7078
245.08341234,7,1.0495999999999996,6,1,73.34,16,16,3,0,Ligand_7084
310.044584308,5,2.00502,5,1,76.13,20,21,5,0,Ligand_7086
438.091928424,7,1.261,6,1,109.85,29,31,5,0,Ligand_7087
365.01156784000005,5,2.1104000000000003,6,1,89.02,23,24,5,0,Ligand_7088
424.1126638679999,7,2.3168999999999995,5,2,109.41,28,29,5,0,Ligand_7089
306.103813436,4,2.043,4,2,75.27000000000001,21,22,3,0,Ligand_7091
412.0659839559999,5,2.6812000000000005,4,1,75.71000000000001,27,29,2,0,Ligand_7094
417.135841836,7,2.3546,5,3,113.6,29,31,4,0,Ligand_7096
339.071133404,8,2.4664,7,1,73.34000000000002,22,23,1,0,Ligand_7097
378.104956308,6,2.5353000000000003,4,2,84.5,26,28,4,0,Ligand_7102
353.0867834680001,8,2.4342000000000006,6,1,89.02000000000001,23,24,5,0,Ligand_7104
307.087829024,7,1.9009000000000005,4,1,76.38,21,22,3,0,Ligand_7105
376.10929274,5,1.1789999999999998,5,0,87.9,26,28,3,0,Ligand_7106
380.0976825,8,3.123400000000002,7,2,93.21,25,26,5,0,Ligand_7107
367.120191772,9,2.3952,8,1,91.80000000000004,25,26,2,0,Ligand_7109
311.0398332760001,5,1.5129,6,1,89.02000000000001,20,21,5,0,Ligand_7111
373.02246896,8,1.6889999999999998,8,1,98.25,23,24,5,0,Ligand_7112
315.158291532,6,3.610020000000001,4,2,84.23,23,24,1,0,Ligand_7114
311.039833276,4,1.5673400000000002,6,1,89.02,20,21,5,0,Ligand_7115
367.1024335320001,7,3.1625200000000016,6,1,89.02000000000001,24,25,5,0,Ligand_7116
339.0711334040001,6,2.2114200000000004,6,1,89.02000000000001,22,23,5,0,Ligand_7117
248.079706864,3,1.0582,4,1,75.71000000000001,18,19,5,0,Ligand_7118
405.22770848400006,6,2.836620000000001,8,2,92.43,30,33,3,0,Ligand_7127
275.08408103600004,4,1.61424,6,1,80.66000000000001,19,20,5,0,Ligand_7128
255.007850584,2,2.5042,5,2,76.72,16,17,4,0,Ligand_7133
342.045646928,5,0.95732,6,2,118.12,22,23,3,0,Ligand_7141
389.033396636,4,4.308020000000002,4,2,98.22,26,28,2,0,Ligand_7146
243.067762276,4,0.0037999999999999,3,2,92.5,16,16,3,0,Ligand_7148
324.060234372,6,1.2969,4,2,89.25999999999999,21,22,2,0,Ligand_7149
361.0554833400001,4,3.363920000000001,5,2,88.16,24,26,5,0,Ligand_7151
346.135113564,7,2.944600000000001,3,2,75.27,24,25,5,0,Ligand_7156
304.055148992,4,0.8425999999999998,4,1,83.55,19,20,5,0,Ligand_7158
445.130756456,9,3.4242000000000017,9,1,101.03000000000004,31,33,4,0,Ligand_7159
353.0867834680001,7,2.2901000000000007,6,1,89.02000000000001,23,24,5,0,Ligand_7160
341.05039796,7,1.2379999999999995,7,1,98.25,22,23,5,0,Ligand_7161
326.130028184,7,1.8825,4,2,84.50000000000001,22,23,4,0,Ligand_7164
338.130028184,4,1.9787,4,1,75.71000000000001,23,25,3,0,Ligand_7165
345.07832696,6,2.9914000000000014,7,1,86.48000000000002,24,26,4,0,Ligand_7166
367.1024335320001,9,2.824300000000001,6,1,89.02000000000001,24,25,5,0,Ligand_7169
328.10929273999994,7,0.7287999999999999,5,2,93.73,22,23,4,0,Ligand_7170
369.168856216,4,2.4723000000000006,4,1,82.86,27,29,5,0,Ligand_7171
316.099396752,3,2.14654,5,1,75.19,22,24,2,0,Ligand_7173
391.066048024,6,3.454200000000001,6,2,97.39,26,28,5,0,Ligand_7176
385.236541852,4,3.334600000000002,3,2,78.51,28,30,3,0,Ligand_7177
366.161328312,5,2.7573000000000016,4,1,75.71000000000001,25,27,3,0,Ligand_7179
278.039498928,5,0.3562999999999997,4,2,92.34,17,17,5,0,Ligand_7180
408.09259712,8,2.2768,8,1,93.65,27,29,1,0,Ligand_7182
403.120191772,6,2.628420000000001,7,1,97.83,28,30,1,0,Ligand_7183
334.098728056,4,1.1963999999999997,5,1,75.71000000000001,23,25,5,0,Ligand_7184
433.056626212,4,2.8305000000000007,6,1,96.43999999999998,29,32,2,0,Ligand_7188
411.159434404,4,2.2897,4,1,78.95,30,33,4,0,Ligand_7190
452.151826248,7,3.4461200000000023,7,1,93.65,32,35,1,0,Ligand_7195
387.125277152,5,2.928240000000001,6,1,88.6,27,29,1,0,Ligand_7197
348.11437812,5,1.5865,5,1,75.71000000000001,24,26,5,0,Ligand_7199
350.177647072,6,3.1713000000000013,5,1,75.19,24,26,2,0,Ligand_7203
390.152575196,5,3.0044000000000013,5,1,75.19,27,29,1,0,Ligand_7204
461.178455596,7,2.932200000000001,4,2,95.58,32,34,4,0,Ligand_7205
376.136925132,6,2.830300000000001,5,1,75.19,26,28,1,0,Ligand_7206
378.116189688,7,1.8532999999999995,6,1,84.42,26,28,1,0,Ligand_7207
392.131839752,8,2.2433999999999994,6,1,84.42,27,29,1,0,Ligand_7208
406.147489816,9,2.2859,6,1,84.42,28,30,1,0,Ligand_7209
355.099062404,3,3.380200000000002,5,1,75.44,25,28,5,0,Ligand_7210
421.203527472,4,2.6927000000000003,4,1,86.79,29,31,3,0,Ligand_7213
396.09259712,7,2.3605,8,1,97.56000000000002,26,28,5,0,Ligand_7215
471.194025408,7,2.61322,7,1,104.73,33,36,2,0,Ligand_7216
455.199110788,6,3.0292200000000014,6,1,95.5,32,35,2,0,Ligand_7217
465.1470752160001,6,2.885840000000001,6,2,121.36,33,36,1,0,Ligand_7219
395.136887392,5,2.706200000000001,6,0,78.21000000000001,29,32,2,0,Ligand_7221
324.122240372,4,1.6746,5,2,96.85,24,26,1,0,Ligand_7222
369.12123732800006,4,2.4697200000000006,5,2,109.75,27,30,3,0,Ligand_7225
365.1739415960001,6,2.7059200000000008,5,1,73.22,27,29,4,0,Ligand_7226
403.15657728,6,2.115719999999999,5,1,88.60000000000001,28,30,3,0,Ligand_7228
390.124942804,8,2.3427,5,2,101.57,27,28,3,0,Ligand_7231
347.13036253200005,8,1.628799999999999,4,2,88.16,24,25,3,0,Ligand_7232
326.130028184,6,0.7762,4,1,75.71000000000001,22,23,3,0,Ligand_7234
368.140592868,5,1.01712,5,0,76.15,25,27,3,0,Ligand_7235
312.11437812,7,0.984399999999999,4,1,75.71000000000001,21,22,4,0,Ligand_7239
363.125277152,8,1.417199999999999,5,1,88.60000000000001,25,26,5,0,Ligand_7240
401.0367677640001,7,2.7154000000000007,4,1,79.37,25,26,5,0,Ligand_7241
401.0367677640001,7,2.7154000000000007,4,1,79.37,25,26,5,0,Ligand_7242
396.171892996,6,2.1633,5,1,84.94000000000001,27,29,3,0,Ligand_7243
349.098393708,6,2.6009200000000003,5,1,73.86000000000001,24,26,3,0,Ligand_7244
401.1773127240001,5,2.723960000000001,4,1,79.37,28,30,3,0,Ligand_7245
419.15149190000005,7,1.8159,6,1,97.83,29,31,3,0,Ligand_7247
398.151157552,5,0.9633,6,0,85.38,27,29,3,0,Ligand_7248
412.1668076159999,7,1.3996999999999995,6,1,94.17000000000002,28,30,3,0,Ligand_7249
361.1460125960001,7,2.2543200000000008,4,2,88.16,25,26,1,0,Ligand_7252
403.15657728,7,2.197399999999999,5,1,88.60000000000001,28,30,3,0,Ligand_7253
417.172227344,7,2.50582,5,1,88.60000000000001,29,31,3,0,Ligand_7255
400.1223559600001,5,2.8081000000000014,4,1,75.71000000000001,26,28,3,0,Ligand_7256
412.085970452,6,2.6587000000000014,5,1,88.85000000000001,27,29,3,0,Ligand_7257
416.11727058,6,2.0445,5,1,84.94000000000001,27,29,2,0,Ligand_7258
423.1019548640001,6,2.460700000000001,5,1,88.60000000000001,28,30,3,0,Ligand_7259
386.106705896,6,2.418,4,1,75.71000000000001,25,27,3,0,Ligand_7260
437.117604928,7,2.8508000000000004,5,1,88.60000000000001,29,31,3,0,Ligand_7261
340.145678248,7,1.7645999999999995,4,1,75.71000000000001,23,24,4,0,Ligand_7262
377.140927216,9,1.8072999999999992,5,1,88.60000000000001,26,27,5,0,Ligand_7263
384.171892996,9,1.69952,5,1,84.94000000000001,26,27,3,0,Ligand_7264
391.15657728,9,2.115719999999999,5,1,88.60000000000001,27,28,5,0,Ligand_7265
362.070320388,5,0.8279000000000001,5,0,76.15,23,24,5,0,Ligand_7266
398.151157552,7,0.6899200000000005,6,1,94.17,27,29,3,0,Ligand_7267
425.162056584,6,0.1186200000000013,6,1,119.23999999999998,29,31,3,0,Ligand_7268
434.1511575519999,8,1.7197199999999997,6,1,94.17,30,32,1,0,Ligand_7269
437.117604928,7,2.8508000000000004,5,1,88.60000000000001,29,31,3,0,Ligand_7270
396.171892996,5,2.1687000000000003,5,1,84.94,27,29,1,0,Ligand_7271
370.156242932,7,1.492,5,1,84.94,25,26,1,0,Ligand_7272
270.0640568,2,2.34172,5,1,85.34,20,22,2,0,Ligand_7294
373.163770836,6,1.6932999999999996,6,1,84.25000000000001,27,29,4,0,Ligand_7295
421.2001563440001,7,2.9810000000000008,6,1,72.92,31,34,4,0,Ligand_7296
378.05533902,3,2.3871,6,0,79.53999999999999,25,28,4,0,Ligand_7298
395.1514919,5,1.1048199999999997,7,1,88.18,27,29,1,0,Ligand_7301
447.114043772,5,5.647420000000004,6,1,85.61,32,35,2,0,Ligand_7306
326.10667056000005,4,2.9899700000000005,4,2,75.32,24,26,5,0,Ligand_7307
400.145678248,4,2.514900000000001,4,1,75.71000000000001,28,31,1,0,Ligand_7312
445.167141964,5,1.6784999999999997,6,0,79.39,31,34,5,0,Ligand_7313
337.14601259600005,8,2.3837,5,1,73.22,23,24,5,0,Ligand_7316
279.133139404,6,0.8479999999999994,8,1,83.32000000000001,20,21,2,0,Ligand_7317
249.12257472,5,0.8393999999999997,7,1,74.09,18,19,2,0,Ligand_7318
348.11437812,6,2.5892,6,2,87.99,24,25,2,0,Ligand_7322
370.044641796,5,0.7524999999999998,6,2,110.8,24,24,1,0,Ligand_7325
211.07570478,3,0.9006999999999998,3,3,87.71000000000001,15,15,5,0,Ligand_7330
320.09839162000003,4,1.7509,4,3,87.66,22,22,5,0,Ligand_7332
192.053492116,2,1.6763199999999998,3,2,79.11999999999999,14,15,1,0,Ligand_7342
392.140592868,7,2.3807400000000003,6,2,93.73000000000002,27,28,4,0,Ligand_7347
335.103669116,3,2.5332,3,2,78.51,23,25,5,0,Ligand_7348
385.11931917999993,5,3.0299000000000014,4,2,78.51,27,29,3,0,Ligand_7361
362.174275944,3,3.649300000000002,4,2,76.02000000000001,27,30,5,0,Ligand_7363
385.094167052,3,2.6184400000000005,7,1,96.78,27,29,4,0,Ligand_7364
338.083746688,4,2.544900000000001,6,2,74.33,24,27,2,0,Ligand_7367
412.12052612,4,2.2648199999999994,6,3,108.89,29,31,2,0,Ligand_7368
402.05533902,3,2.6012000000000004,5,3,99.66,27,29,2,0,Ligand_7369
398.104876056,4,1.956399999999999,6,3,108.89,28,30,2,0,Ligand_7370
381.1324707079999,4,1.33272,6,2,96.97,28,31,3,0,Ligand_7371
358.08326802000005,4,1.6099199999999996,5,2,91.4,25,27,2,0,Ligand_7372
386.23179082,4,1.1331000000000002,5,2,73.91,28,31,5,0,Ligand_7373
401.217537724,7,1.8702,9,2,118.73,29,31,1,0,Ligand_7375
359.04396132,3,1.8888000000000005,4,2,87.74000000000001,23,24,2,0,Ligand_7376
276.097088244,2,-0.958359999999999,7,4,139.09999999999997,20,21,2,0,Ligand_7378
389.104541708,6,2.273100000000001,8,2,112.85000000000002,27,29,5,0,Ligand_7379
445.130756456,8,2.831300000000001,9,2,129.92000000000002,31,33,4,0,Ligand_7380
453.059917088,6,1.5661999999999998,8,2,113.52,29,31,3,0,Ligand_7384
339.133139404,3,1.7313199999999995,5,2,98.4,25,27,1,0,Ligand_7386
348.1256115,4,2.0089,6,1,74.77000000000001,24,26,2,0,Ligand_7387
444.148535372,5,4.322600000000003,5,1,79.73,33,37,2,0,Ligand_7389
456.168521868,6,4.192100000000003,6,1,88.96000000000001,34,38,2,0,Ligand_7390
473.1699188360001,5,1.9663699999999995,9,2,119.94,35,40,5,0,Ligand_7391
473.2063043440001,7,2.2887700000000004,8,2,110.71,35,39,5,0,Ligand_7392
487.210721028,9,4.273800000000003,7,1,93.89,36,40,2,0,Ligand_7393
470.184171932,7,4.582200000000004,6,1,88.96000000000001,35,39,2,0,Ligand_7394
366.085186168,4,3.064520000000001,7,2,117.01,27,30,1,0,Ligand_7395
493.22128571200005,8,2.7994200000000014,7,1,103.53,36,40,2,0,Ligand_7396
403.105587264,4,3.8456000000000015,6,1,93.12,30,34,4,0,Ligand_7397
424.199821996,10,3.731200000000003,6,1,88.96000000000001,31,33,1,0,Ligand_7402
464.231122124,8,3.692720000000002,6,1,79.31,34,37,1,0,Ligand_7403
396.168521868,8,3.093500000000001,6,1,88.96000000000001,29,31,1,0,Ligand_7406
410.184171932,9,3.4836000000000027,6,1,88.96000000000001,30,32,1,0,Ligand_7407
330.121571676,4,1.4984999999999995,4,2,103.78000000000002,24,26,3,0,Ligand_7408
428.1172705799999,9,3.4384000000000023,6,2,85.89000000000001,28,29,2,0,Ligand_7409
353.119797848,1,3.090300000000001,4,1,75.75999999999999,25,28,3,0,Ligand_7411
307.105587264,4,1.3773,6,1,90.93,22,23,3,0,Ligand_7414
400.14951774,3,-0.988699999999998,9,0,115.57999999999998,29,32,5,0,Ligand_7415
353.148789468,2,0.4114999999999997,7,0,82.13,26,29,2,0,Ligand_7416
320.069159244,3,-0.4711000000000005,9,1,103.81,22,24,2,0,Ligand_7417
281.08993720000007,5,0.8446999999999998,6,1,90.93,20,20,5,0,Ligand_7420
337.0620082,6,2.2028,5,2,101.93,23,24,4,0,Ligand_7425
397.1208604680001,6,2.6127,8,1,90.51999999999998,28,31,5,0,Ligand_7428
512.2093411239999,7,3.460980000000003,7,0,96.19,36,39,3,0,Ligand_7430
502.168619184,7,2.983240000000002,7,0,96.19,35,38,3,0,Ligand_7431
370.200490692,8,2.29922,6,1,80.37,27,29,5,0,Ligand_7433
357.103479088,4,3.4929000000000023,4,1,76.23,25,27,5,0,Ligand_7434
486.179086552,8,4.205420000000004,7,1,95.86,36,39,5,0,Ligand_7436
460.143449992,7,4.0275000000000025,6,1,86.63000000000001,34,37,5,0,Ligand_7437
460.143449992,7,4.0275000000000025,6,1,86.63000000000001,34,37,5,0,Ligand_7438
504.16966474,9,4.426200000000002,7,1,95.86,37,40,5,0,Ligand_7439
456.168521868,8,4.278500000000003,6,1,86.63000000000001,34,37,5,0,Ligand_7440
474.159100056,8,4.417600000000003,6,1,86.63000000000001,35,38,5,0,Ligand_7441
476.113899452,7,4.541800000000004,6,1,86.63,34,37,5,0,Ligand_7442
356.17360724799994,7,1.7167,6,1,75.71000000000001,26,28,2,0,Ligand_7443
370.189257312,7,2.02512,6,1,75.71000000000001,27,29,2,0,Ligand_7444
475.121130748,6,4.456300000000003,6,1,81.28999999999999,34,38,3,0,Ligand_7445
383.18450628,6,1.4036999999999995,6,2,87.74000000000001,28,31,5,0,Ligand_7446
419.18450628,8,2.4335000000000004,6,2,87.74000000000001,31,34,1,0,Ligand_7447
453.26275659999993,8,3.0622000000000016,6,2,87.74000000000001,33,36,1,0,Ligand_7448
457.221285712,8,1.9934,8,2,106.2,33,36,5,0,Ligand_7450
441.226371092,8,1.6625,7,2,96.97,32,35,1,0,Ligand_7451
452.1518262479999,3,2.3454000000000006,7,0,84.74000000000001,32,36,2,0,Ligand_7453
438.172561692,7,2.6263000000000014,6,1,84.30000000000001,31,34,4,0,Ligand_7454
416.18821175599993,5,2.2261999999999995,6,1,84.30000000000001,29,32,4,0,Ligand_7455
450.17256169199993,2,2.953640000000002,6,0,75.50999999999999,32,36,2,0,Ligand_7456
460.08751174,5,0.9943000000000008,7,2,141.21999999999997,31,34,4,0,Ligand_7457
455.289640044,10,3.024320000000001,6,1,83.61,33,36,5,0,Ligand_7458
455.289640044,10,3.024320000000001,6,1,83.61,33,36,5,0,Ligand_7459
469.1783753440001,11,2.789900000000001,9,1,99.75,33,36,5,0,Ligand_7460
448.130422108,7,2.3233,6,2,122.24,31,33,1,0,Ligand_7461
310.044584308,5,1.63392,4,2,89.25999999999999,20,21,5,0,Ligand_7462
349.10625596000006,3,3.008000000000002,5,2,93.31,26,29,2,0,Ligand_7465
489.226371092,9,2.946400000000001,7,1,96.02,36,39,5,0,Ligand_7466
479.205635648,10,2.7810000000000006,8,2,106.2,35,38,5,0,Ligand_7467
248.061948624,2,1.6838000000000002,4,2,86.18,17,18,1,0,Ligand_7468
310.073575928,5,0.8768,7,2,116.43,21,22,2,0,Ligand_7469
333.194008344,7,3.6861000000000015,3,2,75.63,24,25,3,0,Ligand_7472
425.158685456,8,1.7821999999999991,7,2,107.89,31,33,4,0,Ligand_7473
378.167853172,6,1.8611999999999995,7,1,99.13000000000002,27,28,4,0,Ligand_7474
412.085970452,6,2.6587000000000005,5,1,88.85000000000001,27,29,3,0,Ligand_7476
473.195070964,8,3.883700000000002,7,1,93.89,35,39,2,0,Ligand_7477
377.983640928,4,1.5048000000000004,6,0,74.76,22,24,3,0,Ligand_7525
453.1140608360001,5,0.0084000000000006,8,0,113.01,30,33,5,0,Ligand_7527
345.07832696,4,1.91348,8,0,86.37,24,26,5,0,Ligand_7534
386.147786424,6,2.1008,6,0,77.54,28,30,1,0,Ligand_7535
324.1256115,5,1.4140999999999992,6,1,84.42,22,24,2,0,Ligand_7537
305.16002284800004,6,0.8181199999999997,9,0,98.92,22,23,4,0,Ligand_7539
261.06709358,5,1.0839,5,1,73.86,17,17,3,0,Ligand_7541
323.057591516,6,1.4306999999999996,8,1,91.80000000000004,22,24,1,0,Ligand_7542
383.13373366,7,2.0788999999999995,7,1,73.22,25,27,3,0,Ligand_7543
226.095356928,4,1.07152,5,1,81.28,16,16,4,0,Ligand_7548
338.141261564,6,1.8041999999999996,6,1,84.42,23,25,2,0,Ligand_7553
334.10209918399994,8,1.8688,4,1,83.55000000000001,21,21,5,0,Ligand_7554
412.123897248,6,0.6910800000000008,6,0,101.78999999999998,27,29,1,0,Ligand_7555
391.15657728,4,2.2947800000000003,8,0,84.67999999999999,27,29,3,0,Ligand_7559
358.200490692,4,1.0303000000000009,6,1,74.24000000000001,26,28,1,0,Ligand_7560
378.082032436,7,2.2682,7,1,84.42,25,27,1,0,Ligand_7563
289.15387484800004,3,1.1428,7,0,73.14000000000001,21,23,4,0,Ligand_7567
321.06709358,2,1.01832,5,1,93.45,22,24,1,0,Ligand_7571
399.092262772,4,1.06626,7,0,98.57,26,28,4,0,Ligand_7576
319.164439532,2,-0.1652999999999991,7,0,82.13,23,25,5,0,Ligand_7577
351.125277152,7,1.85942,7,1,90.29,24,25,3,0,Ligand_7578
391.17433552,8,1.5323999999999995,8,1,100.79000000000002,28,29,3,0,Ligand_7581
300.11437812,4,1.7544999999999995,4,1,79.47,20,21,3,0,Ligand_7583
397.07507142,6,2.9162000000000017,5,0,76.82,26,28,2,0,Ligand_7584
334.08997494,5,1.7069,5,1,75.19,23,25,1,0,Ligand_7585
346.10209918399994,4,1.84954,4,1,83.55000000000001,22,23,5,0,Ligand_7586
332.13722174,7,2.5016000000000007,6,1,82.82000000000001,24,26,1,0,Ligand_7591
397.2001563440001,8,2.3388,5,1,80.76,29,31,3,0,Ligand_7594
395.086114772,7,2.351400000000001,6,0,72.91,26,28,2,0,Ligand_7597
320.094311372,3,1.93042,6,1,88.33,22,24,5,0,Ligand_7598
325.0554833400001,6,1.7901199999999995,6,1,89.02000000000001,21,22,5,0,Ligand_7601
391.153206152,5,2.0108999999999995,5,1,80.76,29,33,4,0,Ligand_7605
358.07694705599994,8,2.0805,7,1,105.4,23,24,5,0,Ligand_7606
379.120191772,7,2.4769000000000005,8,0,86.92000000000002,26,28,2,0,Ligand_7610
334.11648629599995,8,1.3494999999999997,7,1,92.05,24,26,1,0,Ligand_7612
302.137890436,2,0.94214,5,1,82.44,22,24,3,0,Ligand_7613
383.148120772,4,1.3780999999999997,6,0,83.30000000000001,28,31,3,0,Ligand_7614
423.1351731399999,7,2.443320000000001,7,0,95.28,29,31,5,0,Ligand_7615
394.076947056,6,1.2282999999999995,7,1,101.49,26,28,4,0,Ligand_7617
339.0711334040001,8,2.4664,7,1,73.34000000000002,22,23,1,0,Ligand_7618
367.1024335320001,8,2.9952000000000014,6,1,89.02000000000001,24,25,5,0,Ligand_7620
415.120191772,5,2.061,6,0,96.87999999999998,29,32,3,0,Ligand_7625
363.125277152,5,1.3077999999999996,5,1,82.71000000000001,25,27,5,0,Ligand_7627
363.114043772,6,2.18272,5,0,76.82,25,27,2,0,Ligand_7628
330.216809452,5,1.8178,6,1,75.42,24,26,1,0,Ligand_7632
397.163770836,5,1.7681999999999995,6,0,83.30000000000001,29,32,3,0,Ligand_7633
318.082032436,4,1.4512999999999998,6,1,92.26,20,21,4,0,Ligand_7634
339.158291532,5,2.43034,5,1,84.12,25,26,4,0,Ligand_7635
332.0976825,5,1.8414,6,1,92.26,21,22,4,0,Ligand_7637
453.1012861679999,7,3.1953000000000014,6,0,82.14,30,32,5,0,Ligand_7638
352.100539624,5,1.4454,5,1,84.3,24,26,3,0,Ligand_7640
368.140592868,5,1.8448,5,1,84.94,25,27,1,0,Ligand_7641
352.145678248,4,2.3688,4,1,75.71000000000001,24,26,3,0,Ligand_7642
237.10010796,7,1.4423999999999997,3,2,77.84,17,17,5,0,Ligand_7645
413.12094072,8,2.7280000000000006,4,1,79.37,29,31,1,0,Ligand_7660
222.100442308,6,0.9527,3,2,79.28999999999999,16,16,1,0,Ligand_7664
296.127325752,3,2.46362,6,1,82.50999999999999,22,24,4,0,Ligand_7674
339.044439988,6,2.0421,4,2,88.16,22,23,5,0,Ligand_7676
278.083746688,1,1.2566999999999997,5,1,74.66,19,20,1,0,Ligand_7679
441.18191943599993,5,5.027340000000004,5,2,84.22,31,35,4,0,Ligand_7681
426.190319932,5,1.9831,8,1,86.96,31,34,1,0,Ligand_7682
465.186831852,7,2.472700000000001,7,1,95.5,31,34,4,0,Ligand_7683
476.217203376,6,1.2273999999999987,9,0,98.51000000000002,35,39,4,0,Ligand_7684
465.216475104,6,4.036160000000002,6,1,81.81,35,39,5,0,Ligand_7686
422.114568148,6,4.044500000000002,5,2,89.16,30,33,2,0,Ligand_7689
379.2120584200001,5,2.635320000000001,7,1,88.31,28,31,1,0,Ligand_7696
461.1950709639999,8,4.141720000000003,6,1,89.99000000000001,34,37,5,0,Ligand_7697
450.22670543999993,7,3.9258200000000025,7,2,86.64,33,36,2,0,Ligand_7698
549.367890364,6,5.597940000000006,6,1,79.7,40,44,2,0,Ligand_7700
535.1099327039999,9,4.107900000000003,6,1,82.86,35,38,4,0,Ligand_7701
333.11471246800005,7,1.408599999999999,4,1,79.37,23,24,5,0,Ligand_7708
425.198442092,6,1.2686000000000013,6,0,79.39,29,31,3,0,Ligand_7709
465.226371092,10,3.171000000000001,7,1,92.2,34,37,1,0,Ligand_7711
383.1269914040001,4,3.9555000000000033,5,1,73.34,29,33,1,0,Ligand_7712
423.182792028,6,1.80334,7,1,88.18,29,31,1,0,Ligand_7714
425.117604928,5,3.720440000000002,4,2,91.5,28,30,3,0,Ligand_7726
449.2314564720001,5,3.592640000000002,4,2,87.74000000000001,33,36,1,0,Ligand_7734
512.2093411239999,7,3.460980000000003,7,0,96.19,36,39,3,0,Ligand_7735
425.198442092,7,1.7626999999999995,5,1,88.18,29,31,3,0,Ligand_7740
463.214092156,9,3.007340000000001,6,2,100.73,32,34,1,0,Ligand_7741
485.178455596,9,3.268520000000001,6,1,92.51,34,37,2,0,Ligand_7742
339.11538116400004,6,2.3784,6,1,72.7,24,26,5,0,Ligand_7743
355.164439532,7,1.3046199999999997,7,1,90.52,26,28,5,0,Ligand_7744
469.203527472,8,3.921100000000004,5,1,80.64,33,36,3,0,Ligand_7745
441.135841836,6,2.3641,7,1,99.52,31,34,4,0,Ligand_7746
406.0569605600001,5,3.0630200000000016,6,1,92.26,27,29,1,0,Ligand_7747
451.19410566,8,3.137840000000001,5,2,91.5,31,33,1,0,Ligand_7748
516.184269248,8,3.3733400000000024,7,0,96.19,36,39,3,0,Ligand_7750
491.11266178,8,4.698300000000003,7,1,82.57000000000001,34,37,5,0,Ligand_7754
360.15862588,5,2.5451200000000007,4,2,79.78,27,30,5,0,Ligand_7755
424.156911628,9,2.9928000000000017,5,1,74.77000000000001,30,32,4,0,Ligand_7757
499.186495416,5,2.6713000000000005,6,0,78.75,34,37,4,0,Ligand_7758
459.2158064080001,9,4.432100000000004,5,1,80.76,34,37,4,0,Ligand_7759
431.1845062800001,7,4.284220000000003,5,1,80.76,32,35,2,0,Ligand_7760
410.108247184,7,2.508800000000001,7,1,101.49,27,29,2,0,Ligand_7761
518.139068644,7,3.4975400000000025,7,0,96.19,35,38,3,0,Ligand_7763
564.331170508,9,3.0703000000000022,6,2,100.20999999999998,41,46,3,0,Ligand_7764
420.154134756,8,3.5001200000000017,4,2,75.27000000000001,28,30,3,0,Ligand_7765
417.172227344,7,2.50582,5,1,88.60000000000001,29,31,3,0,Ligand_7767
440.0517736320001,8,1.7620199999999997,5,3,114.18,26,27,4,0,Ligand_7768
421.157245976,6,2.927860000000001,7,1,81.81,30,33,3,0,Ligand_7771
356.13069688,4,4.342420000000003,6,1,80.91000000000001,25,27,5,0,Ligand_7773
484.1780409960001,8,3.356060000000002,7,1,110.6,34,36,5,0,Ligand_7774
477.172227344,8,4.317340000000003,7,1,82.32999999999998,34,37,3,0,Ligand_7776
347.13036253200005,5,2.6139,3,2,82.27000000000001,24,26,3,0,Ligand_7777
473.1442983440001,5,3.178600000000001,5,1,86.78999999999999,32,35,4,0,Ligand_7783
451.120191772,7,2.6733200000000013,6,1,105.67,32,35,3,0,Ligand_7784
473.1442983440001,6,2.924720000000001,5,1,86.79,32,35,1,0,Ligand_7785
473.162056584,7,1.9115999999999995,6,1,105.25,33,36,1,0,Ligand_7789
453.144630604,9,4.468920000000003,7,1,85.84,31,33,2,0,Ligand_7792
456.171892996,8,2.8630000000000013,5,1,92.78,32,35,4,0,Ligand_7794
467.115106392,8,2.373500000000001,7,1,114.90000000000002,33,36,3,0,Ligand_7795
414.124942804,8,3.1083200000000017,5,1,88.85,29,31,5,0,Ligand_7796
479.228102408,8,2.6473000000000004,9,2,137.49,35,38,1,0,Ligand_7797
308.116092372,2,3.1028400000000005,3,3,82.19,23,25,5,0,Ligand_7798
435.219177536,9,3.137300000000001,5,1,80.64,30,32,4,0,Ligand_7799
536.24909776,8,3.030100000000002,6,1,90.03,36,39,1,0,Ligand_7800
355.143310164,5,3.432900000000002,5,1,72.7,27,30,4,0,Ligand_7802
409.211389724,5,1.5485000000000002,8,0,82.13,30,33,4,0,Ligand_7803
499.2140921560001,7,3.4139000000000026,5,0,87.23,35,38,5,0,Ligand_7809
408.0989180840001,4,4.0451200000000025,6,1,82.06,29,32,3,0,Ligand_7811
394.113332564,6,3.0543000000000013,6,1,92.26,26,28,4,0,Ligand_7812
496.103140508,9,4.400400000000004,5,1,79.62,30,32,4,0,Ligand_7815
346.146346944,4,3.682400000000002,5,2,83.98,24,25,5,0,Ligand_7822
441.172227344,6,3.7319200000000015,6,0,75.88000000000001,31,34,3,0,Ligand_7823
458.02595280800006,8,1.7505999999999995,7,3,132.64,27,28,4,0,Ligand_7825
407.1732729,6,2.552620000000001,5,0,80.75,30,34,4,0,Ligand_7826
471.1827920280001,8,2.6816000000000004,5,1,96.02,33,36,5,0,Ligand_7827
466.134461932,8,1.0753000000000008,6,2,115.89,31,33,3,0,Ligand_7831
384.08136374,9,2.4625000000000004,6,2,93.73,25,26,1,0,Ligand_7832
320.09431137200005,6,2.6042000000000005,8,1,86.23,22,23,5,0,Ligand_7833
421.049799472,6,2.0922199999999997,10,2,133.98,26,28,2,0,Ligand_7842
443.124798484,7,3.029600000000001,6,3,97.92000000000002,31,34,3,0,Ligand_7844
356.1194635,3,3.350080000000002,4,2,90.19,25,28,2,0,Ligand_7850
371.1052104040001,6,1.8748,8,1,94.43,26,29,5,0,Ligand_7851
395.17664402800006,8,2.967500000000001,5,1,73.86,27,30,5,0,Ligand_7853
351.077658264,5,2.2758000000000003,6,1,83.09,24,26,4,0,Ligand_7857
442.105470312,6,3.7043200000000023,7,0,84.40999999999998,28,30,3,0,Ligand_7859
424.05852012,7,3.051100000000001,6,2,92.34,27,29,2,0,Ligand_7861
416.13722174,7,3.8030000000000017,4,3,104.73,31,33,1,0,Ligand_7864
464.077513944,6,4.1765000000000025,5,3,113.96,33,36,1,0,Ligand_7865
446.147786424,8,3.811600000000002,5,3,113.96,33,35,1,0,Ligand_7866
438.098249388,8,3.516000000000002,4,3,108.64,31,33,4,0,Ligand_7867
432.091055832,9,3.4334000000000007,4,3,95.5,29,30,4,0,Ligand_7868
428.140592868,10,2.7886000000000006,5,3,104.73,30,31,4,0,Ligand_7869
482.047733808,8,3.6251000000000015,4,3,108.64,31,33,4,0,Ligand_7870
430.152871804,8,2.975200000000001,4,4,115.73000000000002,32,34,4,0,Ligand_7871
471.159434404,8,3.8900000000000015,3,4,111.29,35,38,2,0,Ligand_7872
396.252526264,13,3.7760000000000025,4,2,83.98,29,30,1,0,Ligand_7874
384.168521868,9,2.2034,5,2,93.73,28,29,1,0,Ligand_7877
344.231122124,8,2.5413,4,3,104.73,24,23,1,0,Ligand_7878
354.10495630799994,8,1.6251999999999995,4,3,95.5,24,24,2,0,Ligand_7880
418.167476312,9,2.9515200000000013,7,2,110.28,29,30,2,0,Ligand_7881
377.173941596,5,2.181399999999999,3,2,92.5,28,30,3,0,Ligand_7882
313.134779216,8,2.722620000000001,4,2,79.54,21,21,5,0,Ligand_7883
472.184565856,11,3.2102000000000013,6,2,133.67999999999998,34,35,1,0,Ligand_7885
283.051443516,7,0.6874000000000002,4,3,103.7,19,19,1,0,Ligand_7886
352.14230712,5,3.3747200000000017,4,2,80.56,26,28,2,0,Ligand_7888
373.236541852,7,2.6916200000000003,3,2,78.51,27,28,5,0,Ligand_7889
445.203527472,12,2.805320000000001,5,2,87.74000000000001,31,32,4,0,Ligand_7890
461.1984420920001,13,2.5055000000000005,6,2,96.97,32,33,4,0,Ligand_7891
469.221285712,12,2.1640999999999995,6,2,106.2,34,36,4,0,Ligand_7892
299.119129152,6,2.08104,3,2,83.47,20,20,5,0,Ligand_7893
458.162390932,9,1.8314,5,4,143.38,32,34,2,0,Ligand_7894
445.1242315960001,7,2.4874,7,2,113.94,30,33,4,0,Ligand_7895
467.187877408,8,3.6445000000000016,5,2,97.39,33,36,3,0,Ligand_7897
443.1975695,7,3.461000000000002,5,2,78.51,31,34,1,0,Ligand_7901
555.1475493920001,9,2.6285000000000007,7,1,126.23,39,43,5,0,Ligand_7903
485.198442092,6,2.666300000000001,5,1,96.02,34,37,1,0,Ligand_7904
511.214092156,7,3.0999000000000017,5,1,96.02,36,40,4,0,Ligand_7906
519.105325992,9,4.453400000000003,7,2,101.29,34,37,5,0,Ligand_7907
458.18754306,7,3.419900000000002,5,2,93.73000000000002,32,35,3,0,Ligand_7911
306.157957184,6,1.9625,4,2,84.5,22,22,3,0,Ligand_7914
304.14230712,3,1.6702,4,1,75.71000000000001,22,23,3,0,Ligand_7916
352.11715499199994,6,0.6035999999999992,6,2,114.18,26,28,5,0,Ligand_7917
479.194402268,8,4.243100000000003,6,2,115.07,35,38,2,0,Ligand_7918
371.136887392,9,2.889600000000001,5,2,101.93,27,28,1,0,Ligand_7919
412.923651928,3,3.3225000000000016,4,3,91.32,23,24,4,0,Ligand_7922
421.00957447200005,4,3.536100000000001,5,2,80.32000000000001,25,26,4,0,Ligand_7924
424.163436488,7,2.9845400000000017,6,2,102.96,31,33,4,0,Ligand_7927
389.086783468,3,3.181300000000002,6,2,80.32000000000001,26,28,3,0,Ligand_7929
458.1145681480001,5,4.943500000000004,6,1,92.96,33,36,3,0,Ligand_7933
327.071133404,3,1.4288,5,2,84.66,21,22,2,0,Ligand_7937
423.159434404,6,2.138299999999999,5,1,80.64,31,34,2,0,Ligand_7938
449.195070964,8,2.0503,6,1,89.87,33,36,2,0,Ligand_7942
349.134779216,5,3.763900000000002,6,0,72.8,24,25,3,0,Ligand_7943
361.10625596000006,4,2.8752000000000004,7,0,93.69,27,29,2,0,Ligand_7950
375.12190602400005,5,3.2653000000000016,7,0,93.69,28,30,2,0,Ligand_7951
294.067427928,3,1.0013,4,1,79.47,20,22,5,0,Ligand_7957
303.056528896,6,2.8932,5,1,76.49,21,22,4,0,Ligand_7962
382.156242932,8,2.4161,5,2,80.26,26,27,1,0,Ligand_7963
568.3083268879999,10,3.780300000000002,6,2,90.98000000000002,40,44,3,0,Ligand_7966
564.331170508,9,3.355200000000001,6,2,100.20999999999998,41,46,3,0,Ligand_7967
462.136176184,5,2.388700000000001,6,0,90.89,33,37,3,0,Ligand_7975
417.11585534,4,2.437500000000001,5,0,87.65,29,32,3,0,Ligand_7976
429.135841836,5,2.3070000000000004,6,0,96.87999999999998,30,33,3,0,Ligand_7977
389.104541708,7,1.5747,6,1,105.67,27,29,3,0,Ligand_7978
479.115106392,5,2.7825200000000008,7,0,106.11,34,38,3,0,Ligand_7979
325.142641468,4,1.52572,4,1,79.37,24,27,4,0,Ligand_7987
311.19976242,8,4.870780000000003,4,1,75.84,23,24,2,0,Ligand_7988
431.18450628,4,3.956920000000003,6,1,90.29,32,35,2,0,Ligand_7989
356.16371126,2,3.6948000000000025,5,1,83.00999999999999,27,30,2,0,Ligand_7990
314.04736118,4,1.93226,8,1,125.93,22,23,5,0,Ligand_7991
382.175338564,6,0.63992,8,1,103.93,28,31,2,0,Ligand_7995
462.20155331199993,9,1.7208199999999991,9,1,113.15999999999998,34,37,4,0,Ligand_7996
498.11285389599993,7,5.461640000000004,7,2,102.44,34,37,5,0,Ligand_7998
414.0665724,4,2.0766,9,0,87.6,28,31,4,0,Ligand_7999
347.126991404,2,2.03712,4,1,75.17,26,29,2,0,Ligand_8000
391.153206152,4,2.517500000000001,5,1,84.4,29,32,2,0,Ligand_8001
361.142641468,2,2.34554,4,1,75.17,27,30,2,0,Ligand_8002
458.054103436,7,3.999590000000002,9,1,82.06,30,33,1,0,Ligand_8003
491.085259244,6,3.687890000000003,6,2,100.09,32,35,2,0,Ligand_8015
511.09596615999993,6,3.663190000000003,6,2,100.09,34,37,2,0,Ligand_8016
512.215865984,4,2.7669000000000006,8,1,112.63,37,40,2,0,Ligand_8018
417.03241809200006,5,2.1004,5,2,89.02000000000001,26,28,1,0,Ligand_8019
339.12190602399994,7,1.1937999999999995,4,3,107.86,25,26,1,0,Ligand_8020
272.079706864,3,1.5697,5,1,73.06,20,22,4,0,Ligand_8022
368.184840628,8,1.7063199999999992,5,2,83.02999999999999,27,28,3,0,Ligand_8024
341.05671892399994,3,2.4967000000000006,4,2,97.69,24,26,2,0,Ligand_8025
274.095356928,6,1.8173,5,1,73.06,20,21,1,0,Ligand_8026
313.10357059200004,4,-0.3001800000000003,10,2,150.0,23,25,4,0,Ligand_8027
449.024678856,4,2.6032200000000003,5,3,80.09,27,28,3,0,Ligand_8031
399.133139404,5,2.201,5,2,103.76,30,33,3,0,Ligand_8033
463.04032892,5,2.9933200000000006,5,3,80.09,28,29,3,0,Ligand_8034
368.075684104,2,-0.1822000000000005,7,3,135.19,27,30,4,0,Ligand_8037
503.242021156,9,4.604200000000004,7,1,81.62,37,40,2,0,Ligand_8041
332.127325752,4,2.5731,3,3,86.35,25,28,2,0,Ligand_8043
418.1773723,2,0.3561000000000014,8,1,109.55000000000004,28,29,4,0,Ligand_8044
378.128782296,7,-0.8682999999999998,9,5,170.78999999999996,27,28,3,0,Ligand_8048
379.095039644,8,0.1078999999999999,8,3,138.52999999999997,26,27,2,0,Ligand_8049
365.0834123400001,5,3.4346200000000016,6,1,80.64999999999999,26,28,1,0,Ligand_8052
361.006203344,3,2.6451200000000004,5,1,72.81,22,24,3,0,Ligand_8054
283.10692465600005,5,0.3566999999999994,5,2,96.34,21,22,2,0,Ligand_8059
338.174275944,5,2.2592000000000008,4,2,83.45,25,26,2,0,Ligand_8060
298.106590308,5,0.6673,5,3,103.68,22,23,2,0,Ligand_8062
312.122240372,5,1.0573999999999997,5,3,103.68,23,24,5,0,Ligand_8063
411.143035392,5,1.2542000000000004,7,2,107.48000000000002,30,33,1,0,Ligand_8064
393.14886972,7,3.2577000000000007,4,2,79.78999999999999,29,31,5,0,Ligand_8065
391.153206152,7,2.8242000000000007,5,3,100.02,29,31,5,0,Ligand_8066
316.14230712,2,1.8483,4,2,86.71000000000001,23,25,2,0,Ligand_8070
381.088019052,5,4.257620000000002,4,2,83.7,27,29,4,0,Ligand_8074
358.142975816,5,3.406220000000002,4,2,83.45,27,29,2,0,Ligand_8077
356.147117728,1,1.2223999999999997,7,1,92.68000000000002,25,26,5,0,Ligand_8087
329.10117058,6,1.5609,6,2,110.11,24,25,3,0,Ligand_8105
372.15862588,5,3.714640000000002,4,2,83.45,28,30,5,0,Ligand_8107
402.09556402,6,0.16792,8,4,149.92,28,30,2,0,Ligand_8109
356.22122613600004,3,3.7826200000000014,4,3,90.37,26,27,5,0,Ligand_8114
278.083746688,4,1.01862,5,2,82.92,19,20,5,0,Ligand_8115
361.109627088,7,1.5872999999999995,4,3,104.37,25,26,5,0,Ligand_8116
526.969144908,8,3.797620000000002,6,3,109.25,29,30,5,0,Ligand_8118
269.091274592,4,1.1746,6,1,85.31,20,22,3,0,Ligand_8119
332.080392624,4,0.6747399999999999,10,2,137.11,23,25,4,0,Ligand_8123
463.103876208,6,2.2891000000000004,10,2,140.35000000000002,31,34,5,0,Ligand_8124
342.157957184,7,3.041500000000002,6,2,83.64,25,26,5,0,Ligand_8125
315.121906024,6,1.8713,6,1,82.04,23,24,1,0,Ligand_8129
402.99678153200006,3,2.6790000000000003,4,2,97.69,25,27,1,0,Ligand_8131
337.10625596000006,2,1.3233,5,1,80.23,25,28,4,0,Ligand_8135
363.016843248,2,2.5884,5,2,83.08,23,24,4,0,Ligand_8137
292.128388372,5,-0.6716000000000002,6,4,132.09999999999997,21,22,2,0,Ligand_8138
316.128388372,6,-0.2241999999999997,6,4,132.09999999999997,23,24,2,0,Ligand_8139
422.020304684,5,3.2451000000000016,5,2,85.89000000000001,26,27,3,0,Ligand_8144
305.10117058000003,4,0.6563999999999997,6,1,97.3,22,23,5,0,Ligand_8146
281.09464572,3,-0.1616099999999996,4,3,111.64,19,20,1,0,Ligand_8150
311.093977024,4,1.1014199999999998,5,1,88.07,21,22,1,0,Ligand_8151
290.072513308,4,2.01302,4,2,78.76,20,21,5,0,Ligand_8152
217.085126592,4,1.05898,4,1,74.47999999999999,16,16,1,0,Ligand_8153
333.17875220400003,4,0.1499000000000019,6,1,94.53000000000002,23,23,2,0,Ligand_8156
381.08956034,6,2.1888,7,3,116.57,27,29,2,0,Ligand_8157
399.143035392,7,1.1101,7,2,107.48,29,31,1,0,Ligand_8162
336.122240372,5,0.8178999999999994,4,3,99.66,25,27,2,0,Ligand_8163
329.079185684,4,1.7584199999999996,7,2,100.85,23,25,2,0,Ligand_8164
328.117154992,7,1.5302,7,1,109.74,24,25,4,0,Ligand_8167
276.04946935600003,3,-0.4813,6,4,136.96,20,21,4,0,Ligand_8168
349.15387484800004,4,2.859900000000001,5,1,77.37,26,28,1,0,Ligand_8169
331.132076784,5,2.4678000000000004,4,2,74.58,25,27,1,0,Ligand_8175
343.11413527600007,6,-0.4622000000000001,11,2,159.23,25,27,1,0,Ligand_8177
129.053826464,2,-1.2107,4,3,82.03,9,9,5,0,Ligand_8183
164.106196384,0,0.5197999999999996,4,2,77.82,12,13,1,0,Ligand_8185
424.178692628,9,6.275260000000007,5,0,83.11,32,34,3,0,Ligand_8188
504.1236224759999,14,-0.5704999999999993,9,4,164.91,33,34,1,0,Ligand_8191
252.056863244,4,1.33238,4,1,87.03,17,17,5,0,Ligand_8192
394.189257312,7,3.069720000000002,4,2,76.66,29,31,3,0,Ligand_8197
522.1460721719999,7,2.740800000000001,10,0,105.42000000000002,37,40,3,0,Ligand_8200
530.0469981,5,4.030400000000003,8,0,86.96000000000001,35,38,3,0,Ligand_8201
291.110672644,3,1.8604,6,1,77.77,21,22,2,0,Ligand_8202
297.121237328,5,0.9646,6,2,101.93,21,21,2,0,Ligand_8203
288.111006992,4,1.7492999999999996,4,3,87.66,21,22,3,0,Ligand_8204
332.173607248,7,3.056500000000001,4,2,76.66,24,25,3,0,Ligand_8205
378.124942804,6,2.681700000000001,6,1,77.10000000000001,26,28,5,0,Ligand_8208
410.047733808,4,3.101100000000001,5,1,77.10000000000001,25,27,3,0,Ligand_8209
357.12123732799995,3,2.2696,7,1,97.08,26,29,3,0,Ligand_8210
408.971647676,6,4.136800000000003,3,2,83.47,24,25,1,0,Ligand_8211
334.152871804,5,2.237,5,1,77.10000000000001,24,25,3,0,Ligand_8214
426.124942804,7,4.077320000000003,6,1,84.94000000000001,30,32,5,0,Ligand_8216
329.126322708,6,3.167300000000002,5,1,73.86,24,25,2,0,Ligand_8219
354.121571676,6,2.3286,5,1,84.94000000000001,26,28,1,0,Ligand_8221
256.117154992,6,-0.5405999999999993,6,3,116.93999999999996,18,18,1,0,Ligand_8223
310.095356928,4,2.0169999999999995,4,2,86.71000000000001,23,25,1,0,Ligand_8228
254.05388604,5,-0.5551000000000004,5,4,136.82,18,18,5,0,Ligand_8235
270.103813436,5,1.7217999999999998,3,2,75.27000000000001,18,18,5,0,Ligand_8242
310.135113564,4,2.646100000000001,3,2,75.27,21,22,3,0,Ligand_8243
371.1732729,6,2.8527000000000013,6,1,73.86,27,29,3,0,Ligand_8245
322.131742436,5,3.240970000000001,4,2,75.32,24,26,5,0,Ligand_8250
345.000860924,5,2.1663,6,1,89.02000000000001,21,22,5,0,Ligand_8258
341.140927216,7,-0.278279999999999,5,2,87.74000000000001,23,24,2,0,Ligand_8259
356.173607248,11,1.8796,4,2,76.66,26,27,4,0,Ligand_8260
188.079706864,2,-1.5228999999999984,4,2,104.64,13,13,3,0,Ligand_8265
362.241686808,0,0.8931000000000018,7,1,78.49000000000001,25,25,3,0,Ligand_8266
243.056528896,4,0.7464199999999999,3,2,83.47,16,16,1,0,Ligand_8267
271.08782902400003,6,1.52662,3,2,83.47,18,18,5,0,Ligand_8268
372.1572884879999,8,3.556140000000001,4,2,93.06000000000002,27,28,4,0,Ligand_8269
268.05177786400003,6,0.6755799999999998,4,1,98.47,18,18,3,0,Ligand_8271
380.155197376,0,-1.005399999999996,6,4,85.04,24,24,4,0,Ligand_8277
539.085259244,5,4.259920000000003,6,2,97.49,36,39,3,0,Ligand_8281
382.113332564,7,2.944300000000001,6,1,92.26,25,26,5,0,Ligand_8283
388.066382372,6,3.1536000000000017,6,2,101.05,26,28,3,0,Ligand_8284
419.082743644,5,4.950500000000004,6,1,85.60999999999999,30,33,4,0,Ligand_8288
393.132470708,4,2.3468,6,1,96.02,29,31,2,0,Ligand_8291
442.2137578079999,6,1.580020000000001,6,1,94.17000000000002,30,31,2,0,Ligand_8294
221.11642672,5,0.8123,5,2,78.16999999999999,16,16,4,0,Ligand_8295
259.08782902400003,6,-0.02968,4,2,77.84,17,17,1,0,Ligand_8297
211.084457896,3,1.50644,3,2,79.39,15,15,5,0,Ligand_8298
285.06709358000006,3,0.7141200000000001,4,1,83.91,19,20,5,0,Ligand_8300
325.152537456,10,2.0872,5,2,94.09,23,23,1,0,Ligand_8302
402.104956308,5,1.8999,4,2,92.34,28,30,3,0,Ligand_8304
269.10117058000003,5,-0.6248999999999996,5,2,107.02,19,19,2,0,Ligand_8305
534.0031091879999,3,3.145500000000001,10,2,110.24,32,36,5,0,Ligand_8306
372.11437812,9,3.6907000000000014,6,1,73.58,26,28,3,0,Ligand_8313
403.15657728,7,4.117620000000002,4,2,95.58,28,29,1,0,Ligand_8314
494.1511575519999,7,2.8241000000000014,9,0,88.35000000000002,35,38,3,0,Ligand_8320
340.0729072319999,7,2.0275,9,0,92.91,23,24,2,0,Ligand_8323
240.018033124,1,1.1445000000000003,4,2,86.18,15,15,1,0,Ligand_8325
320.13722174,3,1.5262000000000002,5,0,76.15,23,24,4,0,Ligand_8326
411.114043772,4,3.2982200000000024,5,0,80.75,29,33,1,0,Ligand_8328
279.11067264400003,6,1.755,5,1,81.7,20,20,1,0,Ligand_8329
419.103873012,6,3.007000000000001,8,1,100.16,29,31,4,0,Ligand_8336
331.103142652,5,2.913800000000001,3,2,75.63000000000001,23,24,4,0,Ligand_8337
295.051443516,2,1.4624,6,1,73.86000000000001,20,22,3,0,Ligand_8339
522.162723192,5,4.473820000000003,8,1,95.45,38,42,4,0,Ligand_8343
343.09906240399994,7,3.5789000000000017,7,1,72.81,24,26,1,0,Ligand_8344
294.040734512,4,2.11782,4,2,92.43,20,21,2,0,Ligand_8348
299.115758024,4,2.3506,3,2,83.47,22,24,3,0,Ligand_8349
223.084457896,5,1.4985,3,2,75.63,16,16,2,0,Ligand_8353
461.125671076,8,3.3703400000000023,8,2,128.99,32,34,2,0,Ligand_8359
288.13213636,9,-0.8747999999999987,6,2,110.8,20,19,3,0,Ligand_8360
323.079372516,4,2.0908,5,0,80.75,24,26,4,0,Ligand_8361
305.126322708,4,1.7542999999999995,5,1,73.86,22,23,5,0,Ligand_8362
337.10625596,5,1.4102999999999994,4,2,109.57,25,27,1,0,Ligand_8369
366.132805056,4,2.1899999999999995,6,1,89.60000000000001,27,30,4,0,Ligand_8371
341.08341234000005,5,3.362800000000002,6,1,73.22,24,26,2,0,Ligand_8376
420.204907376,4,5.232500000000004,6,2,76.66,31,34,3,0,Ligand_8378
378.179086552,9,2.3015,6,2,95.12,27,28,3,0,Ligand_8379
272.083077992,7,1.3848999999999998,5,3,103.28,18,18,1,0,Ligand_8381
441.1998815719999,2,-0.2540999999999982,10,2,139.67000000000002,31,32,1,0,Ligand_8384
504.192818468,7,4.283600000000003,6,1,75.93,36,40,3,0,Ligand_8386
244.051777864,4,0.0201999999999994,4,3,109.49,16,16,1,0,Ligand_8389
394.21038668,8,2.797000000000001,6,0,77.54,28,29,4,0,Ligand_8391
390.124942804,5,2.27682,5,1,84.94,27,29,1,0,Ligand_8393
460.1270509799999,6,3.682000000000002,7,1,111.23999999999998,34,37,5,0,Ligand_8398
320.083077992,2,1.1797000000000002,4,1,97.54,22,24,2,0,Ligand_8400
238.0702048,2,-1.4816999999999998,7,1,99.12,17,18,2,0,Ligand_8402
335.13036253200005,6,3.9384400000000026,6,1,73.34000000000002,23,24,4,0,Ligand_8404
450.21547206,4,4.875300000000004,6,1,77.10000000000001,33,36,3,0,Ligand_8405
456.31004114,5,2.7141,5,2,81.75,33,37,1,0,Ligand_8406
462.21547206,4,5.173500000000004,6,1,84.94,34,37,3,0,Ligand_8407
424.1845658559999,11,0.7543000000000011,9,2,143.25,30,30,5,0,Ligand_8408
396.189651236,11,0.1496000000000003,8,3,125.4,28,28,4,0,Ligand_8409
354.1249428039999,5,1.8619,8,1,100.74,24,26,2,0,Ligand_8410
427.235873156,10,4.413100000000004,6,1,73.86000000000001,31,33,3,0,Ligand_8415
328.10276788000004,6,1.5573999999999997,6,1,75.19,21,22,5,0,Ligand_8418
341.13755608800005,8,1.3404999999999996,5,2,89.02,25,26,1,0,Ligand_8423
336.11437812,6,2.3164,5,3,87.66,23,24,3,0,Ligand_8435
339.121906024,4,2.10602,6,1,82.45,25,27,2,0,Ligand_8439
392.988170332,9,2.0706,4,3,120.77,22,22,4,0,Ligand_8441
269.07217896000003,3,1.3143999999999998,3,1,74.68,18,19,2,0,Ligand_8442
486.179086552,6,4.081940000000004,6,0,85.38000000000001,36,40,5,0,Ligand_8443
360.17975524800005,8,2.13524,6,2,97.83,26,27,4,0,Ligand_8446
281.12632270800003,6,1.94414,5,1,85.46000000000001,20,20,5,0,Ligand_8447
369.168856216,7,1.4988999999999997,5,2,83.81,27,29,3,0,Ligand_8448
366.169190564,6,2.0788,5,0,83.47,27,29,1,0,Ligand_8449
266.03612780000003,1,0.8488000000000002,6,1,77.52000000000001,18,20,2,0,Ligand_8450
305.08341234000005,4,2.1141,5,1,80.11999999999999,21,22,3,0,Ligand_8452
313.0303312120001,5,0.1828999999999994,6,3,130.82999999999998,20,21,2,0,Ligand_8453
405.055004672,5,2.88082,5,2,115.29,27,29,5,0,Ligand_8454
396.982145348,5,2.8937,3,4,90.46,23,23,2,0,Ligand_8455
349.08447496,7,0.0992999999999996,7,3,129.29999999999998,24,25,2,0,Ligand_8456
336.07376595600005,6,0.0638999999999998,6,4,132.09999999999997,23,24,5,0,Ligand_8457
360.13426785609,6,2.2082,3,2,93.14,27,29,2,0,Ligand_8458
377.133533328,8,-0.4330999999999991,8,3,147.75999999999996,27,28,3,0,Ligand_8459
218.08037556,3,1.11732,5,2,83.28,16,17,2,0,Ligand_8460
240.03360237991,1,0.4669000000000001,4,0,77.51,16,17,3,0,Ligand_8461
454.123228552,10,3.2238000000000016,8,2,110.8,30,31,1,0,Ligand_8464
340.178692628,5,3.408920000000002,3,2,81.41999999999999,25,26,5,0,Ligand_8467
282.07718144391,4,0.9658999999999998,4,0,77.50999999999999,21,23,1,0,Ligand_8469
438.179086552,7,1.2240999999999995,5,1,112.06,32,37,3,0,Ligand_8471
461.136904456,5,0.0942000000000009,6,4,148.14999999999998,32,35,2,0,Ligand_8479
472.1998219959999,5,5.397500000000004,7,3,89.05000000000001,35,39,1,0,Ligand_8481
389.086783468,6,2.26464,7,2,84.22,26,28,2,0,Ligand_8485
496.2110553760001,7,4.211040000000003,6,2,94.36,37,40,5,0,Ligand_8486
370.186571944,5,0.3858000000000006,10,1,100.89,27,30,1,0,Ligand_8487
440.22843675600006,6,1.3392999999999995,10,2,117.1,32,35,1,0,Ligand_8488
302.112738308,5,-0.5910999999999986,6,4,132.09999999999997,22,23,3,0,Ligand_8489
307.04721686,4,-0.1955999999999995,5,3,120.07,21,22,5,0,Ligand_8491
500.07532102399983,8,0.7011999999999994,9,5,150.07,33,35,1,0,Ligand_8493
326.163042564,6,3.234820000000001,3,2,81.41999999999999,24,25,5,0,Ligand_8494
246.009913052,0,1.3328,4,2,75.27,17,19,2,0,Ligand_8495
331.073910276,6,0.3656999999999999,6,3,120.07,23,24,4,0,Ligand_8496
272.090940244,4,0.9547,6,2,96.7,20,21,5,0,Ligand_8500
306.0883534,5,1.6922,4,2,82.92,21,22,3,0,Ligand_8504
262.106590308,4,0.5501199999999999,5,2,96.06,19,20,4,0,Ligand_8508
278.083746688,4,1.1002999999999998,5,2,82.92,19,20,5,0,Ligand_8509
299.126991404,6,2.2528,5,1,72.81,22,23,1,0,Ligand_8518
360.10045937200005,4,-0.0460800000000005,9,1,103.28,25,27,1,0,Ligand_8521
291.158291532,3,2.1316999999999995,3,3,87.30000000000001,21,21,2,0,Ligand_8531
170.06914218,3,-1.848899999999999,4,3,78.43,12,12,2,0,Ligand_8534
404.1042073599999,5,1.62,6,1,96.38,28,31,5,0,Ligand_8535
372.111006992,4,3.2927000000000017,4,1,77.92,28,31,3,0,Ligand_8537
396.216140756,8,1.6943699999999988,7,2,75.64,29,32,2,0,Ligand_8542
477.14890505599993,7,4.760400000000004,5,1,88.07,32,34,5,0,Ligand_8543
447.065569356,8,3.287200000000002,6,1,101.20999999999998,30,32,5,0,Ligand_8544
301.09973110000004,5,1.73084,6,1,80.13000000000001,21,22,5,0,Ligand_8545
441.11585534,8,3.1799000000000017,5,1,88.07,31,33,3,0,Ligand_8548
497.1620565839999,10,3.448100000000002,7,1,106.53,35,37,3,0,Ligand_8549
467.1514919,9,3.4395000000000024,6,1,97.29999999999998,33,35,3,0,Ligand_8550
437.140927216,8,3.430900000000002,5,1,88.07,31,33,3,0,Ligand_8551
443.187877408,7,4.107000000000003,5,1,88.07,31,33,5,0,Ligand_8552
454.1310908039999,9,2.444400000000001,7,1,110.18999999999998,32,34,3,0,Ligand_8553
487.18894002799993,8,2.0466999999999995,7,2,120.41,34,36,3,0,Ligand_8554
479.187877408,10,4.323820000000004,5,1,88.07,34,36,3,0,Ligand_8560
353.140927216,6,1.8959,5,1,88.07,24,25,5,0,Ligand_8561
405.135841836,8,2.0086000000000004,6,1,97.29999999999998,28,29,4,0,Ligand_8562
372.11437812,9,2.8709000000000016,6,1,76.99000000000001,26,27,1,0,Ligand_8563
474.19369106,8,2.405319999999999,7,1,100.54,33,35,3,0,Ligand_8564
373.1460125960001,9,3.509900000000002,6,1,72.81,26,27,1,0,Ligand_8565
387.1616626600001,10,3.900000000000003,6,1,72.81,27,28,1,0,Ligand_8566
459.10866178399993,9,3.632920000000003,5,1,79.37,31,33,5,0,Ligand_8571
455.1514919,9,2.918920000000001,6,1,97.83,32,34,2,0,Ligand_8572
449.198442092,11,2.2754200000000004,6,1,88.18,31,32,5,0,Ligand_8573
518.19877644,7,4.319760000000003,6,1,93.41,37,40,3,0,Ligand_8574
255.020143388,4,1.114,5,2,92.7,17,17,1,0,Ligand_8577
432.0384533720001,6,2.585700000000001,7,2,91.4,28,30,2,0,Ligand_8579
505.0777555799999,7,2.5139000000000005,8,2,106.20000000000002,34,36,4,0,Ligand_8580
472.224322492,5,1.2065200000000014,7,1,103.40000000000002,32,33,2,0,Ligand_8581
442.2137578079999,6,1.580020000000001,6,1,94.17000000000002,30,31,2,0,Ligand_8590
384.111006992,3,3.990400000000002,6,1,73.58,29,33,3,0,Ligand_8591
410.103334768,4,3.9696000000000025,4,1,75.71000000000001,29,32,1,0,Ligand_8592
394.0964998,6,3.5265000000000013,4,3,108.64,29,31,4,0,Ligand_8593
406.116486296,7,3.3960000000000017,5,3,117.87,30,32,1,0,Ligand_8594
494.047733808,7,4.565500000000002,4,3,104.73,32,34,1,0,Ligand_8595
394.116486296,8,2.4556000000000004,5,3,121.78000000000002,29,31,4,0,Ligand_8597
336.111006992,6,2.959900000000001,4,2,84.48,25,27,4,0,Ligand_8598
366.121571676,7,2.968500000000001,5,2,93.71,27,29,4,0,Ligand_8599
384.1240702120001,8,3.165700000000002,3,3,78.43,27,28,5,0,Ligand_8600
428.037169124,6,3.250900000000001,4,2,76.66,27,29,3,0,Ligand_8602
374.147786424,5,1.9036,6,0,81.45,27,29,4,0,Ligand_8605
447.13517314,7,2.947900000000001,8,0,75.69000000000001,31,33,4,0,Ligand_8609
325.142641468,5,2.8467,4,3,79.46000000000001,24,26,2,0,Ligand_8611
446.208468532,7,2.3278000000000008,6,2,81.75,31,33,1,0,Ligand_8614
412.247440884,7,1.6743999999999997,6,2,81.75,30,32,1,0,Ligand_8615
482.162390932,8,2.8077900000000007,7,2,105.66,34,37,5,0,Ligand_8617
484.178040996,8,2.51759,8,2,97.82,34,37,5,0,Ligand_8618
418.109961436,5,3.381890000000002,6,2,89.00999999999999,30,33,5,0,Ligand_8619
407.148120772,5,1.7838,5,1,96.02,30,33,5,0,Ligand_8620
300.111006992,2,1.5457999999999998,6,1,91.51,22,24,5,0,Ligand_8621
343.14331016400007,2,3.102320000000001,6,1,89.75,26,29,2,0,Ligand_8622
435.2257023959999,6,3.446500000000002,7,1,84.48000000000002,31,34,3,0,Ligand_8623
241.10625596,6,-0.2658999999999999,5,2,104.91,17,17,5,0,Ligand_8625
559.259482788,7,3.524200000000002,7,2,95.91,41,46,4,0,Ligand_8626
350.25425758,12,1.5201999999999996,9,2,95.24,25,26,1,0,Ligand_8630
483.16887328,6,0.9822199999999992,11,1,117.85,34,37,3,0,Ligand_8631
391.11774716,7,3.250400000000001,6,2,91.22,26,26,4,0,Ligand_8632
335.126991404,3,2.882240000000001,4,2,78.51,25,27,1,0,Ligand_8633
316.03179136800003,2,2.8855900000000005,4,2,75.09,22,24,5,0,Ligand_8637
393.215137712,9,3.298000000000002,6,0,74.30000000000001,28,29,4,0,Ligand_8642
362.116109436,4,1.3770099999999992,6,4,136.93,25,26,4,0,Ligand_8643
297.15896022800007,2,2.828360000000001,3,2,79.27,22,23,2,0,Ligand_8644
317.104337812,2,3.1733400000000014,3,2,79.27,22,23,1,0,Ligand_8645
327.16952491200004,4,2.918640000000001,4,2,88.5,24,25,1,0,Ligand_8646
276.056863244,2,2.00278,6,1,85.34,19,20,5,0,Ligand_8647
312.122240372,5,0.856699999999999,5,2,92.68,23,24,3,0,Ligand_8650
335.09060589600006,5,2.657700000000001,6,1,93.79,25,27,1,0,Ligand_8660
338.090271548,3,2.3709000000000007,5,1,92.78,25,27,1,0,Ligand_8661
416.1194635,6,5.7319800000000045,6,1,83.21,30,32,2,0,Ligand_8663
426.124942804,8,3.5378000000000025,5,1,84.94,30,32,4,0,Ligand_8664
339.158291532,7,2.2419,4,2,79.79,25,26,3,0,Ligand_8666
416.184840628,8,4.573300000000002,5,3,91.82,31,33,5,0,Ligand_8668
305.13755608800005,6,0.8395999999999998,5,2,96.86,22,22,3,0,Ligand_8670
311.08408103600004,5,2.2003000000000004,5,2,83.03,22,24,1,0,Ligand_8671
340.093832704,6,0.2692,5,4,119.89,23,23,3,0,Ligand_8673
347.1269914040001,4,2.8636800000000013,6,1,98.23,26,28,5,0,Ligand_8674
396.14336974,6,0.9305,6,2,109.32999999999998,29,31,1,0,Ligand_8675
365.10117058,6,2.666300000000001,7,1,103.02,27,29,1,0,Ligand_8676
379.116820644,7,3.056400000000002,7,1,103.02,28,30,1,0,Ligand_8677
336.190988628,3,-0.618599999999998,9,0,76.08000000000001,24,27,4,0,Ligand_8679
345.112484212,5,1.9316999999999995,5,2,89.02,25,26,5,0,Ligand_8680
446.135697516,7,3.125020000000001,6,3,118.12,31,32,3,0,Ligand_8683
233.080041212,3,0.1053999999999997,4,2,79.78999999999999,17,18,1,0,Ligand_8690
385.163770836,9,2.6035000000000004,6,2,98.25,28,29,5,0,Ligand_8693
206.071622444,3,0.7847999999999997,5,2,78.85,15,16,3,0,Ligand_8695
334.152871804,8,1.2599999999999991,6,1,84.94,24,25,2,0,Ligand_8702
367.18959166,8,3.457120000000001,4,2,79.79,27,28,5,0,Ligand_8707
330.132805056,4,0.3608,4,4,116.4,24,24,4,0,Ligand_8709
339.104147784,3,3.006520000000001,4,1,75.75999999999999,24,26,1,0,Ligand_8715
279.137162164,8,3.7670400000000015,4,0,88.44,21,21,3,0,Ligand_8717
248.079706864,5,1.0324,4,2,84.48,18,19,2,0,Ligand_8723
352.14230712,4,3.261320000000002,4,1,75.71000000000001,26,28,2,0,Ligand_8724
312.13213636,4,-0.3073799999999995,7,2,110.61999999999998,22,23,2,0,Ligand_8725
368.13722174,5,2.961500000000001,5,1,84.94000000000001,27,29,2,0,Ligand_8730
433.167141964,6,2.0523,6,2,89.13,30,32,3,0,Ligand_8732
408.084999336,5,2.3168000000000006,9,2,137.11,29,32,5,0,Ligand_8735
458.108247184,6,2.7105200000000016,7,1,101.49,31,34,3,0,Ligand_8738
401.195070964,6,2.2689000000000004,5,2,96.96999999999998,29,31,2,0,Ligand_8740
389.140927216,5,2.1645000000000003,5,1,78.95,27,29,5,0,Ligand_8741
332.09815086400005,6,-0.2641999999999999,11,2,159.48,24,26,1,0,Ligand_8744
386.1412615640001,5,1.94102,5,1,91.73,27,29,2,0,Ligand_8746
402.082032436,5,3.0703700000000014,7,2,94.85,27,29,5,0,Ligand_8747
443.158498624,6,2.0258,10,2,140.35000000000002,31,34,5,0,Ligand_8751
423.21312104,7,1.7376999999999991,10,2,140.35000000000002,31,34,5,0,Ligand_8753
449.088226144,6,1.899,10,2,140.35000000000002,30,33,5,0,Ligand_8757
414.1427010439999,9,2.2038,6,1,117.36,30,32,2,0,Ligand_8764
294.100442308,2,2.6189800000000005,5,2,88.5,22,24,5,0,Ligand_8765
443.00923803600006,4,3.565300000000001,4,2,79.78999999999999,27,28,5,0,Ligand_8766
358.10996143599994,6,2.2703999999999995,7,1,85.70000000000002,25,27,4,0,Ligand_8770
461.1508232039999,8,3.338000000000002,8,0,75.69000000000001,32,34,4,0,Ligand_8774
406.156242932,10,2.35162,5,1,84.94000000000001,28,29,5,0,Ligand_8776
366.124942804,7,2.2379,6,2,85.89000000000001,25,26,3,0,Ligand_8778
458.19877644,8,2.7868200000000005,6,1,91.31,32,34,3,0,Ligand_8779
288.13347375200004,1,-0.2267600000000003,8,0,79.64,21,23,1,0,Ligand_8780
355.0238945720001,6,3.0202000000000018,8,1,113.09,23,25,1,0,Ligand_8781
374.068490548,6,0.8783999999999996,8,1,118.56,26,28,1,0,Ligand_8782
503.172621268,10,2.7345,8,1,123.6,35,37,5,0,Ligand_8783
436.082599324,4,4.376440000000003,4,2,99.85,31,34,1,0,Ligand_8784
295.11682064400003,8,0.9416999999999998,7,1,99.64,21,21,4,0,Ligand_8786
328.18724064,6,-0.2387999999999992,10,0,93.68,24,26,5,0,Ligand_8788
274.084123548,3,2.6194200000000007,5,0,73.58000000000001,20,21,3,0,Ligand_8791
352.14230712,5,2.854900000000001,4,1,75.71,26,28,4,0,Ligand_8792
438.22670543999993,7,1.7703000000000009,5,2,90.98,32,34,1,0,Ligand_8793
345.205241724,8,2.764500000000001,4,2,79.78999999999999,25,26,1,0,Ligand_8794
326.10150492800005,2,0.2338199999999994,6,2,102.20000000000002,24,26,3,0,Ligand_8797
412.1910688800001,5,1.6468199999999995,4,2,81.75,30,32,1,0,Ligand_8799
394.065713676,5,2.873200000000001,5,2,103.78,26,28,3,0,Ligand_8802
542.0511049359999,6,3.578000000000003,8,0,79.12,34,37,2,0,Ligand_8804
365.1058791000001,5,2.5202,8,1,98.48,26,29,5,0,Ligand_8805
221.071288096,2,0.6015,5,1,72.7,16,17,1,0,Ligand_8806
323.17058753200007,7,0.6394999999999996,10,1,125.19,23,24,2,0,Ligand_8807
433.1493837240001,7,4.202400000000004,6,2,80.32000000000001,29,32,2,0,Ligand_8808
422.114772044,9,1.1882999999999997,7,1,111.24,29,30,4,0,Ligand_8809
373.062947176,3,3.5173200000000016,4,2,84.22999999999999,26,28,2,0,Ligand_8810
404.151826248,5,0.0083000000000017,5,2,98.82,28,30,1,0,Ligand_8811
259.095691276,4,0.4402799999999996,5,1,82.43,19,20,1,0,Ligand_8813
369.0895603400001,5,1.0195999999999996,6,2,113.41,26,28,1,0,Ligand_8815
466.099906264,4,1.9358,6,0,93.22,29,31,1,0,Ligand_8824
343.105587264,6,2.717340000000001,4,3,112.93,25,26,1,0,Ligand_8825
437.123226464,7,2.7055000000000007,7,3,119.75,29,30,4,0,Ligand_8826
405.129316976,7,3.001720000000001,7,2,87.21999999999998,27,29,3,0,Ligand_8828
297.121237328,6,1.39202,6,1,94.69,21,21,5,0,Ligand_8831
423.15293138,9,1.29172,9,1,134.3,30,30,2,0,Ligand_8832
423.15293138,9,1.2917200000000002,9,1,134.3,30,30,2,0,Ligand_8833
422.097013804,7,2.5588,6,1,115.78,28,30,1,0,Ligand_8834
353.023704544,4,2.3389,7,0,83.31,23,25,5,0,Ligand_8837
390.093265816,6,0.8217999999999996,8,0,92.18,26,28,1,0,Ligand_8839
302.083746688,6,2.5326000000000004,6,1,72.92,21,23,3,0,Ligand_8844
311.08408103600004,5,2.3931000000000004,6,1,72.7,22,24,4,0,Ligand_8845
444.11035536,6,1.0396000000000003,8,2,148.23,31,33,1,0,Ligand_8848
335.00344776800006,4,2.1903,6,2,109.25,22,24,5,0,Ligand_8849
436.097407728,6,-0.2543999999999984,8,0,111.68,28,30,4,0,Ligand_8855
455.16925014,4,2.3495800000000004,9,1,133.34,33,36,2,0,Ligand_8856
445.076612708,7,2.947300000000001,8,1,89.99000000000001,30,32,4,0,Ligand_8857
394.081027304,4,1.3497999999999997,6,4,100.05,26,27,5,0,Ligand_8858
422.11456814799993,4,3.228540000000001,6,1,76.34,30,33,5,0,Ligand_8860
431.98917337600005,5,3.292200000000001,5,2,101.05,26,28,3,0,Ligand_8861
372.153265728,8,-0.0421999999999984,8,0,111.68,26,27,2,0,Ligand_8862
434.093642676,5,4.374520000000003,6,0,97.55,31,34,5,0,Ligand_8865
355.15657728,2,0.1834000000000004,5,1,78.94999999999999,24,25,1,0,Ligand_8868
502.9818355000001,6,3.933200000000002,6,2,92.67000000000002,30,33,2,0,Ligand_8870
233.068807832,3,1.1458000000000002,3,1,74.68,17,18,3,0,Ligand_8871
346.142975816,4,3.355600000000001,4,4,110.24,26,28,2,0,Ligand_8878
264.068096624,2,1.7953,5,3,97.11,18,19,3,0,Ligand_8880
431.98917337600005,5,3.292200000000002,5,2,101.05,26,28,3,0,Ligand_8883
373.082933672,5,1.9913,5,2,89.02000000000001,26,28,1,0,Ligand_8884
457.127385328,6,3.065200000000001,7,2,107.48000000000002,34,38,1,0,Ligand_8886
259.106924656,4,0.0436999999999996,5,2,95.81,19,20,4,0,Ligand_8889
296.127325752,6,1.9506,4,2,83.45,22,23,4,0,Ligand_8890
331.09906240400005,6,2.0269,5,2,79.78999999999999,23,24,5,0,Ligand_8891
356.14845512,7,1.368999999999999,6,2,101.91,26,27,5,0,Ligand_8892
303.112010036,3,2.7488800000000007,5,1,80.85,23,25,1,0,Ligand_8893
413.183837584,7,3.409500000000002,7,1,83.09,30,32,5,0,Ligand_8894
444.226036744,6,2.5172000000000008,6,0,93.22,32,34,4,0,Ligand_8895
322.131742436,5,3.0313000000000008,4,1,77.82000000000001,24,26,5,0,Ligand_8896
426.284220316,8,1.5429000000000013,5,3,130.82999999999998,30,30,1,0,Ligand_8899
317.126322708,4,2.1586,4,2,92.7,23,25,3,0,Ligand_8901
300.122240372,4,1.3789399999999998,6,1,77.74000000000001,22,24,3,0,Ligand_8906
436.093832704,5,3.5130000000000017,7,1,95.34,31,34,5,0,Ligand_8908
417.040639712,4,2.119,4,2,95.58,28,30,4,0,Ligand_8911
467.126339772,8,2.865400000000001,9,2,120.36,33,36,3,0,Ligand_8913
366.082032436,5,2.1373,6,1,92.26,24,26,4,0,Ligand_8916
311.17461029200007,3,3.218460000000001,3,2,79.27,23,24,1,0,Ligand_8917
453.1834607240001,7,4.459560000000003,5,2,105.57,32,34,2,0,Ligand_8918
400.1535405,6,3.468100000000001,6,4,107.37,30,33,2,0,Ligand_8920
506.162390932,8,3.327020000000002,7,1,102.64,36,39,1,0,Ligand_8921
403.120191772,6,2.30242,7,1,91.56000000000002,28,30,3,0,Ligand_8922
319.17835828,6,2.7070000000000007,4,2,75.63000000000001,23,24,2,0,Ligand_8924
291.06776227600005,5,1.4871,6,1,84.94,20,21,2,0,Ligand_8927
273.07832696,6,0.2820999999999999,6,2,104.91,18,18,1,0,Ligand_8928
287.093977024,7,0.6722,6,2,104.91,19,19,1,0,Ligand_8929
343.06023228400005,4,2.8279200000000007,4,2,74.85,23,24,4,0,Ligand_8933
423.19065428,2,2.75638,7,2,126.49,31,34,2,0,Ligand_8935
312.15862588,5,1.3992999999999998,4,4,110.24,23,24,1,0,Ligand_8937
359.136887392,7,3.1414000000000017,6,1,83.09,26,27,5,0,Ligand_8939
325.0620082,3,1.471,7,1,83.09000000000002,22,24,3,0,Ligand_8940
338.090271548,4,1.7079,5,1,92.78,25,27,4,0,Ligand_8942
399.204573028,7,4.015000000000002,6,1,73.86,29,31,5,0,Ligand_8944
388.10929274,5,2.1624,5,1,92.78,27,29,4,0,Ligand_8946
378.136176184,9,2.804800000000001,6,2,110.28,26,27,3,0,Ligand_8947
385.127385328,7,2.1243,6,3,126.32,28,29,3,0,Ligand_8950
408.168521868,8,3.091600000000001,6,3,89.05000000000001,30,32,2,0,Ligand_8951
358.142975816,5,3.406220000000002,4,2,83.45,27,29,5,0,Ligand_8958
239.090605896,3,-0.5364799999999994,5,3,114.28,17,17,4,0,Ligand_8960
245.080041212,3,0.2443999999999999,3,3,94.82,18,19,5,0,Ligand_8963
370.1099614360001,7,2.6336900000000005,6,2,81.16999999999999,26,28,5,0,Ligand_8968
400.12052612,7,2.885690000000001,7,2,90.40000000000002,28,30,5,0,Ligand_8969
475.1347962800001,9,2.8989900000000013,7,2,109.32,32,34,3,0,Ligand_8970
475.11480978399993,6,3.1735900000000017,6,2,100.09,32,35,2,0,Ligand_8971
370.132885308,6,3.376800000000002,4,1,79.2,27,29,1,0,Ligand_8973
358.098728056,6,3.2992000000000017,5,1,79.2,25,27,1,0,Ligand_8974
444.063229236,6,4.597820000000002,6,0,74.97000000000001,31,33,1,0,Ligand_8977
315.121906024,3,-0.0282999999999991,4,0,78.0,23,25,1,0,Ligand_8979
331.084457896,2,3.647020000000002,3,1,74.68,25,28,1,0,Ligand_8981
289.11748934,4,1.2293,7,0,81.83999999999999,21,22,3,0,Ligand_8984
309.10010796,4,2.507000000000001,3,1,74.68,23,25,2,0,Ligand_8985
327.147058152,8,3.357400000000002,3,2,75.63,24,25,2,0,Ligand_8986
300.068096624,2,0.9134999999999998,4,2,73.80000000000001,21,23,3,0,Ligand_8987
385.08447496,7,2.0999,8,2,119.23,27,29,4,0,Ligand_8988
345.08956034,6,0.7557999999999998,6,3,120.07,24,25,4,0,Ligand_8989
372.15862588,3,3.423300000000002,5,1,76.35,28,31,2,0,Ligand_8990
448.13358934,6,3.117600000000002,5,1,82.08000000000001,30,32,3,0,Ligand_8991
445.094370948,7,0.8237999999999996,7,2,152.94,31,33,4,0,Ligand_8992
441.1246084559999,8,4.869900000000004,7,1,83.09,31,33,2,0,Ligand_8997
559.9582458760001,8,4.387600000000004,4,3,108.64,32,34,4,0,Ligand_9000
331.119987876,2,3.481760000000002,3,2,79.27000000000001,23,24,1,0,Ligand_9001
404.117235244,5,5.085100000000003,4,2,80.57000000000001,30,33,1,0,Ligand_9002
394.200490692,6,2.6312000000000006,5,2,83.03,29,31,4,0,Ligand_9005
435.1464065199999,9,2.0172,7,1,106.53,30,31,4,0,Ligand_9006
349.142641468,5,3.609720000000002,5,1,73.22,26,28,2,0,Ligand_9007
550.18860568,9,3.644040000000003,8,1,111.87,39,42,1,0,Ligand_9013
454.129549516,5,4.145000000000003,5,1,84.94000000000001,32,36,2,0,Ligand_9014
424.118984832,4,4.136400000000003,4,1,75.71000000000001,30,34,2,0,Ligand_9015
319.12446654,2,2.798140000000001,3,2,79.27000000000001,23,24,1,0,Ligand_9020
375.16166266,5,3.1580900000000014,5,2,76.12,26,28,1,0,Ligand_9025
375.16166266,5,3.013990000000001,5,2,76.12,26,28,1,0,Ligand_9026
381.114712468,6,3.031790000000001,5,2,76.12,27,29,5,0,Ligand_9027
383.130362532,6,3.4076900000000023,5,2,76.12,27,29,5,0,Ligand_9028
387.105290656,6,2.7745900000000008,5,2,76.12,27,29,1,0,Ligand_9033
389.177312724,5,3.259990000000002,5,2,76.12,27,29,1,0,Ligand_9034
413.140927216,8,2.88229,6,2,85.35,29,31,5,0,Ligand_9035
432.1256115,6,3.440990000000001,6,2,89.00999999999999,31,34,5,0,Ligand_9037
456.1831263759999,8,2.2058,7,1,93.53,32,35,5,0,Ligand_9038
431.18450628,3,4.053000000000003,6,2,89.55000000000001,32,36,2,0,Ligand_9040
400.9898845839999,3,3.733100000000002,5,1,85.60999999999999,25,27,5,0,Ligand_9041
308.068473484,3,3.214800000000001,5,0,73.58000000000001,23,25,5,0,Ligand_9042
301.10625596000006,4,1.1735999999999998,5,2,89.55,22,23,1,0,Ligand_9045
281.08341234000005,2,1.6434,5,0,76.30000000000001,19,21,4,0,Ligand_9048
390.132805056,4,2.959200000000001,8,1,95.34,29,32,2,0,Ligand_9049
384.1256115000001,5,2.5303000000000004,5,3,84.51,27,29,4,0,Ligand_9051
480.113726488,6,1.2985999999999986,6,2,132.95999999999998,32,34,5,0,Ligand_9052
315.077658264,6,0.8506999999999996,5,2,101.93000000000002,21,22,3,0,Ligand_9053
459.101954864,8,3.5637200000000027,5,1,88.6,31,33,5,0,Ligand_9056
503.051439284,8,3.6728200000000015,5,1,88.60000000000001,31,33,2,0,Ligand_9057
355.120191772,4,1.1077999999999997,5,1,96.02,24,25,5,0,Ligand_9058
334.098728056,4,2.706500000000001,4,1,79.62,23,25,5,0,Ligand_9060
292.051777864,3,1.7933999999999997,6,1,76.99000000000001,20,21,4,0,Ligand_9067
524.1496333279999,9,2.758900000000001,8,1,109.77,35,37,3,0,Ligand_9068
369.1688562160001,6,2.4919400000000005,4,3,96.53,27,28,5,0,Ligand_9069
388.9945931040001,4,3.449700000000001,5,2,83.03,23,25,5,0,Ligand_9076
484.0875117399999,6,3.738070000000003,8,1,121.48,33,36,4,0,Ligand_9077
482.047733808,8,3.6251000000000015,4,3,108.64,31,33,4,0,Ligand_9078
271.143310164,3,2.56081,4,3,82.92,20,21,2,0,Ligand_9080
234.100442308,2,1.0908,4,2,73.13,17,18,4,0,Ligand_9082
520.22859726,6,4.530800000000004,5,2,83.44,38,42,4,0,Ligand_9087
452.18034950399993,11,4.002400000000003,4,2,92.34,30,31,4,0,Ligand_9090
419.98917337600005,3,2.7540999999999998,4,4,99.01,25,27,5,0,Ligand_9092
307.105587264,4,1.8357,7,1,83.09,22,23,4,0,Ligand_9093
179.069476528,3,0.1577999999999995,4,2,74.58,13,13,1,0,Ligand_9100
250.04121318,3,0.9372000000000004,4,1,82.16,17,18,2,0,Ligand_9102
373.1460125960001,5,2.0398,4,2,87.63,26,28,1,0,Ligand_9105
320.13722174,5,1.2878999999999996,5,3,99.1,23,24,3,0,Ligand_9107
233.080041212,3,-0.6639000000000004,4,3,87.30000000000001,17,18,3,0,Ligand_9110
499.177706648,10,2.5614,7,1,97.41,35,37,3,0,Ligand_9111
458.2053012999999,8,2.819140000000001,7,1,95.56,33,35,3,0,Ligand_9112
305.173941596,5,1.1337999999999997,4,4,104.45,22,23,1,0,Ligand_9117
194.06914218,2,-0.2737000000000001,5,2,86.25,14,14,3,0,Ligand_9118
199.085795288,2,0.7802799999999999,5,1,80.52,15,16,5,0,Ligand_9123
114.054160812,1,-1.1208000000000005,4,3,87.82,8,8,5,0,Ligand_9124
332.173607248,7,2.592720000000001,4,2,76.66,24,25,5,0,Ligand_9125
365.195070964,7,0.6063000000000005,6,1,80.34,26,27,1,0,Ligand_9126
382.152871804,8,2.0488,5,1,84.94000000000001,28,30,1,0,Ligand_9128
288.111006992,4,0.5778000000000001,4,1,75.71000000000001,21,23,5,0,Ligand_9130
332.096141212,8,2.1707,3,2,75.27000000000001,21,21,5,0,Ligand_9131
319.164439532,2,-0.3077999999999989,7,0,82.13,23,25,5,0,Ligand_9134
522.23976866,8,3.7022400000000015,6,2,81.75,37,40,1,0,Ligand_9135
308.14845511999994,5,-0.4771999999999992,5,1,90.03,22,23,3,0,Ligand_9137
453.1688562160001,8,3.7509000000000015,3,4,111.29,34,37,2,0,Ligand_9139
387.158291532,6,4.041800000000003,5,1,72.81,29,32,2,0,Ligand_9140
399.0711334040001,7,3.7154000000000025,7,1,80.64999999999999,27,29,2,0,Ligand_9141
514.080318184,9,3.972990000000002,9,2,98.24,34,37,3,0,Ligand_9142
428.1518262479999,5,3.414240000000002,8,1,85.81,30,33,5,0,Ligand_9143
432.102289212,4,4.059040000000002,7,1,76.58,29,32,5,0,Ligand_9144
346.152871804,5,2.0453,5,2,85.89000000000001,25,27,4,0,Ligand_9145
342.078661308,3,1.9916,4,4,99.01,24,26,5,0,Ligand_9146
337.152537456,2,0.9788,6,0,74.30000000000001,24,25,3,0,Ligand_9147
242.101504928,6,-0.7865999999999993,6,3,116.93999999999996,17,17,1,0,Ligand_9148
393.1180835960001,6,3.3817200000000023,6,1,89.02000000000001,26,28,5,0,Ligand_9149
395.148120772,7,3.439720000000002,7,1,95.18,29,31,1,0,Ligand_9150
424.247440884,8,3.559600000000001,5,2,73.91000000000001,31,33,4,0,Ligand_9151
347.08274364400006,4,2.6621200000000007,5,0,80.75,24,25,3,0,Ligand_9152
357.14886972,8,3.093400000000001,4,2,79.78999999999999,26,27,1,0,Ligand_9153
372.0989180840001,5,3.0772200000000014,6,1,77.22,26,28,3,0,Ligand_9154
463.177706648,6,1.8316,6,2,117.8,32,35,5,0,Ligand_9155
465.156971204,7,0.822000000000001,7,2,127.03,32,35,5,0,Ligand_9156
395.115106392,6,-0.074799999999999,6,2,117.79999999999998,27,29,5,0,Ligand_9157
285.11134134,4,1.3451,4,2,80.32,21,22,2,0,Ligand_9158
544.1879369839999,13,3.283800000000002,8,1,112.63,38,40,4,0,Ligand_9160
392.13722174,6,2.664300000000001,6,2,93.73,29,31,1,0,Ligand_9161
422.147786424,7,2.672900000000001,7,2,102.96,31,33,1,0,Ligand_9162
422.147786424,7,2.6729000000000003,7,2,102.96,31,33,1,0,Ligand_9163
458.235161948,7,3.040300000000001,6,2,73.91,32,34,2,0,Ligand_9164
474.263090948,8,2.7404200000000003,6,2,81.75,35,38,1,0,Ligand_9166
508.224118596,8,3.3938200000000025,6,2,81.75,36,39,1,0,Ligand_9167
280.121177752,2,2.576480000000001,4,1,76.11000000000001,21,23,4,0,Ligand_9171
334.05427640000005,5,3.425740000000001,4,1,73.05000000000001,22,23,1,0,Ligand_9172
508.1679504879999,8,2.343,7,1,103.4,35,38,5,0,Ligand_9178
373.146012596,9,3.350900000000002,5,2,80.32000000000001,26,27,1,0,Ligand_9179
416.14173574,7,1.1196000000000002,6,1,94.17,28,30,5,0,Ligand_9180
317.068807832,2,3.3386000000000022,3,1,74.68,24,27,1,0,Ligand_9182
351.100125024,7,0.8388999999999994,9,2,120.95,24,25,3,0,Ligand_9183
452.1727517200001,6,5.647740000000004,4,3,100.53,32,34,1,0,Ligand_9184
245.164045608,2,2.3547800000000008,3,2,73.1,18,18,3,0,Ligand_9186
467.09734815200005,8,4.254300000000003,8,1,82.45,32,35,5,0,Ligand_9188
416.18821175599993,9,2.9915900000000013,5,2,87.19999999999999,29,31,1,0,Ligand_9189
508.1304221079999,8,2.2703000000000007,9,1,116.42000000000004,36,39,2,0,Ligand_9191
375.10489224,5,4.320100000000003,3,2,75.63,25,26,3,0,Ligand_9197
368.13722174,3,1.5328999999999997,5,1,87.15,27,31,5,0,Ligand_9200
423.0792830000001,5,1.3508999999999998,11,1,120.76,28,31,2,0,Ligand_9201
212.079706864,4,-0.2720999999999999,4,2,92.34,15,15,2,0,Ligand_9205
414.134634896,5,4.007600000000003,4,1,75.71000000000001,29,31,1,0,Ligand_9209
426.21547206,3,2.8636000000000013,6,2,88.10000000000001,31,34,1,0,Ligand_9212
470.241686808,5,3.175200000000002,7,1,86.33,34,37,1,0,Ligand_9213
440.194736616,4,2.4472000000000005,7,1,94.17000000000002,32,35,5,0,Ligand_9214
234.122909068,2,0.4790599999999994,6,1,77.63000000000001,17,18,2,0,Ligand_9216
314.1300281840001,9,2.5812,6,2,102.51,21,21,3,0,Ligand_9217
394.1099614360001,6,3.2377200000000013,5,2,101.05,28,30,3,0,Ligand_9218
364.064841084,6,2.3595,3,2,89.25999999999999,24,25,2,0,Ligand_9219
343.09906240400005,4,2.838590000000001,5,2,80.03,24,26,1,0,Ligand_9220
276.093248752,4,2.571180000000001,4,1,73.97999999999999,19,20,3,0,Ligand_9221
340.063011244,2,1.82242,7,0,84.64000000000001,24,27,2,0,Ligand_9222
373.07324158,6,1.4834,7,1,105.67,26,28,3,0,Ligand_9223
448.10929274,7,4.216600000000003,6,1,92.78,32,35,4,0,Ligand_9224
259.051443516,5,0.1464999999999994,5,1,81.7,17,17,5,0,Ligand_9228
315.110672644,5,2.742700000000001,5,1,73.86,23,24,4,0,Ligand_9230
354.12494280399994,5,1.6088,5,1,92.78,24,25,5,0,Ligand_9239
340.10929274,4,1.2186999999999997,5,1,92.78,23,24,5,0,Ligand_9240
398.068490548,2,0.3946999999999996,6,1,116.22,28,31,4,0,Ligand_9241
414.099790676,5,1.7133800000000003,7,1,121.09,29,31,1,0,Ligand_9242
388.04562563200005,6,2.5664000000000007,3,2,75.27,22,23,3,0,Ligand_9245
358.111791276,6,2.7033000000000005,3,2,75.27000000000001,23,24,3,0,Ligand_9246
306.95139090000004,5,1.2021,3,2,83.47,16,16,4,0,Ligand_9247
384.208278504,14,3.2304000000000013,4,2,84.50000000000001,26,26,3,0,Ligand_9248
432.108225888,13,3.984300000000003,3,2,75.27000000000001,25,25,3,0,Ligand_9249
415.075740116,7,3.1610000000000014,6,1,81.06,28,30,1,0,Ligand_9251
523.2253255359999,5,3.1384200000000018,8,0,87.97999999999999,37,41,2,0,Ligand_9252
454.167476312,5,3.285820000000002,7,1,93.53,32,35,5,0,Ligand_9253
514.1886056799999,7,3.303020000000002,9,1,111.99,36,39,5,0,Ligand_9254
538.1522201719999,9,3.6918200000000025,10,2,130.01000000000002,38,41,5,0,Ligand_9256
415.093498356,6,3.152020000000001,6,2,102.69,29,31,2,0,Ligand_9259
343.099062404,3,2.14882,4,1,83.13,24,26,2,0,Ligand_9260
308.083077992,5,2.5034,6,1,76.99,21,22,2,0,Ligand_9263
290.11542367600003,6,2.907420000000001,4,1,76.74,21,22,2,0,Ligand_9267
309.12440456,5,1.8659,3,2,75.43,21,22,3,0,Ligand_9273
463.131425152,7,2.8603200000000006,7,3,150.29,33,36,5,0,Ligand_9276
408.1831263759999,9,1.2550200000000007,8,1,85.69,28,30,4,0,Ligand_9277
322.211724072,8,0.5870000000000011,7,2,87.95000000000002,23,24,5,0,Ligand_9279
357.180089596,8,0.8503999999999992,7,3,104.94,26,28,4,0,Ligand_9280
423.092262772,5,1.3401999999999992,5,1,103.86,28,30,5,0,Ligand_9285
260.090940244,4,0.7842199999999998,6,1,103.6,19,20,2,0,Ligand_9286
274.106590308,3,1.57622,6,2,88.74,20,21,2,0,Ligand_9289
309.12257472000005,5,2.10312,6,2,96.17,23,25,3,0,Ligand_9290
339.133139404,6,2.11172,7,2,105.4,25,27,3,0,Ligand_9291
410.174275944,7,3.692700000000002,3,3,86.88,31,34,2,0,Ligand_9292
466.056190316,8,2.935200000000002,4,1,75.71000000000001,28,30,2,0,Ligand_9296
362.02660444,5,3.000020000000001,4,1,73.91,22,23,5,0,Ligand_9297
299.138224784,3,0.5828,7,1,73.85,22,24,1,0,Ligand_9298
426.066776296,7,0.338800000000001,6,4,178.51999999999998,28,29,4,0,Ligand_9299
354.124942804,7,1.7528999999999992,5,1,92.78,24,25,3,0,Ligand_9300
354.180423944,3,2.173,7,1,103.07,26,29,5,0,Ligand_9301
314.0837466880001,5,2.6973000000000003,5,2,79.9,22,24,1,0,Ligand_9302
457.09437094800006,8,0.5811000000000002,8,1,131.44,32,35,4,0,Ligand_9303
276.07217687200006,3,0.7524,3,3,78.43,19,19,5,0,Ligand_9306
388.10929274,7,4.018390000000003,7,1,74.86,27,29,1,0,Ligand_9309
431.1514919,7,1.7938999999999996,5,2,118.8,30,32,1,0,Ligand_9310
356.067821852,3,0.6199999999999997,8,0,108.04999999999998,24,26,1,0,Ligand_9312
317.11240396,3,-0.0724000000000002,8,0,91.6,23,26,3,0,Ligand_9313
204.075958876,2,-0.1569000000000006,7,2,102.21,15,16,3,0,Ligand_9314
223.106924656,4,0.96114,7,1,78.00000000000001,16,17,4,0,Ligand_9318
438.21547206,8,3.3987000000000025,6,1,84.94000000000001,32,34,1,0,Ligand_9319
376.077615752,5,1.64892,9,2,107.83,25,27,3,0,Ligand_9320
388.145678248,10,2.734400000000001,5,2,76.66,27,28,4,0,Ligand_9321
367.15320615200005,7,3.4188000000000027,6,1,74.08,27,29,5,0,Ligand_9322
370.109961436,8,2.515000000000001,6,2,89.16000000000001,26,28,5,0,Ligand_9323
476.151826248,5,3.6713900000000015,7,1,83.71000000000001,34,38,3,0,Ligand_9325
441.13584183600005,8,2.992490000000001,7,2,94.58,31,34,4,0,Ligand_9326
361.1460125960001,6,2.9404900000000005,5,2,76.12,25,27,1,0,Ligand_9328
432.146740868,10,2.822820000000001,9,1,108.48,30,32,1,0,Ligand_9329
515.0643337719999,7,4.449590000000003,11,0,76.74000000000001,34,38,4,0,Ligand_9330
476.101053628,7,4.444490000000003,8,2,89.01,31,34,2,0,Ligand_9331
402.116189688,5,2.27726,6,2,93.09,28,30,5,0,Ligand_9332
458.162390932,9,1.5671399999999998,8,2,111.55000000000004,32,34,5,0,Ligand_9333
329.033396636,4,2.0448000000000004,4,1,84.99000000000001,21,22,5,0,Ligand_9336
354.0885572959999,8,2.4176,9,0,92.91,24,25,2,0,Ligand_9340
255.100776656,4,1.4877999999999998,4,1,77.57000000000001,19,20,5,0,Ligand_9341
255.100776656,4,1.4877999999999998,4,1,77.57000000000001,19,20,5,0,Ligand_9342
436.199821996,8,2.995800000000002,6,1,79.31,32,35,1,0,Ligand_9343
458.151157552,8,2.6758000000000006,8,1,88.54,32,35,1,0,Ligand_9344
414.159100056,7,2.7193000000000005,6,1,83.22,30,33,1,0,Ligand_9345
477.226371092,10,2.743500000000001,7,2,91.34,35,38,2,0,Ligand_9346
559.17884952,8,1.757100000000001,8,1,116.69,39,43,1,0,Ligand_9348
309.099252432,7,2.0714999999999995,7,3,92.19,21,22,1,0,Ligand_9349
364.189926008,4,3.3276200000000014,3,3,73.47,27,29,4,0,Ligand_9350
327.03474789600006,3,1.1766,6,1,100.46,21,23,4,0,Ligand_9352
365.0140124520001,5,2.1989,7,2,118.48,24,26,1,0,Ligand_9353
345.09945632800003,4,-0.6645799999999991,6,2,129.39999999999998,23,24,4,0,Ligand_9354
375.133139404,3,1.73852,6,2,105.45000000000002,28,31,5,0,Ligand_9357
454.1674763120001,9,4.000360000000002,6,2,110.28,32,34,4,0,Ligand_9360
467.089954264,7,1.5207000000000002,8,2,147.65999999999997,33,36,4,0,Ligand_9362
362.137890436,4,2.9730000000000008,7,2,89.27,27,30,2,0,Ligand_9363
268.063011244,5,1.0538999999999998,8,1,96.17,18,19,4,0,Ligand_9365
282.078661308,5,1.36232,8,1,96.17,19,20,4,0,Ligand_9366
216.068096624,4,-0.0444799999999999,7,1,83.03,14,14,4,0,Ligand_9367
313.142641468,6,1.5139999999999998,4,3,93.45,23,24,1,0,Ligand_9368
350.09364267599994,7,2.0248,6,1,86.22,24,25,3,0,Ligand_9370
261.158960228,5,1.2493199999999998,5,0,73.12,19,19,5,0,Ligand_9372
425.129693836,7,4.112940000000004,5,0,72.91,30,32,3,0,Ligand_9374
287.115758024,3,2.6388,4,2,83.47,21,22,1,0,Ligand_9376
296.13722174,6,0.1368000000000004,5,3,126.56,21,21,4,0,Ligand_9377
462.1837950720001,8,4.228390000000002,7,3,108.68,33,36,2,0,Ligand_9380
454.167476312,5,2.6215,5,2,107.94,32,35,3,0,Ligand_9385
343.141972772,7,2.972800000000001,6,1,77.77,25,26,2,0,Ligand_9387
468.15643296,10,3.531100000000002,6,2,94.48,33,35,4,0,Ligand_9389
399.1794209,8,1.5074999999999996,6,2,93.04,29,31,3,0,Ligand_9390
290.126657056,3,1.9717,4,3,87.66,21,22,3,0,Ligand_9391
451.129883864,8,3.839500000000002,5,2,89.55,32,34,4,0,Ligand_9393
305.126322708,3,2.16882,6,1,77.77,22,23,2,0,Ligand_9394
257.1276601,2,1.6014200000000005,3,2,93.26,19,20,1,0,Ligand_9395
404.173607248,8,4.066200000000003,4,2,76.66000000000001,30,32,2,0,Ligand_9400
373.163770836,5,2.714780000000001,6,1,100.89,27,28,2,0,Ligand_9402
296.040167624,5,1.8597,7,2,90.13,19,20,3,0,Ligand_9403
438.124942804,6,3.6643000000000026,7,0,77.43,31,34,3,0,Ligand_9404
344.083077992,5,1.9721999999999995,5,1,84.82999999999998,24,26,1,0,Ligand_9406
359.093977024,5,1.1636999999999993,5,2,96.86,25,27,1,0,Ligand_9407
273.147726848,7,2.995120000000001,4,2,75.11,20,21,4,0,Ligand_9409
348.11437812,5,2.2767600000000003,4,2,98.48999999999998,24,25,5,0,Ligand_9410
444.0813637399999,7,3.639400000000002,7,2,88.10000000000001,30,32,4,0,Ligand_9412
493.13412758400005,7,2.595800000000001,8,0,88.62,33,35,4,0,Ligand_9413
462.162471184,6,3.658640000000003,5,1,92.78,32,34,1,0,Ligand_9418
278.083746688,3,0.5990000000000002,4,2,79.95,19,20,5,0,Ligand_9420
380.221226136,4,3.298180000000002,6,1,82.59,28,30,2,0,Ligand_9421
342.124738908,2,2.916780000000001,5,1,73.36,24,26,2,0,Ligand_9422
342.124738908,2,2.916780000000001,5,1,73.36,24,26,2,0,Ligand_9423
326.154289448,2,2.4024800000000006,5,1,73.36,24,26,2,0,Ligand_9424
366.205576072,3,2.9080800000000018,6,1,82.59,27,29,2,0,Ligand_9425
352.189926008,4,2.6620800000000013,6,1,82.59,26,28,2,0,Ligand_9426
338.174275944,3,2.27198,6,1,82.59,25,27,2,0,Ligand_9427
366.205576072,3,2.908080000000001,6,1,82.59,27,29,2,0,Ligand_9428
398.19540531199993,5,2.28918,8,1,101.05,29,31,2,0,Ligand_9429
426.22670543999993,5,2.9252800000000008,8,1,101.05,31,33,2,0,Ligand_9430
266.072513308,3,0.75972,5,3,81.92,18,19,1,0,Ligand_9432
427.095039644,7,1.9663,10,1,125.3,30,32,4,0,Ligand_9433
332.13855913199995,2,2.10948,6,2,111.69,25,28,2,0,Ligand_9434
281.13755608800005,4,2.8352400000000006,5,2,89.55000000000001,20,20,3,0,Ligand_9435
460.1668076159999,7,3.260720000000002,6,0,93.22,32,34,4,0,Ligand_9436
411.0888916439999,3,2.5901200000000006,7,1,99.52,29,33,1,0,Ligand_9437
347.13036253199994,5,2.737820000000001,5,1,81.06,24,26,4,0,Ligand_9438
347.13036253199994,2,2.59372,5,1,81.06,24,26,4,0,Ligand_9439
305.08341234,2,1.5675199999999998,5,1,81.06,21,23,4,0,Ligand_9440
367.075740116,2,2.9387000000000008,5,1,81.06,24,26,4,0,Ligand_9441
367.075740116,4,2.9387000000000008,5,1,81.06,24,26,4,0,Ligand_9442
321.07832696,3,1.2677,6,1,90.29,22,24,4,0,Ligand_9443
349.109627088,5,2.0479,6,1,90.29,24,26,4,0,Ligand_9444
337.0896405919999,3,2.0343,5,1,81.06,23,25,4,0,Ligand_9445
532.1086411079999,6,1.5824999999999994,9,1,136.89999999999998,36,40,5,0,Ligand_9446
436.1668076159999,8,2.227499999999999,7,0,77.54000000000002,30,32,4,0,Ligand_9447
417.095868844,3,3.448040000000001,5,1,81.06,29,32,4,0,Ligand_9448
425.140927216,5,3.107340000000001,6,1,90.29,30,33,4,0,Ligand_9449
371.093977024,3,2.762840000000001,6,1,94.2,26,29,4,0,Ligand_9450
287.126991404,3,2.18138,6,1,87.2,21,22,2,0,Ligand_9451
410.97760564800006,7,2.1534999999999997,5,1,89.53999999999999,24,25,1,0,Ligand_9452
365.13755608800005,5,2.3922000000000008,6,1,88.06999999999998,27,29,1,0,Ligand_9453
340.14230712,6,3.277720000000002,4,2,84.50000000000001,25,26,5,0,Ligand_9455
440.29987038,9,1.9330000000000007,5,3,130.82999999999998,31,31,1,0,Ligand_9457
358.22162006,8,0.032000000000003,5,4,139.62,25,24,1,0,Ligand_9458
381.153600076,9,-0.9323999999999976,7,4,143.05999999999997,27,27,4,0,Ligand_9459
401.253923232,5,0.9861000000000006,8,1,89.44999999999999,29,32,1,0,Ligand_9460
380.13722174,8,3.179900000000001,4,2,103.78000000000002,28,30,1,0,Ligand_9461
278.083746688,7,1.0919999999999992,5,2,79.9,19,20,4,0,Ligand_9462
304.074244624,4,1.5673199999999994,7,3,122.72,21,23,3,0,Ligand_9463
335.039833276,5,2.1784,6,1,81.17999999999999,22,24,5,0,Ligand_9466
441.135841836,8,2.667700000000001,5,2,108.57,31,33,1,0,Ligand_9467
308.138559132,3,1.81346,6,1,84.54,23,25,4,0,Ligand_9469
286.106590308,5,0.9447999999999996,5,2,96.59,21,22,5,0,Ligand_9470
343.116820644,5,1.3209999999999995,6,2,102.16,25,27,5,0,Ligand_9471
410.19540531199993,11,2.864600000000001,6,2,101.38,30,31,1,0,Ligand_9472
391.164439532,4,2.349600000000001,6,1,86.6,29,32,1,0,Ligand_9474
381.1185519600001,3,-1.093699999999999,9,2,132.38,28,31,4,0,Ligand_9476
406.0832680200001,4,3.5044000000000013,6,1,86.11,29,32,5,0,Ligand_9478
390.0883534,3,3.8042200000000017,5,1,76.88,28,31,5,0,Ligand_9479
415.15320615200005,5,3.7730200000000025,6,1,82.44999999999999,31,34,2,0,Ligand_9480
444.1256115,8,4.025200000000002,6,2,96.58,32,35,2,0,Ligand_9492
471.136510532,8,4.183320000000002,7,2,109.47,34,37,3,0,Ligand_9493
369.125945848,7,3.190500000000002,7,1,85.31,26,28,4,0,Ligand_9494
439.131425152,10,2.6708000000000007,8,2,118.7,31,33,2,0,Ligand_9495
423.125277152,7,3.284200000000002,5,1,88.07,30,32,3,0,Ligand_9496
371.1303625320001,9,3.2859000000000016,6,1,72.81,26,27,1,0,Ligand_9497
291.12190602400005,5,0.6071000000000004,4,3,107.86,21,21,4,0,Ligand_9503
291.12190602400005,5,0.7032999999999998,4,2,99.07,21,21,4,0,Ligand_9504
313.061804304,5,2.740780000000001,4,1,74.47999999999999,22,23,1,0,Ligand_9505
442.065713676,6,3.653900000000002,7,1,77.10000000000001,30,33,4,0,Ligand_9508
420.022187756,3,3.6049000000000015,5,1,76.88,27,30,2,0,Ligand_9509
481.1307564559999,9,3.0474200000000016,6,2,125.37,34,36,3,0,Ligand_9510
383.130362532,7,2.677990000000001,5,2,76.12,27,29,1,0,Ligand_9511
390.136176184,4,1.74989,6,1,87.63999999999999,27,29,1,0,Ligand_9512
402.099790676,5,2.0088,6,4,117.47,28,30,5,0,Ligand_9513
419.98917337600005,3,2.7541,4,4,99.01,25,27,5,0,Ligand_9514
342.078661308,3,1.9916,4,4,99.01,24,26,5,0,Ligand_9515
477.156971204,6,1.576500000000001,7,2,123.26999999999998,33,35,5,0,Ligand_9516
359.13688739199995,4,2.919500000000001,7,1,90.93,26,28,2,0,Ligand_9517
329.126322708,3,2.945400000000001,6,1,81.70000000000002,24,26,3,0,Ligand_9518
320.104003464,5,2.0823,4,2,82.92,22,23,4,0,Ligand_9519
330.058674812,2,2.1221,3,4,89.78,23,25,5,0,Ligand_9520
318.122909068,3,2.6681,7,2,88.22,24,27,3,0,Ligand_9521
408.115520992,7,1.9258,5,1,84.94,28,30,1,0,Ligand_9522
386.166413692,7,4.077920000000002,4,2,81.41999999999999,27,29,4,0,Ligand_9523
500.1729556159999,7,3.0570200000000014,9,1,111.99,35,38,5,0,Ligand_9525
384.161997008,4,4.565400000000004,4,2,86.41,27,29,1,0,Ligand_9527
407.150601036,5,1.4621,9,1,99.1,30,33,1,0,Ligand_9529
464.205969996,11,2.886300000000001,7,2,103.71000000000002,34,36,4,0,Ligand_9530
275.065453768,3,0.7589999999999998,6,4,153.76,20,21,2,0,Ligand_9531
373.930511136,4,1.7462,4,3,104.73,21,22,1,0,Ligand_9534
441.135841836,9,2.4183000000000003,8,1,91.68,31,34,4,0,Ligand_9536
542.1835202999999,7,2.666200000000001,7,1,129.32,38,41,4,0,Ligand_9537
373.109627088,6,2.2445000000000004,5,1,75.02000000000001,26,28,4,0,Ligand_9538
366.124942804,8,1.3407999999999995,7,1,98.93,25,26,2,0,Ligand_9539
470.232933692,6,1.5069,7,1,90.03,34,37,4,0,Ligand_9540
318.07712002,5,2.8909200000000013,4,1,73.91,22,23,5,0,Ligand_9542
328.14230712,7,2.44052,5,1,83.14,24,25,5,0,Ligand_9543
275.09060589600006,2,0.0463999999999997,5,1,88.07000000000001,20,21,5,0,Ligand_9544
403.129883864,8,3.657200000000002,5,2,89.02000000000001,28,29,3,0,Ligand_9545
353.0558156,4,2.51045,5,3,105.42,24,25,1,0,Ligand_9546
342.23793882,6,0.8312000000000024,3,4,105.81,24,24,2,0,Ligand_9548
286.141638424,12,0.4620000000000002,6,2,77.38000000000001,20,20,2,0,Ligand_9550
369.092931468,7,1.3814,6,3,130.82999999999998,24,25,2,0,Ligand_9551
316.10929273999994,8,0.2237999999999995,5,1,84.94,21,21,3,0,Ligand_9552
394.102099184,9,2.369700000000001,5,1,75.71000000000001,26,27,3,0,Ligand_9553
348.11437812,7,1.7775999999999998,4,1,75.71000000000001,24,25,3,0,Ligand_9554
383.1514919,5,1.1418,5,0,87.22999999999999,26,27,4,0,Ligand_9556
442.078776896,10,3.164200000000002,5,1,75.71000000000001,28,29,3,0,Ligand_9558
334.098728056,7,1.7658999999999996,4,1,89.70000000000002,23,24,5,0,Ligand_9561
400.183206628,10,2.4532,4,2,84.5,27,28,3,0,Ligand_9563
401.1773127240001,7,2.7911200000000003,4,2,88.16,28,30,3,0,Ligand_9564
494.051104936,6,3.665200000000002,5,1,92.78,30,32,4,0,Ligand_9565
404.1042073599999,9,2.6073000000000004,6,2,110.78,28,30,2,0,Ligand_9566
444.1355074879999,10,3.0229000000000017,6,2,106.87,31,33,2,0,Ligand_9567
404.176978376,9,3.3280200000000013,4,2,84.50000000000001,28,29,2,0,Ligand_9568
461.198442092,10,1.861720000000001,6,2,96.97,32,34,2,0,Ligand_9569
464.1981077439999,12,2.7643000000000013,6,2,102.96,32,33,3,0,Ligand_9570
485.189688976,6,2.736320000000001,7,0,78.75,34,37,2,0,Ligand_9571
210.148061196,6,-0.18942,4,2,82.15,15,14,2,0,Ligand_9572
417.208612852,7,4.040190000000004,5,2,76.12,29,31,1,0,Ligand_9573
377.1773127240001,10,3.4056900000000017,5,2,76.12,26,27,1,0,Ligand_9574
395.1514919,10,1.8343899999999995,7,2,94.58,27,28,1,0,Ligand_9575
338.126657056,4,2.1827,5,2,80.56,25,27,1,0,Ligand_9576
312.111006992,5,2.631900000000001,5,1,73.47,23,25,1,0,Ligand_9578
317.060090052,4,0.1316000000000001,4,1,83.71000000000001,20,21,5,0,Ligand_9582
430.201633564,8,2.037699999999999,6,2,83.14,31,33,1,0,Ligand_9589
416.16151834,7,2.5434,5,2,73.91,29,31,1,0,Ligand_9590
357.132470708,4,1.4047999999999994,6,1,84.25000000000001,26,29,3,0,Ligand_9591
348.07799261199995,4,1.1445199999999998,5,2,93.73000000000002,24,26,2,0,Ligand_9592
181.073893212,3,0.8666999999999998,3,3,83.55000000000001,13,13,4,0,Ligand_9593
376.117154992,3,1.8899,6,3,117.07999999999998,28,31,5,0,Ligand_9594
301.142641468,3,1.5482,5,2,88.16,22,23,4,0,Ligand_9595
308.040167624,6,0.7846,6,2,111.96,20,21,5,0,Ligand_9596
263.07937251600003,2,1.5240999999999998,6,2,84.86,19,20,3,0,Ligand_9598
372.1532657279999,6,0.6640000000000006,8,3,140.26,26,26,3,0,Ligand_9599
256.084792244,1,2.3479,4,3,72.8,19,21,3,0,Ligand_9601
380.13069688,6,2.7842,6,2,90.00999999999999,27,29,1,0,Ligand_9602
301.15387484800004,4,2.24421,4,4,102.89,22,23,2,0,Ligand_9603
307.11847405400005,6,0.8048999999999997,6,1,93.14,20,20,4,0,Ligand_9605
354.08274155600003,3,2.789300000000001,5,1,75.27,25,27,5,0,Ligand_9609
474.19369106,8,1.454920000000001,6,2,108.04999999999998,33,35,1,0,Ligand_9612
382.109961436,8,2.701780000000001,7,1,100.92,27,29,5,0,Ligand_9615
418.129549516,6,4.096900000000003,5,1,77.10000000000001,29,31,4,0,Ligand_9621
418.167476312,7,1.82319,6,2,110.42,29,31,2,0,Ligand_9622
341.10117058000003,4,1.2076,5,2,108.71,25,27,3,0,Ligand_9625
406.1641051840001,4,1.2300199999999997,6,1,93.41000000000004,30,34,3,0,Ligand_9627
424.199821996,5,2.3467,5,0,76.15,31,35,2,0,Ligand_9628
361.09839370800006,6,2.5841200000000004,5,1,89.53999999999999,25,26,3,0,Ligand_9632
455.040205904,9,2.9890000000000017,5,1,81.7,27,28,3,0,Ligand_9634
539.1394029920001,9,3.4255000000000013,9,1,107.59000000000002,37,41,5,0,Ligand_9635
494.19877644,10,3.511120000000002,7,2,102.32,35,38,5,0,Ligand_9636
505.1783753440001,9,2.772100000000001,9,1,107.59000000000002,36,40,5,0,Ligand_9637
421.200156344,5,3.8076000000000025,6,0,73.66000000000001,31,34,2,0,Ligand_9638
370.119857424,5,1.8287,6,1,102.01,25,26,5,0,Ligand_9644
387.09360016400007,8,2.6708000000000007,9,1,98.48,26,28,2,0,Ligand_9646
353.17125622800006,4,0.3006200000000003,10,1,120.76,26,29,4,0,Ligand_9648
343.14668129200004,7,2.6770000000000005,6,1,72.7,24,26,2,0,Ligand_9649
309.06709358,6,2.08232,4,2,96.61,21,22,2,0,Ligand_9651
448.121668992,6,0.3131999999999997,7,1,110.48000000000002,31,33,4,0,Ligand_9652
516.14788374,5,2.406600000000001,6,1,120.09,36,39,4,0,Ligand_9653
512.172955616,5,2.575920000000001,6,1,120.09,36,39,4,0,Ligand_9654
403.199487648,9,3.7182400000000015,7,0,75.99000000000001,29,30,4,0,Ligand_9655
428.18821175599993,6,2.6965400000000006,5,1,82.08000000000001,30,32,3,0,Ligand_9657
355.0772814040001,7,2.03952,8,2,109.86,23,24,3,0,Ligand_9659
476.209341124,13,1.7166999999999997,8,2,111.55,33,35,5,0,Ligand_9661
447.068134904,10,3.7839000000000023,5,1,81.69999999999999,28,29,4,0,Ligand_9663
361.098393708,7,2.00784,5,1,89.53999999999999,25,26,1,0,Ligand_9664
371.116900896,5,1.7472,5,0,80.75,27,30,1,0,Ligand_9665
309.12257472000005,3,1.035899999999999,6,1,81.28,23,25,5,0,Ligand_9667
458.047733808,4,2.807500000000001,5,1,77.1,29,32,1,0,Ligand_9668
271.132076784,4,2.5495400000000004,4,2,77.24000000000001,20,21,4,0,Ligand_9669
566.219905808,11,3.613800000000003,9,2,120.78000000000002,40,44,5,0,Ligand_9670
536.2093411239999,9,3.523520000000002,8,2,111.55000000000004,38,42,5,0,Ligand_9671
403.102433532,7,3.462600000000002,7,1,73.22,27,29,5,0,Ligand_9673
354.157957184,5,2.2814000000000005,4,2,82.78,26,28,3,0,Ligand_9674
463.121334644,8,1.841,6,2,117.8,32,34,1,0,Ligand_9675
456.183126376,7,2.2614399999999995,5,2,102.58,32,34,1,0,Ligand_9676
443.1514919,8,2.4279200000000003,5,2,108.57,31,33,4,0,Ligand_9678
364.145678248,9,2.9140200000000016,4,2,88.41000000000001,25,26,2,0,Ligand_9680
484.178040996,9,2.889100000000001,8,2,111.55000000000004,34,37,5,0,Ligand_9681
430.20386181999993,6,2.4917000000000007,6,1,84.30000000000001,30,33,5,0,Ligand_9682
396.208278504,9,2.9422000000000006,4,2,84.5,27,28,4,0,Ligand_9683
413.242689852,9,1.1410000000000011,6,2,96.33,30,32,5,0,Ligand_9685
427.258339916,9,1.387000000000002,6,2,96.33,31,33,5,0,Ligand_9686
195.100776656,4,0.6098699999999999,3,3,80.36,14,14,5,0,Ligand_9687
379.043833272,4,2.1997,7,1,104.28,26,28,5,0,Ligand_9691
387.050964848,5,3.295420000000001,6,2,101.93,27,29,1,0,Ligand_9693
395.14159591200007,5,3.503440000000002,4,2,96.34,28,30,1,0,Ligand_9694
370.0987280559999,5,3.635240000000002,5,2,86.71000000000001,26,28,2,0,Ligand_9701
413.104541708,7,2.20662,6,2,121.01000000000002,29,31,2,0,Ligand_9702
316.11715499199994,5,0.5342199999999998,5,3,116.40999999999995,23,24,3,0,Ligand_9703
264.068096624,5,1.5440999999999998,5,2,79.9,18,19,1,0,Ligand_9705
332.13069688,7,3.484900000000002,6,2,88.0,23,24,5,0,Ligand_9708
512.172955616,9,2.2547,10,1,111.99,36,39,5,0,Ligand_9710
429.004569344,8,3.643900000000003,3,1,74.68,25,26,1,0,Ligand_9711
296.08644912,5,-1.2752999999999983,5,3,89.87,18,18,1,0,Ligand_9715
490.0836893119999,4,1.4138,6,4,116.39999999999998,30,32,4,0,Ligand_9716
332.12598835999995,7,2.5649200000000008,6,0,82.81,24,25,5,0,Ligand_9720
368.12598836,4,3.9388200000000033,6,0,78.88000000000001,27,30,2,0,Ligand_9721
331.062676896,3,0.8352999999999997,5,2,96.86,23,25,1,0,Ligand_9726
371.0939770240001,3,1.824,6,1,80.64,26,29,2,0,Ligand_9728
488.194736616,5,5.225900000000004,7,1,90.24,36,40,3,0,Ligand_9730
291.08552051600003,4,0.3655999999999998,6,3,105.76,21,22,4,0,Ligand_9731
522.230076568,8,3.2075000000000014,7,2,83.14,37,40,1,0,Ligand_9733
404.18821175599993,6,1.2807000000000004,6,2,77.82,28,30,1,0,Ligand_9734
374.093642676,7,1.5987000000000002,6,1,94.06,26,28,1,0,Ligand_9737
428.151826248,8,2.6185400000000003,7,2,102.32000000000002,30,32,5,0,Ligand_9738
462.112853896,8,3.2719400000000016,7,2,102.32000000000002,31,33,5,0,Ligand_9739
428.151826248,8,2.6185400000000003,7,2,102.32000000000002,30,32,5,0,Ligand_9740
480.095968248,9,2.5274,8,2,124.15,31,33,5,0,Ligand_9742
402.142701044,6,1.103700000000001,8,2,126.18,29,31,5,0,Ligand_9745
367.15320615200005,5,0.8842000000000001,5,1,78.95,27,30,3,0,Ligand_9747
331.1102957840001,4,1.56184,6,0,80.46000000000001,23,25,5,0,Ligand_9751
451.1235629,5,1.82164,5,1,103.86,30,32,2,0,Ligand_9756
430.21038668,6,3.105700000000001,7,0,93.22,31,33,1,0,Ligand_9758
385.13861870800014,7,1.949,9,1,109.62000000000002,28,30,2,0,Ligand_9761
303.14953841600004,4,2.1622000000000003,6,1,77.16,22,24,4,0,Ligand_9763
290.090271548,5,0.8087999999999997,5,2,93.73,21,22,2,0,Ligand_9766
409.167141964,4,1.3879999999999997,5,0,87.22999999999999,28,30,4,0,Ligand_9767
423.182792028,4,1.6964199999999996,5,0,87.22999999999999,29,31,4,0,Ligand_9768
325.142641468,7,2.332,6,2,76.38,24,26,4,0,Ligand_9775
492.129040116,10,2.933720000000001,8,3,139.63,33,34,1,0,Ligand_9776
443.159354152,6,2.46622,7,2,115.21,33,36,2,0,Ligand_9780
424.174669868,9,1.276800000000001,7,2,111.55,31,33,2,0,Ligand_9783
449.206304344,6,1.2882000000000011,7,1,96.77,33,36,2,0,Ligand_9784
420.179755248,5,2.1366,6,1,93.53,31,34,2,0,Ligand_9785
493.2689046,13,2.7524000000000024,7,2,105.56000000000004,36,38,2,0,Ligand_9786
413.12094072,8,2.7280000000000006,4,1,79.37,29,31,1,0,Ligand_9788
396.159768752,7,2.095,5,1,84.30000000000001,29,31,4,0,Ligand_9794
481.232519092,11,1.5907000000000011,8,2,114.79000000000002,35,37,2,0,Ligand_9798
464.2059699959999,6,2.5353000000000003,7,1,102.76,34,37,2,0,Ligand_9799
424.1746698679999,7,1.6572999999999998,7,2,111.55,31,33,2,0,Ligand_9800
464.2059699959999,7,2.5816,7,2,111.55,34,37,2,0,Ligand_9801
444.186497504,12,0.8820000000000037,7,2,75.30000000000001,29,30,5,0,Ligand_9802
495.248169156,12,1.980800000000001,8,2,114.79000000000002,36,38,2,0,Ligand_9805
382.152871804,6,3.099200000000001,5,1,81.00000000000001,28,30,4,0,Ligand_9806
289.04202170400004,3,0.5447999999999997,4,1,83.91,19,20,4,0,Ligand_9807
500.103351832,4,1.9998999999999991,8,2,120.65999999999998,34,37,4,0,Ligand_9808
393.05654596,5,0.97777,6,5,150.31,26,27,5,0,Ligand_9809
360.216140756,5,0.3936200000000021,4,2,81.75,26,27,4,0,Ligand_9812
285.121237328,5,0.7952999999999999,6,2,101.93,20,20,5,0,Ligand_9813
303.077658264,6,0.5022999999999997,7,2,101.93,20,20,3,0,Ligand_9814
380.10420736,5,1.4434999999999998,6,0,89.29,26,28,4,0,Ligand_9837
568.2816334720001,8,4.062420000000003,5,2,90.98,40,45,3,0,Ligand_9840
389.086783468,7,3.9381900000000014,6,2,76.12,26,28,2,0,Ligand_9841
495.273321284,8,3.279300000000002,5,2,96.97,36,40,3,0,Ligand_9842
552.3311705079999,11,3.2111,6,2,100.21,40,44,3,0,Ligand_9843
550.3155204440001,8,2.9651000000000005,6,2,100.20999999999998,40,45,3,0,Ligand_9844
452.155197376,4,2.19952,7,0,92.58,30,33,5,0,Ligand_9845
512.059104072,6,2.08802,9,1,119.82999999999998,33,36,5,0,Ligand_9846
535.135939152,5,1.27522,9,0,105.05,36,40,5,0,Ligand_9847
458.0929910439999,7,-0.5333799999999975,10,1,136.89999999999998,30,32,5,0,Ligand_9848
547.1559256479999,6,1.14472,10,0,114.28,37,41,5,0,Ligand_9849
499.1923111559999,11,1.0255200000000022,9,1,113.84,33,35,5,0,Ligand_9850
483.1973965359999,9,1.6450200000000006,8,1,104.61,32,34,5,0,Ligand_9851
506.2053012999999,8,4.278800000000004,7,1,95.56,37,40,4,0,Ligand_9852
412.130218212,7,2.609300000000001,5,1,84.30000000000001,29,31,5,0,Ligand_9866
382.144118688,6,1.7048999999999996,5,1,84.30000000000001,28,30,5,0,Ligand_9867
410.159019804,8,1.558699999999999,7,2,111.55,30,32,3,0,Ligand_9869
278.079038168,5,1.1627999999999998,6,0,78.9,20,21,5,0,Ligand_9872
286.062342548,6,0.5273999999999996,4,3,126.56,19,19,4,0,Ligand_9873
299.130362532,5,1.0232,6,2,78.45,20,21,4,0,Ligand_9874
239.072847656,5,0.3842199999999999,4,2,88.84,16,16,1,0,Ligand_9876
294.169190564,4,-0.2288000000000001,7,2,99.12,21,22,2,0,Ligand_9877
341.126322708,3,2.41678,6,1,104.46,25,26,4,0,Ligand_9880
391.0281212279999,4,3.231300000000002,6,1,89.54,26,28,2,0,Ligand_9881
289.081103832,3,-0.6821999999999999,6,4,140.29999999999998,21,22,5,0,Ligand_9883
352.1535405,7,2.906600000000001,6,2,89.13,26,28,3,0,Ligand_9887
366.132805056,5,2.2791,7,2,98.36,27,30,4,0,Ligand_9888
308.127325752,5,2.5079,5,2,79.9,23,25,5,0,Ligand_9889
482.0388472959999,9,0.641,9,3,161.45,31,33,5,0,Ligand_9891
342.157957184,8,2.890200000000001,5,1,83.14,25,26,4,0,Ligand_9892
403.075740116,7,4.649640000000003,6,1,77.25,27,29,2,0,Ligand_9894
338.088969808,5,2.4153,4,2,76.66,23,23,5,0,Ligand_9896
401.119855336,7,2.655220000000001,7,2,102.69,28,29,1,0,Ligand_9897
478.967638156,5,2.894800000000001,5,2,95.58,29,31,1,0,Ligand_9899
245.164045608,1,1.72534,5,3,74.8,18,19,4,0,Ligand_9900
361.1460125960001,8,2.5616400000000006,6,1,73.34,25,26,3,0,Ligand_9901
348.069239496,4,1.9014999999999995,7,1,89.87,24,26,5,0,Ligand_9903
348.069239496,5,1.9031,7,1,89.87,24,26,5,0,Ligand_9904
371.093977024,4,2.3644000000000007,6,0,93.37,26,29,5,0,Ligand_9905
345.07832696,5,2.3337200000000005,6,1,102.16,24,26,5,0,Ligand_9906
408.973188964,5,2.7878000000000007,6,1,102.16,24,26,5,0,Ligand_9907
387.125277152,6,3.056540000000002,6,0,93.37,27,29,5,0,Ligand_9908
387.071133404,7,3.074300000000002,6,0,80.23,26,28,5,0,Ligand_9909
391.06604802400005,7,2.892500000000001,7,1,98.25,26,28,5,0,Ligand_9910
475.110668412,7,3.8059400000000014,4,3,90.9,30,32,2,0,Ligand_9911
372.168521868,6,1.949,5,3,100.65,27,29,2,0,Ligand_9913
400.1205261199999,5,1.5420399999999996,5,2,107.94,28,30,1,0,Ligand_9914
358.119857424,5,1.1665999999999996,6,0,85.38000000000001,24,25,4,0,Ligand_9915
452.2059699959999,9,2.3911999999999995,7,1,102.76000000000002,33,35,2,0,Ligand_9918
513.1778966759999,9,1.616000000000001,8,2,114.79,36,39,2,0,Ligand_9920
442.140782896,7,2.6459,6,1,93.53,31,33,2,0,Ligand_9921
525.214282184,9,3.0157000000000016,7,2,105.56,37,40,2,0,Ligand_9922
424.1746698679999,7,1.6572999999999998,7,2,111.55,31,33,2,0,Ligand_9923
495.248169156,12,1.980800000000001,8,2,114.79000000000002,36,38,2,0,Ligand_9924
454.1488490439999,8,0.4219000000000015,9,2,137.85,33,35,2,0,Ligand_9925
501.20304880399993,8,2.9145000000000003,5,2,96.97,35,39,3,0,Ligand_9926
287.057591516,6,0.1199999999999996,7,1,103.55,19,20,4,0,Ligand_9927
467.060962644,7,3.884800000000002,8,2,110.52,32,35,5,0,Ligand_9931
449.071527328,9,2.6807000000000007,9,2,119.75,30,32,5,0,Ligand_9932
429.975353152,7,3.087300000000001,3,2,75.27,24,25,3,0,Ligand_9939
384.204907376,3,3.710700000000002,5,1,77.4,28,30,2,0,Ligand_9944
352.105921612,4,2.1806,6,1,86.63,26,28,5,0,Ligand_9945
388.062612828,4,2.893400000000001,5,1,77.4,27,29,5,0,Ligand_9946
328.14230712,3,2.4385000000000003,5,1,77.4,24,26,2,0,Ligand_9947
342.157957184,3,2.6845000000000008,5,1,77.4,25,27,2,0,Ligand_9948
408.13213636,6,2.588800000000001,7,1,95.86,30,32,1,0,Ligand_9949
373.1750042160001,7,0.5488999999999999,9,1,92.31,27,29,3,0,Ligand_9950
369.12123732800006,5,3.1422000000000017,7,0,75.99000000000001,27,29,2,0,Ligand_9952
364.145678248,6,3.1026000000000016,4,3,95.5,25,27,2,0,Ligand_9955
508.1957992359999,6,1.4982,9,1,121.22,37,41,2,0,Ligand_9957
378.126280196,5,2.739600000000001,7,2,98.72,27,30,1,0,Ligand_9958
429.178752204,5,2.576900000000001,8,2,111.16,31,33,4,0,Ligand_9959
473.144298344,10,4.566900000000003,7,2,101.29,32,34,3,0,Ligand_9960
468.146740868,5,2.5352900000000007,8,1,89.03,33,37,2,0,Ligand_9961
523.304621412,10,4.434900000000003,6,1,80.34,38,41,3,0,Ligand_9971
477.189985584,7,3.665200000000002,7,1,99.22,35,38,1,0,Ligand_9972
480.183126376,8,3.410400000000002,7,1,92.59,34,37,2,0,Ligand_9973
500.151826248,4,3.798490000000003,7,1,79.8,36,41,2,0,Ligand_9974
457.167141964,9,3.058800000000001,6,1,80.34,32,34,4,0,Ligand_9979
443.1514919,7,2.980200000000001,7,1,89.46000000000001,31,33,4,0,Ligand_9980
409.15724597600007,4,3.979180000000003,4,2,96.34,29,31,2,0,Ligand_9981
351.06776227600005,4,2.921100000000001,5,1,79.37,25,28,1,0,Ligand_9982
354.121571676,6,3.403200000000002,7,1,90.66,26,28,3,0,Ligand_9983
441.1470752160001,8,1.9714999999999991,6,2,103.87,31,33,1,0,Ligand_9985
344.12598835999995,2,2.8752000000000013,6,2,77.38000000000001,25,28,3,0,Ligand_9986
402.07980418,6,2.6774000000000004,6,2,110.28,28,30,3,0,Ligand_9987
169.085126592,3,-0.5174800000000004,4,3,78.01,12,12,4,0,Ligand_9992
474.139547312,5,3.582600000000003,10,0,86.67,32,36,3,0,Ligand_10004
386.149123816,4,3.455820000000002,8,0,79.36,29,33,5,0,Ligand_10005
417.021184712,5,2.4293,5,1,83.91,26,28,1,0,Ligand_10008
316.99625421200005,5,1.4300200000000003,6,2,88.16000000000001,19,20,5,0,Ligand_10012
472.06675500000006,5,2.712000000000001,5,0,83.99000000000001,28,30,2,0,Ligand_10013
375.125277152,7,2.03184,4,3,104.37,26,27,1,0,Ligand_10015
390.0820324359999,7,3.219000000000002,7,3,104.21,26,28,3,0,Ligand_10017
530.062338316,5,3.346820000000002,6,1,93.41000000000004,33,37,2,0,Ligand_10021
452.040540252,5,3.2337000000000016,4,1,75.71000000000001,27,29,3,0,Ligand_10022
355.105587264,6,1.5091000000000003,6,1,93.14,26,28,4,0,Ligand_10027
565.148732092,13,2.205,9,2,144.46,37,39,5,0,Ligand_10028
308.17360724799994,9,1.7113399999999992,4,3,87.66000000000001,22,22,1,0,Ligand_10029
224.102173624,1,-1.6290999999999976,5,2,89.39999999999999,16,17,3,0,Ligand_10031
292.14230712,8,0.5747000000000002,6,3,101.65,21,21,3,0,Ligand_10032
320.04669248399995,4,1.1750999999999998,6,1,97.96999999999998,22,24,1,0,Ligand_10033
300.077992612,6,0.7734000000000003,4,3,126.55999999999996,20,20,4,0,Ligand_10034
221.025897464,1,1.0306999999999995,5,2,74.58,15,16,2,0,Ligand_10035
399.100125024,5,1.7621,6,3,133.96,28,30,1,0,Ligand_10037
251.079372516,6,1.5782,3,3,103.7,18,18,4,0,Ligand_10039
357.2052417240001,9,3.974000000000002,4,2,84.21999999999998,26,27,4,0,Ligand_10040
465.0583758,6,3.9777400000000025,5,1,96.44,30,32,4,0,Ligand_10041
308.06761795600005,4,1.2115199999999993,4,3,96.11,21,22,5,0,Ligand_10043
342.02151906,5,1.711,3,3,95.5,20,20,4,0,Ligand_10044
267.112010036,3,1.0881999999999992,5,2,85.83,20,22,5,0,Ligand_10046
334.189257312,8,2.6108,3,3,95.5,24,24,4,0,Ligand_10047
353.093308328,7,2.5218000000000007,6,1,83.09,24,25,2,0,Ligand_10049
531.284554664,9,3.474920000000002,6,2,105.44,39,42,4,0,Ligand_10050
545.300204728,9,3.865020000000002,6,2,105.44,40,43,4,0,Ligand_10051
524.2747182520001,8,2.033120000000001,7,3,134.54000000000002,38,41,4,0,Ligand_10052
346.189257312,5,2.7627000000000006,4,2,76.66,25,27,5,0,Ligand_10054
451.177706648,6,2.686020000000001,6,0,100.37,31,33,5,0,Ligand_10055
444.1355074879999,6,2.7007200000000013,6,1,98.07999999999998,31,34,1,0,Ligand_10056
431.161183992,10,3.3123000000000014,4,3,96.53,30,31,3,0,Ligand_10058
371.1845062800001,9,1.69722,4,3,100.29,27,28,2,0,Ligand_10059
390.161328312,11,2.6995000000000013,5,2,76.66000000000001,27,28,4,0,Ligand_10060
372.179755248,10,1.4991000000000003,6,2,102.44,27,28,3,0,Ligand_10061
414.179086552,10,2.4378,6,2,95.12000000000002,30,32,2,0,Ligand_10062
427.210721028,11,2.6675000000000004,5,3,105.76,31,32,3,0,Ligand_10065
465.14890505599993,12,3.150300000000001,5,2,87.74000000000001,31,32,4,0,Ligand_10066
503.1823133599999,12,2.817500000000001,6,2,106.2,35,37,4,0,Ligand_10067
465.189985584,5,2.2424,8,0,82.47000000000001,34,38,4,0,Ligand_10069
472.118984832,4,5.130020000000005,6,1,77.37,34,38,3,0,Ligand_10070
495.1794209,5,4.435020000000003,7,2,106.47,37,41,3,0,Ligand_10071
488.169584488,7,3.2293200000000013,8,3,149.26999999999998,36,39,5,0,Ligand_10072
486.153934424,6,2.9987200000000005,8,3,157.11,36,39,5,0,Ligand_10073
357.143704088,6,1.7083999999999997,9,1,100.39,26,28,1,0,Ligand_10074
365.148789468,7,3.010400000000001,8,1,90.75,27,29,4,0,Ligand_10075
408.089225992,3,3.402800000000002,7,1,105.51,29,32,1,0,Ligand_10076
510.22670544,6,4.176640000000004,8,1,83.32,38,42,3,0,Ligand_10077
314.093642676,4,1.2758999999999998,5,1,84.94,21,22,5,0,Ligand_10078
247.132076784,3,1.8254,4,1,77.57000000000001,18,19,5,0,Ligand_10080
293.08341234000005,6,2.335500000000001,6,1,73.34,20,21,4,0,Ligand_10081
402.070799056,7,3.4875000000000016,5,2,84.5,27,29,5,0,Ligand_10082
378.124942804,9,2.2101999999999995,6,2,85.89,26,27,1,0,Ligand_10083
423.1794209,9,1.4937999999999994,6,2,98.66,31,33,4,0,Ligand_10084
525.156971204,7,2.9882000000000017,8,2,127.17,37,41,5,0,Ligand_10089
479.205635648,6,2.7253000000000007,8,0,82.47000000000003,35,39,4,0,Ligand_10092
348.13213635999995,6,0.9413999999999992,7,1,95.86,25,26,4,0,Ligand_10093
395.1845062800001,8,3.5682000000000027,6,1,74.61000000000001,29,31,4,0,Ligand_10095
397.200156344,8,3.648100000000003,6,1,74.61,29,31,4,0,Ligand_10102
384.148535372,6,2.922900000000001,4,1,75.71,28,30,4,0,Ligand_10115
406.04572718,6,3.19932,6,1,103.26,27,29,4,0,Ligand_10121
382.152871804,6,3.233100000000002,5,2,93.73,28,30,3,0,Ligand_10122
456.075595796,4,5.006940000000004,6,1,82.06,31,34,2,0,Ligand_10125
423.1794209,9,2.367799999999999,5,2,96.97,31,33,4,0,Ligand_10126
397.163770836,8,1.9409999999999992,5,2,110.96,29,31,1,0,Ligand_10127
388.145678248,5,3.043020000000002,4,1,75.71000000000001,27,29,4,0,Ligand_10128
402.124942804,4,2.7631200000000007,5,1,84.94000000000001,28,31,1,0,Ligand_10129
437.04087460000005,5,2.5612000000000004,4,1,79.37,26,28,3,0,Ligand_10131
365.148789468,6,2.7669000000000006,5,3,114.62,27,29,2,0,Ligand_10134
362.25425758000006,9,2.0565799999999994,8,2,110.07,26,26,1,0,Ligand_10137
444.07184038,7,2.780400000000001,4,0,74.76,26,27,1,0,Ligand_10138
470.16576206,8,1.5857200000000002,8,1,110.6,31,33,5,0,Ligand_10139
347.18450628,9,1.6463,5,2,93.19,25,26,5,0,Ligand_10141
363.1794209,9,0.8811,6,2,102.42000000000002,26,27,5,0,Ligand_10142
425.195070964,9,2.2916,6,2,102.42000000000002,31,33,5,0,Ligand_10143
464.242355504,8,2.7426000000000004,6,2,96.43,34,37,5,0,Ligand_10144
457.1849002039999,10,1.4732,8,2,120.88,33,35,3,0,Ligand_10145
496.1957992359999,7,1.1702,9,1,115.33,36,40,4,0,Ligand_10146
460.232184744,12,1.396100000000001,7,2,122.73,33,35,2,0,Ligand_10147
223.084457896,5,0.8996999999999999,3,2,75.63,16,16,4,0,Ligand_10160
457.0878460880001,7,3.699340000000002,7,3,129.98000000000002,31,34,5,0,Ligand_10161
430.238019072,7,1.8134999999999997,6,2,81.75,31,33,1,0,Ligand_10162
371.097348152,4,1.3059,5,2,101.73,24,25,5,0,Ligand_10163
410.075028908,4,3.009520000000001,8,2,89.19,26,28,3,0,Ligand_10165
420.168521868,5,3.4916000000000027,5,1,84.94,31,35,3,0,Ligand_10166
343.164439532,5,2.36341,6,4,120.22,25,26,5,0,Ligand_10168
376.199821996,9,2.583500000000001,6,1,78.79000000000002,27,28,4,0,Ligand_10170
408.12561149999993,2,1.91594,4,4,99.32999999999998,29,32,3,0,Ligand_10173
393.168856216,8,2.5452000000000004,5,2,89.43,29,31,4,0,Ligand_10174
377.173941596,7,2.7089000000000008,4,2,80.2,28,30,4,0,Ligand_10176
375.1794209,8,1.5614,6,2,110.26,27,28,5,0,Ligand_10177
433.221285712,12,1.9681,7,2,119.49,31,32,5,0,Ligand_10178
391.15657728,8,2.868990000000001,6,1,76.56,27,29,3,0,Ligand_10186
485.300204728,12,2.9191200000000013,7,2,96.03,35,37,4,0,Ligand_10188
548.198793504,10,0.5253200000000027,11,1,133.63,37,40,5,0,Ligand_10189
321.07832696,5,0.7529200000000003,4,2,103.1,22,23,3,0,Ligand_10191
372.973188964,3,1.24334,4,3,111.89,21,22,1,0,Ligand_10192
402.047476768,7,3.351700000000002,5,2,84.5,25,26,4,0,Ligand_10197
365.0867834680001,5,1.8602,5,1,79.37,24,26,3,0,Ligand_10198
428.122834628,8,4.531200000000004,4,2,75.27000000000001,29,31,3,0,Ligand_10199
408.15460312,9,0.9895000000000004,7,4,141.32999999999996,30,32,5,0,Ligand_10201
404.140592868,5,2.949200000000001,7,0,77.43,28,30,5,0,Ligand_10202
405.21513771200006,7,2.519800000000001,7,1,102.79000000000002,29,30,4,0,Ligand_10204
398.19406792,9,2.635,6,2,127.2,28,29,2,0,Ligand_10206
397.127385328,7,1.5597999999999994,7,2,125.38,29,31,5,0,Ligand_10207
358.07203464,5,4.264500000000003,5,1,73.59,25,27,3,0,Ligand_10210
423.1794209,6,3.329800000000001,7,0,77.27000000000001,31,34,2,0,Ligand_10212
368.100836232,5,3.339800000000001,7,1,92.05,27,30,1,0,Ligand_10213
434.1590198039999,6,3.408920000000002,8,1,100.52,32,35,3,0,Ligand_10214
376.1535405,5,4.356960000000003,6,1,86.09,28,31,4,0,Ligand_10215
317.13755608800005,5,1.1092000000000002,6,2,87.83000000000001,23,25,4,0,Ligand_10216
378.124942804,7,3.874620000000003,7,1,98.5,26,27,2,0,Ligand_10219
362.130028184,6,3.996400000000002,6,1,81.43,25,27,2,0,Ligand_10220
428.184840628,5,4.562740000000003,6,1,82.17999999999999,32,36,5,0,Ligand_10221
322.095356928,5,1.8952,5,1,90.98000000000002,24,26,1,0,Ligand_10228
281.09464572,4,0.5773399999999995,6,1,89.77,19,20,5,0,Ligand_10229
378.088557296,5,1.0558999999999996,7,1,102.01,26,28,1,0,Ligand_10230
460.1333951360001,2,4.250000000000002,5,2,79.25,32,35,1,0,Ligand_10232
321.024183212,4,2.5007,6,1,81.17999999999999,21,23,1,0,Ligand_10234
431.084138524,3,1.0604999999999998,6,3,125.95,31,34,5,0,Ligand_10237
281.098725968,3,0.5888999999999998,3,2,78.51,19,19,2,0,Ligand_10238
196.084792244,3,0.50612,4,1,74.44,14,14,4,0,Ligand_10239
415.120191772,6,1.5176999999999996,8,1,91.56,29,32,2,0,Ligand_10243
431.1052104040001,3,2.9593200000000017,8,1,90.4,31,35,3,0,Ligand_10244
414.09979067600005,4,0.8030000000000006,8,1,110.08,29,32,2,0,Ligand_10245
412.1302182120001,4,2.082099999999999,5,1,78.41,29,32,5,0,Ligand_10246
393.189985584,11,1.0300000000000007,7,2,111.65000000000002,28,29,2,0,Ligand_10247
478.1886056799999,8,2.5472900000000003,8,1,106.1,33,35,1,0,Ligand_10248
345.99867544,7,1.4197,3,2,75.27000000000001,19,19,4,0,Ligand_10249
462.230076568,9,2.552900000000001,5,2,102.58,32,34,5,0,Ligand_10250
504.200884616,6,3.831400000000003,7,3,122.13,37,41,5,0,Ligand_10251
337.142641468,6,1.8261,5,1,73.22,25,27,2,0,Ligand_10252
309.114712468,5,1.2395,6,1,75.43,21,22,4,0,Ligand_10255
433.167141964,8,2.2402,8,1,93.89,30,32,4,0,Ligand_10256
417.172227344,7,2.540020000000001,7,1,84.66,29,31,4,0,Ligand_10257
378.082032436,5,2.753200000000001,7,1,83.36,25,27,2,0,Ligand_10262
303.0789956560001,4,1.7526999999999997,8,1,81.93,21,23,4,0,Ligand_10263
430.2216200599999,8,1.2009000000000003,7,1,104.71,31,33,5,0,Ligand_10264
467.051439284,6,2.4027000000000003,5,1,78.95,28,30,1,0,Ligand_10265
452.235830644,9,3.416240000000002,7,1,75.42,32,35,2,0,Ligand_10266
400.10929274,5,3.0196000000000014,7,0,81.87,28,31,3,0,Ligand_10267
469.167141964,7,2.3965000000000005,8,1,91.56,33,37,2,0,Ligand_10269
480.219511884,9,3.4826000000000024,7,1,76.46000000000001,34,37,5,0,Ligand_10270
428.11544074,5,2.4648000000000003,7,1,122.47,30,33,4,0,Ligand_10271
416.11544074,5,2.2708000000000004,7,1,114.63,29,32,4,0,Ligand_10272
414.136176184,5,2.2821,6,0,96.61,29,32,3,0,Ligand_10273
404.09545424400005,4,2.4013,6,1,105.4,28,31,4,0,Ligand_10274
430.131090804,6,1.9485,7,1,114.63,30,33,4,0,Ligand_10275
406.167476312,4,2.3184,6,1,105.4,28,31,3,0,Ligand_10276
430.131090804,5,2.2951000000000006,7,0,105.84,30,33,4,0,Ligand_10277
405.208612852,8,3.647700000000001,4,3,87.30000000000001,28,29,3,0,Ligand_10280
409.203527472,8,3.154300000000001,6,2,97.39,28,29,4,0,Ligand_10281
343.099062404,4,2.39694,5,2,83.96000000000001,24,26,2,0,Ligand_10282
333.168856216,8,1.0111999999999992,5,2,93.19,24,25,2,0,Ligand_10283
389.18517497600016,4,3.831140000000002,6,2,81.07,29,32,5,0,Ligand_10287
411.14640652,5,0.3205000000000011,6,1,97.41,28,31,4,0,Ligand_10290
488.245726632,7,2.9446000000000003,5,2,102.58,34,37,5,0,Ligand_10291
471.149777648,9,1.0775000000000006,7,1,105.25,31,33,1,0,Ligand_10299
453.22974222,8,2.0512000000000006,5,1,88.18,31,33,3,0,Ligand_10300
453.22974222,8,2.3988000000000005,5,1,88.18,31,33,3,0,Ligand_10301
526.258005568,5,3.9311000000000034,6,1,74.35000000000001,39,44,4,0,Ligand_10302
527.076324068,6,3.908000000000002,6,2,120.94,36,39,1,0,Ligand_10306
330.115046816,1,2.1337,7,1,83.03,23,26,1,0,Ligand_10307
328.145678248,10,1.2062200000000003,4,2,84.5,22,22,3,0,Ligand_10308
529.124604224,9,2.691700000000001,5,1,96.02,32,34,2,0,Ligand_10310
543.1402542879999,9,3.0802000000000014,5,1,96.02,33,35,2,0,Ligand_10311
370.065713676,7,2.0245,6,1,84.94000000000001,24,25,4,0,Ligand_10312
402.1903199319999,8,2.936100000000001,9,1,96.73,29,31,5,0,Ligand_10317
390.124942804,7,2.497200000000001,5,1,84.93999999999998,27,29,3,0,Ligand_10319
298.095356928,4,2.2418,5,1,73.47,22,24,1,0,Ligand_10320
397.989483224,4,3.1667000000000014,4,1,83.55000000000001,25,27,2,0,Ligand_10321
358.098728056,4,2.4767400000000004,4,1,83.55000000000001,25,27,1,0,Ligand_10322
358.098728056,4,2.4767400000000004,4,1,83.55000000000001,25,27,1,0,Ligand_10323
385.152537456,6,3.2813000000000017,5,1,85.30000000000001,28,30,4,0,Ligand_10326
375.169524912,4,3.5227200000000014,6,2,81.07,28,31,5,0,Ligand_10327
421.175004216,6,3.2315000000000014,8,2,99.53,31,34,5,0,Ligand_10328
368.12598836,5,4.062360000000004,6,0,74.97,27,29,1,0,Ligand_10329
275.07937251600003,4,1.0859,5,1,85.60999999999999,20,21,3,0,Ligand_10333
342.124942804,7,0.8815200000000001,5,2,101.57,23,23,1,0,Ligand_10336
356.10420736,7,0.3510999999999998,6,2,118.64,24,24,1,0,Ligand_10337
358.1198574239999,8,0.5817000000000001,6,2,110.8,24,24,1,0,Ligand_10338
332.059755704,6,1.2179000000000002,4,2,92.34,21,21,1,0,Ligand_10339
312.11437812,6,0.8729200000000001,4,2,92.34,21,21,1,0,Ligand_10340
340.10929273999994,7,0.7671000000000003,5,2,109.41,23,23,1,0,Ligand_10341
374.110041688,5,2.805040000000001,3,2,79.03,26,28,3,0,Ligand_10342
354.124942804,8,1.4171999999999996,5,2,97.49,24,25,5,0,Ligand_10343
388.10929274,7,2.066299999999999,5,2,97.49,27,29,5,0,Ligand_10344
294.103813436,5,1.3183199999999995,3,2,79.03,20,21,3,0,Ligand_10345
322.135113564,6,2.01684,3,2,79.03,22,23,5,0,Ligand_10346
396.9957755440001,5,2.7657000000000007,7,1,98.25,25,27,5,0,Ligand_10352
207.056528896,2,-0.2574000000000001,3,1,74.68,13,13,4,0,Ligand_10353
505.134127584,8,1.8613,7,1,105.25,34,37,1,0,Ligand_10354
505.134127584,8,1.8613,7,1,105.25,34,37,1,0,Ligand_10355
453.22974222,8,2.3988000000000005,5,1,88.18,31,33,3,0,Ligand_10356
502.2249911879999,9,2.5467000000000004,7,2,100.21,35,38,5,0,Ligand_10357
477.193356712,11,2.489,7,2,106.2,33,35,5,0,Ligand_10358
393.226371092,8,3.1865000000000023,5,1,80.34,28,29,2,0,Ligand_10367
420.216140756,10,1.756000000000001,5,2,83.44,31,33,2,0,Ligand_10368
438.983753648,5,3.700040000000001,6,2,114.44,26,28,1,0,Ligand_10369
482.1444862840001,5,4.177320000000003,7,2,86.0,33,36,5,0,Ligand_10376
496.08340602,4,4.277820000000003,6,2,76.77000000000001,31,34,2,0,Ligand_10377
473.158685456,5,2.0872,7,1,113.07000000000002,35,39,3,0,Ligand_10378
222.100442308,6,0.9527,3,2,79.28999999999999,16,16,3,0,Ligand_10379
381.055004672,4,2.845620000000001,6,1,88.59999999999998,25,26,5,0,Ligand_10380
406.131090804,7,2.0414,8,0,98.0,28,30,2,0,Ligand_10383
440.1518262479999,7,3.194700000000002,8,0,80.93000000000002,31,34,2,0,Ligand_10385
410.081553768,5,2.782800000000001,7,0,88.77,27,29,2,0,Ligand_10387
376.145678248,8,2.37692,4,2,84.5,26,27,5,0,Ligand_10388
375.15042928,4,4.080300000000004,6,0,72.8,26,28,3,0,Ligand_10392
418.1252750640001,6,2.5603000000000007,5,2,93.09,30,32,3,0,Ligand_10394
408.14336974,7,1.3280999999999992,7,2,119.39,30,32,3,0,Ligand_10395
418.121194816,5,3.684600000000002,8,2,103.6,30,33,5,0,Ligand_10400
391.164439532,5,1.659,6,1,88.82000000000001,29,32,2,0,Ligand_10403
453.25152322,5,4.732800000000005,6,1,76.07,33,36,3,0,Ligand_10404
467.267173284,6,5.122900000000006,6,1,76.07,34,37,3,0,Ligand_10405
337.142641468,6,2.658900000000001,4,1,79.37,25,27,4,0,Ligand_10408
547.192311156,9,2.544420000000001,9,0,105.05,37,40,5,0,Ligand_10421
422.071861676,8,2.0156,8,2,119.51,28,30,5,0,Ligand_10422
410.0274100200001,7,2.3295000000000003,6,2,101.05,26,28,5,0,Ligand_10423
390.0820324360001,6,2.615240000000001,6,2,101.05,26,28,5,0,Ligand_10424
390.0820324360001,7,1.98452,6,2,101.05,26,28,5,0,Ligand_10425
394.0569605600001,7,1.8152,6,2,101.05,26,28,5,0,Ligand_10426
416.0976825,6,2.5535000000000005,6,2,101.05,28,31,5,0,Ligand_10427
325.142641468,4,2.41204,5,1,76.46000000000001,24,26,3,0,Ligand_10428
479.129277148,6,3.933100000000002,6,2,98.66,35,38,3,0,Ligand_10430
378.04410564,5,3.102500000000001,4,3,87.66,25,26,4,0,Ligand_10437
276.15862588,4,1.5981,4,2,83.98,20,21,4,0,Ligand_10442
297.02826345999995,4,1.4568,3,2,83.47,19,19,1,0,Ligand_10443
461.991875808,9,2.165,6,2,93.73,26,27,3,0,Ligand_10447
401.97074644,6,2.4137200000000005,4,2,75.27000000000001,22,23,3,0,Ligand_10448
445.96057568,7,2.2241,6,2,93.73,25,27,3,0,Ligand_10450
431.98131112400006,8,2.5040000000000004,5,2,84.5,24,25,3,0,Ligand_10451
285.07832696,3,-0.5632000000000001,7,1,84.66,19,20,3,0,Ligand_10452
349.109627088,6,2.4683,7,0,77.69,24,26,2,0,Ligand_10454
365.104541708,6,1.7047,8,0,86.92,25,27,2,0,Ligand_10455
436.1416554879999,7,2.1466000000000003,9,0,107.23,30,32,2,0,Ligand_10456
389.137556088,5,2.3702200000000007,6,1,86.24000000000001,29,32,1,0,Ligand_10462
453.097011716,5,2.5279000000000007,7,1,82.33,31,34,2,0,Ligand_10464
445.25767122,10,3.496500000000002,6,2,102.42,32,34,2,0,Ligand_10466
421.221285712,12,1.8085999999999995,7,2,111.65000000000002,30,31,2,0,Ligand_10467
348.161997008,8,2.786690000000001,5,2,79.78,24,25,2,0,Ligand_10468
356.13069688,3,2.1934,4,2,73.8,25,28,4,0,Ligand_10469
419.1957396600001,5,3.8397400000000017,7,2,90.3,31,34,5,0,Ligand_10470
344.083077992,3,2.08664,4,1,83.55000000000001,24,26,1,0,Ligand_10471
380.08644912,4,1.7719000000000005,4,0,74.76,25,27,3,0,Ligand_10472
394.119857424,6,1.1669999999999994,6,0,101.06,27,29,3,0,Ligand_10473
378.124942804,4,2.3112000000000004,5,0,76.15,26,28,4,0,Ligand_10474
470.070320388,5,4.827320000000004,5,1,94.06,32,35,2,0,Ligand_10477
423.14640652,6,2.34804,7,1,110.97,29,31,3,0,Ligand_10480
427.15657728,4,2.309100000000001,5,0,78.0,30,33,3,0,Ligand_10483
298.098728056,5,0.5203,4,1,75.71000000000001,20,21,4,0,Ligand_10484
312.11437812,6,0.9104000000000004,4,1,75.71000000000001,21,22,4,0,Ligand_10486
312.11437812,6,0.9104000000000004,4,1,75.71000000000001,21,22,4,0,Ligand_10489
434.061567272,8,3.200600000000001,6,2,97.12,29,31,2,0,Ligand_10490
462.09286739999993,7,4.448160000000003,6,2,97.12,31,33,2,0,Ligand_10491
380.095454244,6,1.0895999999999997,7,1,97.56,26,28,2,0,Ligand_10492
488.033301836,7,4.541700000000002,6,2,97.12,32,34,2,0,Ligand_10493
439.102433532,5,4.419520000000004,5,1,78.84,30,33,2,0,Ligand_10494
390.136176184,7,2.1128,7,1,97.56,27,29,2,0,Ligand_10495
392.11544074,7,0.9590999999999998,8,1,106.79,27,29,2,0,Ligand_10496
430.111104308,9,2.5558000000000005,7,2,106.35,30,32,2,0,Ligand_10497
440.151826248,8,3.6642600000000014,7,2,106.35,31,33,2,0,Ligand_10498
464.1729556159999,9,2.3760000000000003,9,1,116.02,32,34,2,0,Ligand_10499
472.1416554879999,10,3.064620000000001,9,2,124.81000000000002,33,35,2,0,Ligand_10500
462.1209200439999,11,2.0268999999999995,10,2,137.95,32,34,2,0,Ligand_10501
518.147134792,12,2.7734000000000014,11,2,143.26999999999998,36,38,2,0,Ligand_10502
502.1522201719999,12,3.1549000000000014,10,2,134.04000000000002,35,37,2,0,Ligand_10503
500.1729556159999,10,3.681460000000003,9,2,124.81000000000002,35,37,2,0,Ligand_10504
546.1784349199999,14,2.4936,11,2,143.27,38,40,2,0,Ligand_10505
462.076468388,10,3.1576000000000013,8,2,115.58,31,33,2,0,Ligand_10506
417.055004672,9,3.393200000000002,7,1,94.32,28,30,2,0,Ligand_10507
489.103766432,7,3.233000000000001,7,1,91.57,33,36,2,0,Ligand_10508
458.106018928,9,3.0462000000000016,8,2,123.42,32,34,2,0,Ligand_10509
394.111104308,8,1.5260000000000002,7,2,106.35,27,29,2,0,Ligand_10510
400.100539624,8,2.547200000000001,6,2,97.12,28,30,2,0,Ligand_10511
416.095454244,8,2.8781000000000008,7,2,106.35,29,31,2,0,Ligand_10512
402.082032436,7,3.4087400000000017,7,2,97.12,27,29,2,0,Ligand_10513
382.076947056,8,1.4484,8,2,106.35,25,27,2,0,Ligand_10514
418.076947056,9,3.1906000000000017,8,2,106.35,28,30,2,0,Ligand_10515
376.06415411600005,7,2.4625000000000004,7,2,110.26,26,28,2,0,Ligand_10516
376.06415411600005,7,2.4625000000000004,7,2,110.26,26,28,2,0,Ligand_10517
386.1048760559999,7,2.940240000000001,7,2,110.26,27,29,2,0,Ligand_10518
414.1361761839999,10,3.666000000000002,7,2,110.26,29,31,2,0,Ligand_10519
392.03460357600005,7,2.976800000000001,7,2,110.26,26,28,2,0,Ligand_10520
434.162390932,8,2.5115000000000007,8,1,106.79,30,32,2,0,Ligand_10521
422.1260054239999,8,0.9676999999999998,9,1,116.02,29,31,2,0,Ligand_10522
524.058298492,7,3.8236000000000026,8,0,88.76,34,37,1,0,Ligand_10524
465.226371092,6,1.989,6,1,80.34,34,38,3,0,Ligand_10525
396.1256115000001,6,3.0754400000000013,5,2,101.05,28,30,3,0,Ligand_10527
518.219905808,10,1.7847000000000008,8,2,109.44,36,39,5,0,Ligand_10531
375.219177536,8,1.3604000000000007,4,1,78.95,25,26,4,0,Ligand_10534
486.170368772,7,1.7296000000000002,5,1,99.26,32,34,3,0,Ligand_10535
466.25800556799993,9,2.5277000000000003,6,1,74.35,34,37,4,0,Ligand_10544
512.212712252,12,1.7745000000000013,7,1,99.26,34,36,1,0,Ligand_10545
510.197062188,8,1.5269000000000017,7,1,99.26,34,37,1,0,Ligand_10546
412.203193124,10,2.2044,5,1,84.94000000000001,28,29,3,0,Ligand_10547
370.156242932,7,1.3817000000000002,5,1,84.94000000000001,25,26,3,0,Ligand_10549
384.171892996,8,1.4242,5,1,84.94000000000001,26,27,3,0,Ligand_10550
347.1514919,3,-0.0412999999999978,5,0,87.22999999999999,23,24,4,0,Ligand_10551
453.22974222,7,2.2547000000000006,5,1,88.18,31,33,3,0,Ligand_10553
356.184840628,7,0.7487999999999999,6,1,76.46000000000001,26,28,1,0,Ligand_10559
386.083804176,5,1.5087999999999997,8,1,112.41,27,28,3,0,Ligand_10560
394.104397388,7,2.2320199999999994,8,1,112.41,27,28,5,0,Ligand_10561
338.01434679999994,3,0.6297199999999998,7,1,109.32999999999998,22,24,2,0,Ligand_10563
332.083077992,5,2.670420000000001,5,1,81.42,23,25,4,0,Ligand_10565
447.125277152,7,4.686600000000003,5,2,97.39,32,35,3,0,Ligand_10566
373.07795010000007,7,2.4168200000000004,9,1,98.48,25,27,2,0,Ligand_10567
512.026594916,4,3.031400000000001,5,3,113.06,34,37,3,0,Ligand_10568
449.07471671200005,3,1.1996,6,3,125.95,32,35,5,0,Ligand_10569
299.126991404,6,2.6858000000000004,5,1,81.17999999999999,22,23,3,0,Ligand_10570
404.14845512,5,3.4003200000000016,7,1,91.29,30,33,3,0,Ligand_10573
333.08956034,3,0.73262,6,2,104.29,23,26,4,0,Ligand_10574
250.095356928,2,0.1069999999999997,4,1,75.71000000000001,18,20,2,0,Ligand_10575
264.111006992,2,0.4954999999999998,4,1,75.71000000000001,19,21,3,0,Ligand_10576
362.103334768,7,3.4722000000000017,4,2,76.66,25,26,2,0,Ligand_10578
365.173941596,7,2.5246200000000005,5,1,73.22,27,29,2,0,Ligand_10579
385.11931918,7,2.869600000000001,5,1,73.22,27,29,2,0,Ligand_10581
483.1794209,9,3.759500000000002,4,4,120.52,36,39,2,0,Ligand_10585
247.084457896,1,1.7793,3,1,74.68,18,19,2,0,Ligand_10586
372.089225992,5,2.7395400000000008,6,2,114.19,26,28,2,0,Ligand_10587
301.11748934,4,0.9441699999999992,5,4,119.96,22,23,2,0,Ligand_10588
422.126005424,5,0.4196200000000004,6,3,141.42999999999998,29,31,5,0,Ligand_10589
446.126005424,6,2.2794,8,1,123.86,31,34,4,0,Ligand_10590
428.11544074,5,2.4648000000000003,7,1,122.47,30,33,4,0,Ligand_10591
352.12052612,4,1.1480999999999997,6,1,105.4,24,26,4,0,Ligand_10592
341.10117058000003,5,1.6232,8,0,92.54,25,27,2,0,Ligand_10593
313.07324158,4,-1.6260999999999992,5,2,112.65,21,23,4,0,Ligand_10594
345.12978534000007,6,-0.3490000000000003,11,2,153.49,25,27,1,0,Ligand_10595
378.169190564,5,1.817,6,1,76.46000000000001,28,31,1,0,Ligand_10596
321.08956034000005,3,1.7989099999999996,5,4,128.06,22,23,4,0,Ligand_10598
429.0583757999999,7,2.5337000000000005,5,3,102.68,27,28,4,0,Ligand_10600
315.133139404,4,1.2525899999999994,5,4,119.96,23,24,2,0,Ligand_10601
316.103236244,5,0.1517999999999998,10,2,150.25,23,25,1,0,Ligand_10602
492.237270124,10,2.3272000000000004,7,2,111.42999999999998,36,39,5,0,Ligand_10603
446.1511575519999,8,2.805400000000001,6,1,102.01000000000002,31,33,3,0,Ligand_10604
366.161328312,7,2.0642,4,1,83.55000000000001,25,26,3,0,Ligand_10605
416.140592868,6,2.7151200000000006,5,1,92.78,29,31,4,0,Ligand_10606
414.161328312,7,3.350600000000002,4,1,83.55000000000001,29,31,3,0,Ligand_10607
451.177706648,6,1.4501999999999995,6,0,104.3,31,33,1,0,Ligand_10608
465.193356712,7,1.8865999999999987,6,1,113.09,32,34,1,0,Ligand_10609
430.156242932,7,2.8211000000000013,5,0,83.99000000000001,30,32,1,0,Ligand_10610
460.1668076159999,8,2.8297000000000008,6,0,93.22,32,34,1,0,Ligand_10611
408.1289826280001,3,2.3505000000000003,6,0,83.47000000000001,27,30,4,0,Ligand_10612
460.08751174,5,2.1371,8,1,110.72,31,35,4,0,Ligand_10613
499.17118178800007,4,3.1377200000000016,7,0,86.71,34,38,4,0,Ligand_10614
453.18683185200007,10,2.3302000000000005,7,1,95.5,30,32,4,0,Ligand_10615
422.170253184,7,1.720099999999999,8,3,133.39,31,34,2,0,Ligand_10617
384.13684488000007,7,2.0528999999999997,7,3,114.93,27,29,2,0,Ligand_10618
438.22670543999993,8,1.7491000000000003,6,1,74.35000000000001,32,35,4,0,Ligand_10620
415.214092156,3,1.040600000000001,5,0,79.39000000000001,28,31,5,0,Ligand_10622
441.173370216,5,1.2375999999999998,5,1,88.18,30,33,3,0,Ligand_10623
536.24909776,9,3.316700000000002,6,1,90.02999999999999,36,39,1,0,Ligand_10624
467.245392284,8,2.644800000000001,5,1,88.18,32,34,3,0,Ligand_10626
457.155908584,10,3.692720000000003,6,1,94.84,32,34,1,0,Ligand_10627
315.158291532,7,1.37142,5,1,73.22,23,24,2,0,Ligand_10630
375.15042928,6,3.765520000000002,4,1,76.38,26,28,2,0,Ligand_10633
457.155908584,10,3.692720000000003,6,1,94.84,32,34,1,0,Ligand_10636
347.13688739199995,6,2.0627,7,1,83.09,25,26,1,0,Ligand_10656
474.103161804,8,2.4889,7,2,131.16,32,34,4,0,Ligand_10657
432.190988628,7,1.3621999999999996,8,2,102.95,32,35,1,0,Ligand_10658
351.071133404,5,1.8292,4,3,93.45,23,24,4,0,Ligand_10659
487.098410772,8,3.7079400000000016,8,3,139.20999999999998,33,36,5,0,Ligand_10660
393.081698088,6,1.5360999999999998,5,3,110.51999999999998,26,27,4,0,Ligand_10661
351.071133404,5,1.8292,4,3,93.45,23,24,4,0,Ligand_10662
363.109817116,5,0.5600999999999992,8,2,94.07999999999998,25,27,2,0,Ligand_10663
481.232519092,9,0.8968000000000012,8,2,108.9,35,38,5,0,Ligand_10671
524.116583612,8,2.4377000000000004,9,2,120.66,37,41,5,0,Ligand_10672
428.11544074,7,2.8553200000000007,7,2,119.51,30,32,3,0,Ligand_10674
534.2875914439999,8,1.853000000000001,6,1,91.42,37,41,4,0,Ligand_10676
476.1188118679999,6,1.98842,8,1,110.6,32,35,5,0,Ligand_10677
440.15519737599993,6,2.05542,7,0,92.58,29,31,5,0,Ligand_10678
551.150840268,8,1.3670199999999997,11,1,132.29999999999998,37,40,5,0,Ligand_10679
509.071527328,8,3.7219000000000015,9,2,127.59,35,38,1,0,Ligand_10681
403.153206152,5,3.615300000000002,5,2,79.9,30,33,3,0,Ligand_10685
327.121906024,3,2.619800000000001,5,3,90.9,24,26,2,0,Ligand_10686
312.122240372,3,2.3092000000000006,5,2,83.56,23,25,2,0,Ligand_10687
409.109627088,4,3.160620000000001,5,3,98.74,29,32,4,0,Ligand_10689
400.1668076159999,4,0.5538200000000015,6,1,94.17000000000002,27,28,2,0,Ligand_10690
435.1906542800001,8,1.7837199999999993,8,3,114.17,32,35,5,0,Ligand_10691
358.006537692,2,2.24632,5,1,76.88,22,24,2,0,Ligand_10693
438.099790676,5,2.9921200000000017,8,2,128.6,31,33,4,0,Ligand_10695
353.137556088,5,1.8303999999999987,6,1,82.33000000000001,26,28,1,0,Ligand_10700
249.041737556,3,1.2643,5,2,83.03,17,18,4,0,Ligand_10701
332.978274344,4,1.7710199999999998,6,1,81.17999999999999,18,18,3,0,Ligand_10703
337.0896405919999,4,2.1784,5,1,81.06,23,25,4,0,Ligand_10704
358.1164862959999,5,1.4732,6,3,117.72,26,28,3,0,Ligand_10705
425.0408746,6,2.8969900000000006,5,2,76.12,25,27,3,0,Ligand_10706
540.204255744,12,3.2199000000000018,9,2,120.78,38,41,5,0,Ligand_10707
353.086783468,7,2.1726399999999995,6,1,81.17999999999999,23,24,5,0,Ligand_10710
438.1903199319999,9,2.0489999999999995,7,2,111.55,32,34,2,0,Ligand_10715
280.14230712,7,0.6671399999999996,4,4,98.66,20,20,1,0,Ligand_10716
549.135190204,8,0.5751200000000007,11,1,140.14,37,40,5,0,Ligand_10723
525.2443467279999,12,2.8153200000000007,8,1,104.61,35,37,5,0,Ligand_10724
428.048402504,3,1.800400000000001,4,2,90.87,27,29,1,0,Ligand_10725
309.06709358000006,5,1.5534999999999997,4,1,83.91000000000001,21,22,1,0,Ligand_10726
545.1654277119999,11,3.8172000000000015,9,2,119.75,37,40,5,0,Ligand_10728
277.063345592,2,1.1964999999999997,8,1,81.93,19,21,4,0,Ligand_10729
362.08488956,5,2.2916,7,1,89.87,25,27,5,0,Ligand_10730
361.07324158000006,6,2.0339,7,1,111.39,25,27,5,0,Ligand_10731
518.1801491719999,9,2.7886000000000006,9,2,130.01,38,41,2,0,Ligand_10732
468.1644991079999,9,0.8120000000000012,9,2,137.85,34,36,2,0,Ligand_10733
495.092262772,9,4.334000000000002,8,2,110.52,34,37,5,0,Ligand_10735
271.143310164,4,2.18117,3,4,93.66,20,21,2,0,Ligand_10736
482.289305696,12,3.6376000000000017,6,1,84.0,35,37,1,0,Ligand_10738
556.199170364,14,2.4752,10,2,130.01,39,42,1,0,Ligand_10739
452.028282612,7,1.87562,7,3,134.32999999999998,29,31,5,0,Ligand_10740
515.289640044,6,4.6780200000000045,6,1,89.23000000000002,38,42,2,0,Ligand_10742
401.188546104,7,2.7629900000000003,5,4,98.91,28,30,3,0,Ligand_10743
358.15758032400004,4,2.876440000000001,4,3,83.46000000000001,25,26,1,0,Ligand_10745
486.1878753200001,6,2.875400000000001,5,1,74.64999999999999,35,38,5,0,Ligand_10748
460.971474712,5,1.3665,6,1,99.93,26,28,3,0,Ligand_10751
181.073893212,3,0.3466,3,3,83.55,13,13,1,0,Ligand_10752
376.1535405,5,4.356960000000003,6,1,86.09,28,31,4,0,Ligand_10754
452.194736616,7,2.716000000000001,6,3,116.17000000000002,33,36,5,0,Ligand_10755
483.182792028,7,2.786600000000001,8,1,91.56,34,38,2,0,Ligand_10756
460.130422108,6,3.031620000000001,7,1,107.31,32,35,5,0,Ligand_10758
485.06986622,5,3.6910000000000016,8,3,110.53,31,34,5,0,Ligand_10759
410.172938552,7,5.0885600000000055,6,0,74.97,30,32,1,0,Ligand_10760
476.151826248,6,3.644320000000001,7,3,117.09,34,38,1,0,Ligand_10763
395.093977024,5,2.4317200000000003,7,1,86.24000000000001,28,31,1,0,Ligand_10764
425.198442092,7,1.7626999999999995,5,1,88.17999999999999,29,31,3,0,Ligand_10766
446.0815537680001,7,3.7269000000000014,6,2,110.28,30,32,3,0,Ligand_10769
329.173941596,8,1.8416,5,1,73.22,24,25,2,0,Ligand_10770
397.113707336,6,2.651300000000001,5,1,76.07000000000001,28,29,2,0,Ligand_10772
230.126657056,6,-0.446599999999999,4,2,81.08,16,16,2,0,Ligand_10778
312.122240372,4,1.12976,7,1,113.65,23,25,2,0,Ligand_10787
296.127325752,3,1.42958,6,1,104.42,22,24,2,0,Ligand_10788
260.079706864,2,2.02712,6,1,73.58,19,21,5,0,Ligand_10789
306.103813436,4,2.043,4,2,75.27000000000001,21,22,3,0,Ligand_10790
395.126991404,4,4.524700000000003,3,2,86.29,30,34,1,0,Ligand_10792
441.1324707079999,5,4.238900000000003,5,3,115.75,33,37,1,0,Ligand_10793
315.12190602400005,6,1.2953999999999994,6,1,86.36,23,25,5,0,Ligand_10795
343.15320615200005,7,2.073999999999999,6,1,86.36,25,27,5,0,Ligand_10796
379.164439532,3,2.581880000000001,7,1,96.78,28,30,4,0,Ligand_10801
320.176978376,9,0.981,4,1,75.71000000000001,21,21,1,0,Ligand_10807
359.187877408,8,0.5669000000000013,4,1,86.78999999999999,24,25,1,0,Ligand_10808
311.13036253200005,5,0.7594999999999996,4,1,79.37,21,22,3,0,Ligand_10811
347.187877408,7,-0.1133999999999972,5,1,78.95,23,24,1,0,Ligand_10819
390.082032436,7,2.894620000000001,8,1,86.23,26,28,1,0,Ligand_10822
386.23179082,8,1.5501199999999995,5,1,74.24000000000001,28,30,3,0,Ligand_10824
349.163770836,8,0.7567999999999999,6,1,89.46000000000001,25,26,4,0,Ligand_10825
500.1729556159999,10,1.9183999999999997,9,1,111.87,35,38,5,0,Ligand_10837
502.1522201719999,11,0.8126000000000007,10,2,129.89,35,38,5,0,Ligand_10838
474.157305552,10,1.2095000000000005,9,2,124.57,33,36,2,0,Ligand_10839
486.19369106,8,2.4188,8,1,106.55,34,37,2,0,Ligand_10840
471.1464065199999,7,2.2751,9,1,108.63,33,36,5,0,Ligand_10841
499.1855689,8,2.21742,9,1,120.61,37,41,1,0,Ligand_10843
480.237270124,11,2.351639999999999,7,2,111.42999999999998,35,37,1,0,Ligand_10844
526.2427494279999,14,1.0821000000000016,9,2,129.89,38,40,3,0,Ligand_10845
364.039688956,5,2.4174,7,1,89.87,24,26,5,0,Ligand_10846
350.024038892,4,2.0272999999999994,7,1,89.87,23,25,5,0,Ligand_10847
458.1623909320001,8,3.186160000000001,6,2,113.62,32,34,5,0,Ligand_10849
344.09431137199994,2,1.3427999999999998,7,1,100.1,24,27,1,0,Ligand_10851
451.049250596,6,2.858200000000001,7,1,115.84,30,32,3,0,Ligand_10857
367.15320615200005,7,1.2199999999999998,4,2,101.73000000000002,27,29,4,0,Ligand_10858
382.1528718039999,6,2.0888,5,1,77.1,28,31,4,0,Ligand_10859
374.104876056,6,2.1467399999999994,6,2,114.19,26,28,5,0,Ligand_10860
452.118811868,3,1.4575000000000002,8,0,101.93,30,34,4,0,Ligand_10861
437.15553172400007,6,1.6925,7,1,95.5,29,32,4,0,Ligand_10862
481.145360964,5,1.8290999999999995,8,1,121.8,32,35,4,0,Ligand_10863
321.11471246800005,4,1.51988,4,0,81.48,22,23,3,0,Ligand_10865
459.14640652,7,1.5619999999999998,6,1,105.25,32,35,4,0,Ligand_10866
374.130028184,8,3.261800000000002,5,2,80.42,26,28,5,0,Ligand_10867
496.211055376,7,4.951400000000004,7,0,78.59,37,41,2,0,Ligand_10868
392.1233029920001,5,2.0938,9,2,138.16,29,32,5,0,Ligand_10869
365.13755608800005,6,3.315920000000001,6,2,93.45,27,29,2,0,Ligand_10870
474.19369106,12,2.562900000000001,8,1,106.55,33,35,2,0,Ligand_10874
272.987797704,4,0.0541999999999996,6,2,109.25,17,18,5,0,Ligand_10880
447.1252771520001,6,4.881620000000004,7,0,85.53,32,36,4,0,Ligand_10882
410.16780857200007,4,2.307199999999999,8,1,75.64,29,32,4,0,Ligand_10883
423.2158064080001,8,3.2000400000000013,4,2,87.74000000000001,31,33,1,0,Ligand_10888
373.1460125960001,5,2.10712,4,1,79.37,26,28,3,0,Ligand_10889
400.145678248,5,3.237020000000002,4,1,83.55000000000001,28,30,1,0,Ligand_10890
359.13036253200005,5,1.7986999999999995,4,1,79.37,25,27,3,0,Ligand_10891
360.077992612,8,1.020199999999999,6,2,101.57000000000002,25,26,1,0,Ligand_10893
497.173289964,9,2.4577,9,1,110.03,35,38,2,0,Ligand_10895
386.130028184,6,2.4728000000000003,4,1,75.71000000000001,27,30,3,0,Ligand_10896
408.1289826280001,3,2.3505000000000003,6,0,83.47000000000001,27,30,4,0,Ligand_10897
268.10592161200003,7,-0.2440999999999998,5,5,118.89,19,19,4,0,Ligand_10898
514.185234552,5,2.4378,8,1,106.1,38,43,3,0,Ligand_10902
355.21205842,5,1.5115399999999997,7,3,123.05,26,28,5,0,Ligand_10904
317.07217896,5,3.503000000000001,4,2,75.63,22,23,5,0,Ligand_10907
364.125691752,7,2.8325000000000014,3,2,75.27000000000001,25,26,3,0,Ligand_10908
482.19877644,8,3.6278000000000015,6,1,101.49,34,37,2,0,Ligand_10915
410.031888684,7,3.070100000000001,7,2,97.12,27,29,2,0,Ligand_10936
373.163770836,5,2.5186200000000003,7,0,77.27000000000001,27,30,1,0,Ligand_10938
409.163770836,8,2.1636999999999995,6,2,98.66,30,32,4,0,Ligand_10950
353.0946457200001,4,2.12944,7,0,80.46,25,28,1,0,Ligand_10952
316.063011244,4,1.27392,7,1,96.28000000000002,22,24,5,0,Ligand_10953
306.121571676,6,0.9291999999999994,7,0,79.53,22,23,3,0,Ligand_10954
359.10521040400005,4,0.7014999999999996,8,1,90.92,25,27,1,0,Ligand_10955
424.031826704,7,2.5341000000000005,5,1,83.55000000000001,27,29,5,0,Ligand_10956
317.04702683200003,3,0.8648000000000005,5,1,96.44,22,24,1,0,Ligand_10957
494.2100098200001,5,3.3894600000000024,6,1,100.02,35,38,5,0,Ligand_10961
297.16885621600005,3,0.3922000000000007,4,2,87.74000000000001,21,22,2,0,Ligand_10962
330.157957184,3,1.5014999999999987,4,1,75.71000000000001,24,26,1,0,Ligand_10965
413.1562408439999,6,3.4452000000000025,6,1,74.61,29,31,5,0,Ligand_10967
526.19402332,5,4.602120000000002,8,2,95.11,38,42,5,0,Ligand_10968
532.1214526360001,5,5.277000000000004,6,2,97.97,36,40,2,0,Ligand_10969
461.102097096,7,4.689700000000004,6,1,73.34,32,35,5,0,Ligand_10972
381.132470708,6,1.7910999999999997,6,2,110.26,28,30,5,0,Ligand_10978
402.1903199319999,8,2.936100000000001,9,1,96.73,29,31,5,0,Ligand_10979
407.14159591200007,5,3.936200000000002,7,2,81.07,29,32,5,0,Ligand_10980
544.1991703639999,14,1.9828999999999988,10,2,129.89,38,41,5,0,Ligand_10981
485.198442092,9,3.034200000000001,8,1,91.56,34,37,2,0,Ligand_10982
540.2372701239999,9,3.191200000000001,7,2,111.43,40,44,1,0,Ligand_10983
400.185903248,4,0.0046000000000006,9,0,98.51000000000002,29,32,4,0,Ligand_10989
335.19573966,5,0.0660000000000013,8,0,74.28999999999999,24,26,4,0,Ligand_10990
385.175004216,6,0.2386999999999999,9,0,91.36,28,30,3,0,Ligand_10994
434.264153568,8,1.2881000000000011,9,0,94.6,31,33,4,0,Ligand_10996
444.1921315,5,0.0680000000000011,10,0,94.6,32,35,3,0,Ligand_10997
458.191382552,6,-0.4521999999999979,11,0,124.81,33,36,4,0,Ligand_10998
420.248503504,7,0.8980000000000015,9,0,94.6,30,32,4,0,Ligand_11000
442.23285344,7,0.4109000000000016,10,0,86.76000000000002,32,35,2,0,Ligand_11001
502.269238948,8,1.9872999999999992,9,0,77.53,37,41,2,0,Ligand_11002
383.19573966,5,0.6384000000000003,8,0,74.28999999999999,28,31,2,0,Ligand_11003
363.227039788,6,0.7021000000000011,8,0,74.28999999999999,26,28,2,0,Ligand_11004
456.248503504,8,0.8010000000000013,10,0,86.76000000000002,33,36,2,0,Ligand_11005
384.14336974,7,1.6232,9,0,97.35,28,30,3,0,Ligand_11006
442.064052568,6,2.3283000000000005,5,1,84.30000000000001,28,30,5,0,Ligand_11009
350.10264779999994,5,0.9375199999999996,8,1,112.41,25,26,5,0,Ligand_11010
472.178040996,8,2.3153000000000006,8,1,106.55,33,36,2,0,Ligand_11011
422.071861676,7,1.9677,8,1,110.72,28,30,5,0,Ligand_11015
392.061296992,6,1.9591,7,1,101.49,26,28,5,0,Ligand_11016
390.082032436,8,2.0662,6,2,101.05,26,28,5,0,Ligand_11017
368.0976825,6,1.7623,6,1,92.26,24,26,5,0,Ligand_11018
404.0976825,8,2.627200000000001,6,2,101.05,27,29,2,0,Ligand_11019
438.112853896,9,2.959200000000001,7,2,106.35,29,31,2,0,Ligand_11020
345.168856216,7,1.8023,6,1,76.83,25,27,4,0,Ligand_11022
484.214426504,8,1.9985000000000008,5,1,90.03,34,37,3,0,Ligand_11025
461.162056584,7,2.088,6,1,105.25,32,34,3,0,Ligand_11029
416.140592868,5,2.1442000000000005,5,1,84.94000000000001,29,32,4,0,Ligand_11030
430.156242932,7,2.580400000000001,5,1,92.78,30,32,1,0,Ligand_11031
394.229013948,8,3.612860000000002,3,2,75.27000000000001,27,28,3,0,Ligand_11033
380.176978376,7,2.0665,4,2,84.5,26,28,3,0,Ligand_11034
398.18754306,9,1.8486,5,1,84.94000000000001,27,28,3,0,Ligand_11035
366.19771382,8,2.996020000000001,3,2,75.27000000000001,25,26,3,0,Ligand_11036
410.223928568,10,3.011020000000001,4,2,84.5,28,29,3,0,Ligand_11037
367.064506736,5,3.5793000000000026,4,1,76.38,24,26,2,0,Ligand_11038
410.106705896,8,3.122600000000001,5,1,79.62,27,29,4,0,Ligand_11039
368.176978376,9,1.924,4,2,84.5,25,26,4,0,Ligand_11040
364.182063756,6,2.8301000000000007,3,2,75.27000000000001,25,27,3,0,Ligand_11041
367.15657728,6,1.4757,4,3,104.37,25,26,3,0,Ligand_11042
449.2348276,6,3.2342000000000013,4,2,95.58,31,33,3,0,Ligand_11043
522.3239769520001,14,3.8500000000000014,5,3,107.61,36,37,3,0,Ligand_11044
435.219177536,6,3.1323000000000008,4,2,95.58,30,32,3,0,Ligand_11045
400.158741468,8,3.5870000000000024,3,2,75.27000000000001,26,27,4,0,Ligand_11046
450.230076568,4,1.241040000000002,5,0,73.4,31,34,5,0,Ligand_11049
469.22465684,10,1.4317000000000013,6,1,97.41,32,34,3,0,Ligand_11050
450.198856692,10,3.9181000000000026,5,1,79.62,31,33,4,0,Ligand_11051
383.120272024,10,2.690100000000002,5,1,85.61,26,27,3,0,Ligand_11052
468.04706008,9,3.427200000000002,7,2,106.35,31,33,2,0,Ligand_11053
402.099790676,9,2.0097,8,2,119.49,28,30,2,0,Ligand_11054
512.230470492,9,1.0934000000000026,7,1,117.72,35,37,3,0,Ligand_11056
450.22670544,9,3.447700000000002,7,2,84.95,33,36,4,0,Ligand_11063
343.1644395320001,6,0.9857999999999992,7,3,115.29,25,27,1,0,Ligand_11069
343.164439532,6,0.9857999999999998,7,3,115.29,25,27,1,0,Ligand_11070
276.045629864,4,3.103200000000001,3,2,74.6,19,20,1,0,Ligand_11072
347.097348152,4,0.1077200000000009,4,0,78.0,22,23,2,0,Ligand_11073
293.126322708,7,2.3027,4,2,92.7,21,21,1,0,Ligand_11080
266.083746688,3,1.0335199999999998,6,1,90.87,18,19,4,0,Ligand_11081
403.053153536,5,2.7822400000000007,4,2,86.28999999999999,25,27,1,0,Ligand_11082
451.1478459999999,8,0.5339999999999996,10,1,143.53000000000003,32,33,4,0,Ligand_11083
380.0232503760001,6,0.1729999999999998,6,4,132.09999999999997,23,24,5,0,Ligand_11084
458.1147720439999,8,3.034720000000002,8,1,119.08,32,34,4,0,Ligand_11085
431.187877408,9,3.4514000000000022,4,1,86.79,30,31,4,0,Ligand_11087
411.2158064080001,8,2.505840000000001,5,2,83.81,30,32,3,0,Ligand_11088
452.194736616,8,2.614300000000001,7,1,88.54,33,36,1,0,Ligand_11089
387.21580640799993,7,1.098100000000001,7,2,79.9,28,30,1,0,Ligand_11091
366.115046816,5,2.8539200000000013,6,2,90.00999999999999,26,28,1,0,Ligand_11094
404.09839162,4,3.1197000000000017,5,1,77.4,29,31,5,0,Ligand_11096
371.19573966,6,1.5584999999999996,8,1,83.08000000000001,27,29,2,0,Ligand_11097
426.190319932,10,0.6303000000000013,5,4,139.62,31,32,1,0,Ligand_11098
349.109627088,6,2.4683,7,0,77.69000000000001,24,26,2,0,Ligand_11103
446.081553768,8,3.700820000000002,7,2,106.35,30,32,2,0,Ligand_11104
499.195464888,9,2.0153,10,1,119.25,36,39,2,0,Ligand_11105
488.205969996,10,2.47762,7,2,115.34,36,39,1,0,Ligand_11107
462.153934424,8,1.7199000000000002,8,2,124.57,34,37,1,0,Ligand_11108
492.1644991079999,9,1.7285,9,2,133.79999999999998,36,39,1,0,Ligand_11109
492.164499108,9,1.7285,9,2,133.8,36,39,1,0,Ligand_11110
322.08326802000005,5,2.05532,6,1,86.11,22,23,4,0,Ligand_11111
318.13280505600005,7,1.4921999999999995,7,1,95.34,23,24,4,0,Ligand_11112
334.127719676,7,1.1106999999999998,8,1,104.57,24,25,4,0,Ligand_11113
365.140927216,3,1.0941999999999998,6,1,90.17000000000002,25,27,1,0,Ligand_11114
365.140927216,2,0.9038,6,0,81.38,25,27,1,0,Ligand_11115
353.140927216,6,1.0478999999999998,6,0,81.38,24,25,1,0,Ligand_11116
504.200884616,11,1.887199999999999,8,2,124.57,37,40,1,0,Ligand_11117
330.161328312,8,1.0937999999999994,5,2,84.5,22,22,3,0,Ligand_11119
514.22162006,7,2.912100000000001,7,1,96.87,38,42,3,0,Ligand_11120
544.2321847439999,8,2.920700000000001,8,1,106.1,40,44,3,0,Ligand_11121
327.03474789600006,3,1.3190999999999995,6,1,100.46,21,23,2,0,Ligand_11122
489.226371092,11,4.045220000000003,6,1,89.99,36,39,4,0,Ligand_11126
394.104397388,7,2.2320199999999994,8,1,112.41,27,28,5,0,Ligand_11127
456.183126376,8,3.5780600000000025,6,1,93.53,32,34,5,0,Ligand_11131
476.12850396,8,3.210640000000001,6,1,93.53,32,34,5,0,Ligand_11132
477.1125195479999,9,3.855240000000003,6,1,101.74,32,34,5,0,Ligand_11133
455.187877408,8,4.234960000000004,5,1,92.51,32,34,5,0,Ligand_11134
455.187877408,8,3.770900000000003,5,1,92.51,32,34,5,0,Ligand_11135
407.16925014,8,-0.4460999999999975,7,3,134.26999999999998,29,30,2,0,Ligand_11136
356.13722174,8,1.7249,4,3,104.73,26,27,1,0,Ligand_11137
390.098249388,8,1.9380000000000008,5,2,93.73,27,28,4,0,Ligand_11138
275.08408103600004,3,1.2601000000000002,7,1,78.21000000000001,19,21,2,0,Ligand_11140
394.0569605600001,6,2.445920000000001,6,2,101.05,26,28,5,0,Ligand_11141
414.169190564,7,4.320600000000002,6,2,85.37,31,34,4,0,Ligand_11142
400.199821996,7,2.4992,6,0,77.84,29,31,3,0,Ligand_11144
362.1412615640001,5,2.0115,4,2,95.16,25,27,4,0,Ligand_11147
440.155197376,10,2.3188000000000004,7,2,110.28,29,31,4,0,Ligand_11148
335.17461029200007,4,3.0861600000000005,5,2,85.83,25,27,1,0,Ligand_11149
366.088557296,3,0.3459999999999998,7,0,94.91,25,27,5,0,Ligand_11150
452.15365608799993,9,3.899800000000004,5,1,79.62,30,32,4,0,Ligand_11159
399.21580640799993,6,1.3484000000000005,6,1,78.95,29,31,1,0,Ligand_11160
440.1318397520001,6,2.929690000000001,5,2,87.19999999999999,31,34,5,0,Ligand_11161
398.147786424,7,3.622700000000002,6,2,98.88,29,31,5,0,Ligand_11162
348.09111725591,7,1.1632199999999993,5,1,95.53,24,25,2,0,Ligand_11163
385.109627088,6,3.105090000000001,6,2,85.35,27,29,2,0,Ligand_11167
330.058674812,5,2.791900000000001,6,1,80.9,23,25,4,0,Ligand_11170
391.12019177200006,7,1.7247,5,1,96.02,27,28,3,0,Ligand_11171
482.1835203,7,1.1252000000000013,8,1,131.16000000000005,33,35,5,0,Ligand_11184
518.062338316,5,3.346820000000002,6,1,93.41,32,35,2,0,Ligand_11189
294.067427928,2,2.1993,7,1,77.52,20,22,4,0,Ligand_11190
438.206718944,6,2.9815000000000014,5,1,78.41,32,35,5,0,Ligand_11192
368.1040034640001,6,2.6652000000000005,5,1,76.88,26,28,1,0,Ligand_11193
335.103669116,7,1.7164,5,1,73.22,23,24,5,0,Ligand_11194
379.0928113879999,5,0.3386999999999993,9,2,141.51,27,28,3,0,Ligand_11196
335.13036253200005,4,1.7574,4,2,84.66,23,24,4,0,Ligand_11198
387.125277152,4,2.6111000000000004,5,1,75.02000000000001,27,29,2,0,Ligand_11200
480.183126376,4,2.2854,6,0,82.92999999999999,34,38,5,0,Ligand_11205
532.235555872,5,2.6023000000000005,7,0,109.23,37,40,5,0,Ligand_11206
465.175598472,10,2.9762000000000013,6,1,88.47999999999999,31,33,5,0,Ligand_11207
447.182792028,4,1.8679,6,1,97.71,31,34,5,0,Ligand_11208
433.167141964,4,1.6219000000000006,6,1,97.71,30,33,5,0,Ligand_11209
504.204255744,4,1.8734,7,0,109.23,35,38,5,0,Ligand_11210
433.203527472,7,2.971900000000001,5,1,88.48,30,32,5,0,Ligand_11211
506.1835203,5,0.9566000000000006,8,0,118.45999999999998,35,38,5,0,Ligand_11212
467.172621268,8,0.7332000000000012,8,0,107.38,32,34,5,0,Ligand_11213
390.124942804,5,2.5017000000000014,5,0,80.06,27,29,4,0,Ligand_11216
398.079255564,9,2.772920000000001,5,2,75.27,25,26,2,0,Ligand_11219
472.1416554879999,11,2.4338999999999995,9,2,124.81000000000002,33,35,2,0,Ligand_11221
394.0502536400001,6,2.491720000000001,6,2,114.19,26,28,5,0,Ligand_11222
514.185018196,6,6.004000000000005,7,2,85.25,36,40,5,0,Ligand_11223
384.168521868,6,0.95632,5,1,84.94,28,31,3,0,Ligand_11225
421.163770836,6,2.0195,6,1,89.99000000000001,31,35,4,0,Ligand_11226
398.147786424,6,1.1727999999999994,6,1,102.01,29,32,3,0,Ligand_11227
399.093600164,6,3.108100000000001,8,2,101.38000000000002,27,30,2,0,Ligand_11228
366.169190564,2,1.3677000000000006,5,1,90.33,27,30,4,0,Ligand_11229
530.2176775519999,12,1.8094200000000005,9,2,129.89,38,40,1,0,Ligand_11232
538.242749428,10,2.12124,9,2,129.89,39,42,3,0,Ligand_11233
473.198442092,11,2.392199999999999,5,3,113.6,33,35,3,0,Ligand_11238
492.146740868,6,2.20392,7,2,119.27,35,38,4,0,Ligand_11239
515.183854648,6,0.2151000000000016,9,0,114.16,36,39,5,0,Ligand_11240
420.11035536,6,-0.2329000000000003,8,1,123.62,29,31,4,0,Ligand_11241
473.136904456,6,0.4548000000000001,8,2,139.58,33,35,4,0,Ligand_11242
456.171892996,6,3.705600000000002,6,1,96.8,32,35,2,0,Ligand_11243
441.120585696,6,0.6204000000000005,9,0,128.35999999999996,30,32,1,0,Ligand_11245
375.1794209,7,2.528900000000001,8,0,86.92,27,29,3,0,Ligand_11246
386.114772044,10,0.8624999999999996,8,1,116.84,26,27,1,0,Ligand_11247
458.2178720720001,6,2.15802,8,2,107.75999999999998,34,38,1,0,Ligand_11248
497.207447216,9,3.295500000000001,9,3,119.76000000000002,36,39,1,0,Ligand_11250
439.1756729120001,5,3.671300000000001,8,2,106.85,33,37,1,0,Ligand_11251
420.190988628,7,2.5342,8,3,114.19,31,34,1,0,Ligand_11252
429.183460724,6,1.21472,9,0,74.28999999999999,30,33,4,0,Ligand_11253
344.14845511999994,5,2.1818,8,1,87.5,25,27,5,0,Ligand_11255
322.042356052,3,2.0714,5,1,81.31,22,24,5,0,Ligand_11258
308.046692484,4,1.2029999999999998,6,1,94.45,21,23,2,0,Ligand_11259
446.168915792,9,2.29048,10,1,139.33,32,33,4,0,Ligand_11260
329.12632270800003,8,2.4062,4,2,84.86,24,25,4,0,Ligand_11261
423.16818752,10,3.9581000000000017,5,2,94.09,31,33,4,0,Ligand_11262
351.16166266000005,4,1.1811,4,1,83.71000000000001,24,26,3,0,Ligand_11263
349.098393708,8,3.1012000000000013,5,2,84.86,24,25,4,0,Ligand_11265
375.11788326400006,6,0.8290999999999998,9,2,145.01000000000002,27,28,2,0,Ligand_11267
341.140927216,7,0.6456000000000002,5,2,87.74,23,24,5,0,Ligand_11269
319.058004028,2,1.2766,3,2,78.51,22,23,2,0,Ligand_11271
367.072572884,8,1.968,6,2,111.16,25,26,4,0,Ligand_11272
333.121237328,8,2.6327000000000007,5,2,98.0,24,25,4,0,Ligand_11275
393.124608456,9,2.8966200000000013,5,2,101.93,27,28,2,0,Ligand_11276
458.084119316,5,4.116700000000003,4,1,75.71000000000001,29,31,1,0,Ligand_11278
342.15393442399994,6,-1.0965999999999978,6,2,117.28,24,25,3,0,Ligand_11279
428.140592868,7,2.667200000000001,7,1,79.31,30,33,1,0,Ligand_11280
373.138618708,5,0.0895999999999999,9,1,109.38,27,29,4,0,Ligand_11281
418.091117812,5,2.0659,4,2,81.75,29,31,4,0,Ligand_11282
418.21038668,8,2.3159,6,3,116.17000000000002,30,32,2,0,Ligand_11283
333.10347908800003,8,3.482700000000001,4,2,75.63,23,24,4,0,Ligand_11284
209.091274592,4,-0.1514200000000001,7,0,84.16,15,15,4,0,Ligand_11286
343.99015192,4,2.3896999999999995,5,3,100.87,21,22,3,0,Ligand_11288
385.10495422,6,2.603800000000001,5,3,79.46000000000001,27,28,4,0,Ligand_11290
316.117154992,5,1.7738999999999998,7,1,98.84,23,25,5,0,Ligand_11292
337.109627088,5,1.68592,4,3,111.89,23,24,1,0,Ligand_11293
394.152871804,5,2.0713,5,3,106.94,29,32,5,0,Ligand_11294
220.048406736,3,0.1523000000000001,4,1,87.57,16,17,5,0,Ligand_11295
398.08380417600006,3,0.3801999999999995,6,3,122.29,28,30,3,0,Ligand_11298
464.1283097560001,4,3.724400000000002,6,2,88.48,32,34,3,0,Ligand_11299
419.149950612,11,4.538320000000003,4,2,84.86,29,30,4,0,Ligand_11300
345.13763634,7,3.5587000000000018,3,2,75.63,25,26,3,0,Ligand_11302
314.137890436,6,2.3414800000000007,6,1,89.17,23,24,4,0,Ligand_11303
386.1311710560001,5,2.4400000000000013,6,1,84.94,26,28,5,0,Ligand_11304
253.131408088,4,1.1105999999999998,5,1,86.46000000000001,18,18,4,0,Ligand_11305
476.1617222359999,8,2.7502000000000013,9,2,128.39,33,35,5,0,Ligand_11307
370.211724072,5,1.876,8,1,85.17,27,30,3,0,Ligand_11308
417.157622836,7,4.655100000000003,4,2,84.86,31,34,1,0,Ligand_11309
372.13213636,9,1.5051,5,3,127.95,27,28,4,0,Ligand_11310
375.123735864,8,4.001900000000003,3,2,75.63,26,27,4,0,Ligand_11315
371.023035848,6,2.856200000000001,5,2,101.93,24,25,2,0,Ligand_11316
312.11437812,4,0.9112000000000008,3,1,77.92,21,22,5,0,Ligand_11318
278.126657056,4,1.7736999999999998,4,2,76.66,20,21,5,0,Ligand_11322
247.095691276,2,1.5018999999999998,5,1,73.22,18,19,3,0,Ligand_11323
336.12561150000005,4,1.2369199999999994,5,1,76.34,23,25,3,0,Ligand_11324
424.140764624,5,0.1131999999999995,9,2,131.95999999999998,31,34,1,0,Ligand_11325
462.22670543999993,6,2.2717,6,0,73.4,34,38,5,0,Ligand_11328
400.211055376,7,0.3627000000000011,6,1,82.19,29,32,3,0,Ligand_11330
303.14437278400004,4,0.5721199999999997,9,0,98.92,22,24,4,0,Ligand_11332
365.148789468,6,2.5457,6,2,98.14,27,29,5,0,Ligand_11333
344.112069612,5,1.5518999999999998,8,1,115.91,25,27,5,0,Ligand_11334
392.140592868,9,1.6831999999999996,5,1,84.94000000000001,27,28,4,0,Ligand_11336
319.08782902400003,7,2.2234,3,2,83.47,22,23,4,0,Ligand_11340
354.185589576,2,3.0385800000000014,5,1,73.36,26,28,2,0,Ligand_11343
352.189926008,4,2.6620800000000013,6,1,82.59,26,28,2,0,Ligand_11344
398.206638692,5,1.2564999999999995,9,1,94.4,29,33,3,0,Ligand_11346
401.183837584,10,3.5268000000000024,6,1,83.09,29,30,4,0,Ligand_11347
434.151157552,10,3.016500000000001,6,2,110.8,30,31,3,0,Ligand_11348
389.147452076,10,2.4234,6,2,103.32,28,29,4,0,Ligand_11349
389.147452076,10,2.423400000000001,6,2,103.32,28,29,4,0,Ligand_11350
295.13207678400005,4,3.7109200000000016,4,1,75.00999999999999,22,23,2,0,Ligand_11351
264.065868368,3,1.4193999999999996,5,2,97.12,19,20,2,0,Ligand_11353
329.039416588,6,0.7666999999999994,7,2,110.0,22,23,3,0,Ligand_11354
305.16002284800004,3,-0.5379199999999988,9,0,90.64,22,24,4,0,Ligand_11359
403.199487648,10,2.913000000000001,6,2,101.93,29,30,4,0,Ligand_11360
479.948296744,5,2.640720000000001,6,1,92.78,26,28,5,0,Ligand_11365
408.168521868,8,4.383020000000003,5,2,101.66,30,32,2,0,Ligand_11367
420.092198704,5,3.0934000000000017,6,1,84.94,27,29,4,0,Ligand_11368
398.2430242,8,2.657800000000001,8,1,85.17,29,32,3,0,Ligand_11374
395.022132524,4,1.1770999999999998,6,1,88.07,25,27,4,0,Ligand_11375
458.126005424,5,1.4839799999999994,8,1,121.2,32,35,1,0,Ligand_11378
455.078720884,7,2.6193800000000005,8,2,139.89,32,35,1,0,Ligand_11379
364.189926008,5,2.828180000000001,6,1,82.59,27,29,2,0,Ligand_11380
355.029662516,5,0.2337000000000003,5,3,149.42,23,24,5,0,Ligand_11384
335.055146904,4,1.823,7,2,80.32,22,23,4,0,Ligand_11385
273.07251122,2,0.74108,3,2,81.99000000000001,19,20,2,0,Ligand_11386
330.103813436,5,1.7686,3,2,75.27,23,25,2,0,Ligand_11387
433.141989836,10,1.5991999999999995,9,1,117.46,30,32,2,0,Ligand_11389
385.109627088,6,2.9517000000000007,6,2,89.02,27,29,1,0,Ligand_11390
304.074244624,4,0.3062000000000001,7,1,93.01,21,23,4,0,Ligand_11391
448.021988204,5,2.0239000000000003,5,2,108.47,29,31,5,0,Ligand_11394
343.141972772,7,2.958020000000001,4,2,84.86,25,26,4,0,Ligand_11397
475.151904412,4,3.9372000000000025,4,1,79.37,34,37,4,0,Ligand_11398
260.090940244,3,0.3083000000000001,6,1,100.25,19,20,1,0,Ligand_11401
409.163770836,8,3.714620000000002,7,2,102.68,30,32,2,0,Ligand_11403
373.1498520880001,6,0.4498999999999997,11,0,113.33,27,30,2,0,Ligand_11404
359.116443784,3,0.5240199999999998,8,2,112.47,25,28,2,0,Ligand_11405
309.147726848,2,2.5327800000000007,5,1,81.04,23,25,2,0,Ligand_11408
419.187877408,8,1.9292199999999995,6,1,82.86,29,31,4,0,Ligand_11409
271.04807238800004,3,1.774,4,1,87.82,20,22,2,0,Ligand_11410
563.172621268,7,3.9349000000000034,8,1,106.64,40,44,1,0,Ligand_11412
395.15149190000005,8,0.9452,6,1,97.71,27,28,5,0,Ligand_11415
441.1722273440001,8,2.541500000000001,5,1,88.48000000000002,31,33,5,0,Ligand_11416
475.0968694839999,5,2.1428000000000003,6,1,97.71,32,35,5,0,Ligand_11417
518.219905808,5,2.406,7,0,109.23,36,39,5,0,Ligand_11418
441.172227344,7,2.55262,5,1,88.48,31,33,5,0,Ligand_11419
534.287591444,12,2.776200000000002,7,1,100.95,37,39,5,0,Ligand_11420
532.235555872,6,2.8889000000000014,7,0,109.23,37,40,5,0,Ligand_11421
399.114043772,7,3.5005200000000025,5,1,85.61,28,30,4,0,Ligand_11422
383.119129152,6,4.052920000000003,4,1,76.38,27,29,4,0,Ligand_11423
408.171892996,11,2.7238000000000007,6,1,88.85000000000001,28,29,4,0,Ligand_11424
367.108958392,9,2.0283999999999995,6,1,94.84,25,26,4,0,Ligand_11425
451.133254992,7,4.273720000000004,6,1,84.67,30,32,2,0,Ligand_11426
394.152871804,7,3.215600000000002,6,1,86.63,29,31,1,0,Ligand_11433
431.1944022679999,9,3.454920000000002,7,1,96.08,31,33,3,0,Ligand_11435
346.08326802,3,2.686540000000001,6,1,82.06,24,26,3,0,Ligand_11436
519.251540284,8,3.092740000000001,7,1,113.84,36,38,5,0,Ligand_11440
286.095356928,4,2.5909000000000004,5,1,81.42999999999999,21,23,5,0,Ligand_11441
407.14496704,7,1.6928,8,2,93.37,27,30,3,0,Ligand_11442
418.172641944,8,3.269300000000001,3,2,75.27000000000001,29,31,3,0,Ligand_11443
430.156242932,7,3.1853000000000016,5,1,92.78,30,32,3,0,Ligand_11444
439.1929627880001,4,4.910820000000005,5,0,76.30000000000001,31,34,2,0,Ligand_11446
411.1794209,7,3.278200000000002,5,1,88.17999999999999,30,32,4,0,Ligand_11448
319.153206152,7,0.9963999999999996,4,1,78.95,23,24,4,0,Ligand_11449
349.163770836,8,1.0049999999999997,5,1,88.18,25,26,4,0,Ligand_11450
456.194359756,5,2.0089,8,1,83.06,32,35,2,0,Ligand_11451
498.091928424,6,3.685240000000002,7,1,115.04,34,37,5,0,Ligand_11452
366.136176184,6,1.7301999999999993,6,2,114.19,25,27,3,0,Ligand_11453
406.094705296,8,1.5470999999999997,8,2,132.65,28,30,5,0,Ligand_11454
374.104876056,7,1.5160199999999997,6,2,114.19,26,28,5,0,Ligand_11455
390.099790676,8,1.2161999999999995,7,2,123.42,27,29,5,0,Ligand_11456
493.1783753440001,10,2.2375,7,2,112.46,35,38,5,0,Ligand_11457
310.02912427200005,4,1.85752,5,2,87.74,20,21,4,0,Ligand_11458
330.02151906,4,2.4538,4,2,76.66,19,19,1,0,Ligand_11460
381.1661708480001,7,0.7230999999999996,10,2,140.35,28,30,1,0,Ligand_11461
479.1829637840001,9,1.7760999999999996,11,2,149.58,35,38,1,0,Ligand_11462
417.1695419760001,10,1.6799,11,2,140.35,29,31,1,0,Ligand_11463
415.2080356600001,10,1.5198199999999995,11,2,153.49,30,32,1,0,Ligand_11464
450.22402007200014,10,2.0997,10,3,156.14,33,36,1,0,Ligand_11465
381.0801568,6,3.7204000000000015,4,1,76.38,25,27,2,0,Ligand_11466
419.14025852,5,2.682120000000001,6,0,86.05000000000001,29,32,4,0,Ligand_11467
377.131031228,3,4.123310000000004,5,1,73.81,27,30,1,0,Ligand_11469
275.07937251600003,5,2.4533000000000005,6,1,81.26,20,21,4,0,Ligand_11470
291.147058152,6,3.0589000000000013,3,2,75.63,21,22,5,0,Ligand_11473
413.195070964,7,2.3577999999999992,5,2,100.88,30,32,1,0,Ligand_11485
424.0430600840001,8,2.7196000000000007,6,2,101.05,27,29,5,0,Ligand_11486
407.111735264,5,3.347870000000002,7,1,114.42,30,33,1,0,Ligand_11487
331.144453036,5,1.1163,6,3,106.06,24,26,1,0,Ligand_11490
500.10489312,9,1.388,11,3,160.54,34,37,2,0,Ligand_11491
438.17593282000007,9,3.4246000000000016,6,1,92.26,29,31,4,0,Ligand_11493
426.103161804,7,1.0651999999999997,8,2,127.35,28,30,4,0,Ligand_11494
493.21813198000007,9,3.014200000000001,7,2,104.29,33,36,4,0,Ligand_11495
398.126657056,4,4.336500000000004,5,0,72.64,30,34,1,0,Ligand_11497
403.15657728,3,1.9491,5,0,79.69,28,31,5,0,Ligand_11498
490.18860568,5,1.7201999999999995,7,0,109.23,34,37,5,0,Ligand_11499
421.167141964,8,1.5721999999999996,6,1,97.71,29,31,5,0,Ligand_11500
538.2249911879999,6,3.1670000000000016,7,0,92.16,38,42,5,0,Ligand_11501
420.146740868,5,0.3971400000000015,5,3,132.2,29,31,1,0,Ligand_11502
456.087033072,5,1.07302,6,3,141.42999999999998,30,32,5,0,Ligand_11503
517.1615779159999,12,2.2595,9,1,117.86,36,38,1,0,Ligand_11504
525.2111149519999,11,1.7572,10,1,127.09,38,41,3,0,Ligand_11505
252.133473752,3,-1.1268999999999991,7,1,97.47,18,19,4,0,Ligand_11507
386.206638692,7,1.9811,9,2,115.49,28,30,4,0,Ligand_11508
361.07795010000007,6,2.658220000000001,10,2,111.73,24,26,2,0,Ligand_11509
328.201159388,5,2.437900000000001,7,2,89.19,24,26,4,0,Ligand_11511
381.121237328,5,2.6988000000000003,6,1,89.21000000000001,28,31,4,0,Ligand_11513
393.121237328,5,2.771200000000001,6,0,86.05,29,32,4,0,Ligand_11514
389.08341234000005,3,3.9567000000000014,6,0,76.30000000000001,28,32,3,0,Ligand_11515
447.1794208999999,5,4.168200000000003,8,2,94.84,33,37,3,0,Ligand_11517
338.093642676,6,2.1337400000000004,5,1,100.71,23,24,5,0,Ligand_11519
514.1376156639999,6,3.379700000000001,9,1,114.32000000000002,38,43,5,0,Ligand_11520
502.1740011719999,9,3.9056000000000033,8,1,105.09000000000002,37,40,5,0,Ligand_11521
441.156971204,7,0.609500000000001,8,0,111.29,30,32,1,0,Ligand_11522
403.20082504,5,4.3377000000000026,6,2,81.07,30,33,5,0,Ligand_11524
376.14230712,6,4.208400000000003,4,2,76.66,28,30,2,0,Ligand_11527
476.245726632,8,2.3695000000000004,6,1,91.71999999999998,33,35,5,0,Ligand_11529
475.177706648,4,1.7850000000000004,7,0,98.15,33,37,5,0,Ligand_11530
431.003820396,8,2.3647,6,1,94.84,25,26,4,0,Ligand_11532
353.093308328,8,1.6382999999999996,6,1,94.84,24,25,4,0,Ligand_11533
515.18902028,10,3.343300000000002,7,1,92.09,36,39,4,0,Ligand_11534
472.0990336719999,8,4.412100000000004,5,1,79.62,30,32,4,0,Ligand_11535
508.099033672,10,5.200700000000005,5,1,79.62,33,35,4,0,Ligand_11536
497.2081341839999,9,4.891520000000005,6,1,76.83,35,38,3,0,Ligand_11537
432.1355074879999,8,2.1015999999999995,6,1,102.01,30,32,1,0,Ligand_11538
521.216200332,11,4.186200000000003,8,2,107.59000000000002,38,41,4,0,Ligand_11539
340.105921612,4,2.5556,6,1,78.38000000000001,25,28,5,0,Ligand_11540
459.1794209,8,4.070000000000003,5,1,88.18,34,37,4,0,Ligand_11541
383.148120772,4,1.7657999999999996,6,0,84.58,28,31,2,0,Ligand_11545
376.163436488,4,1.5622999999999998,7,0,78.82000000000001,27,30,5,0,Ligand_11546
333.06286692399993,4,0.8626999999999992,8,0,91.9,23,25,2,0,Ligand_11547
414.180423944,4,2.32412,7,0,85.91,31,35,2,0,Ligand_11548
447.181901164,5,1.5241999999999991,8,0,89.14999999999998,33,37,4,0,Ligand_11549
359.13822478400004,5,2.6992000000000003,7,0,74.83,27,30,5,0,Ligand_11550
386.133867676,7,-0.3348999999999984,10,1,130.23000000000002,28,30,5,0,Ligand_11551
367.083602368,4,2.687500000000001,7,0,74.83,26,29,5,0,Ligand_11552
347.13822478400004,4,2.3425199999999995,7,0,74.83,26,29,5,0,Ligand_11553
315.096753896,4,0.1587999999999993,9,0,101.13000000000002,23,25,5,0,Ligand_11554
329.11240396,5,0.5488999999999999,9,0,101.13000000000002,24,26,5,0,Ligand_11555
343.128054024,5,1.1098999999999997,9,0,101.13000000000002,25,27,3,0,Ligand_11556
338.14912381600004,3,0.9080199999999992,7,0,85.91,25,28,5,0,Ligand_11557
299.101839276,3,0.4586199999999996,8,0,91.9,22,24,5,0,Ligand_11559
358.0945014,3,1.2529999999999997,7,0,85.90999999999998,25,28,5,0,Ligand_11560
347.13822478400004,4,2.3425200000000004,7,0,74.83,26,29,5,0,Ligand_11561
449.107912836,9,1.8478999999999992,7,2,110.41,30,32,2,0,Ligand_11562
357.114712468,6,4.126760000000003,6,1,81.16000000000001,25,27,5,0,Ligand_11563
300.13213636,5,0.8172999999999997,7,1,105.5,21,21,4,0,Ligand_11573
383.103873012,9,1.6107999999999996,7,1,104.07,26,27,4,0,Ligand_11574
545.098389476,9,3.5636000000000028,6,1,82.86,34,37,4,0,Ligand_11575
373.109627088,6,2.776600000000001,7,1,96.44,26,28,5,0,Ligand_11576
414.115104304,3,1.0498999999999998,6,3,126.2,29,31,5,0,Ligand_11577
461.17622734,6,3.060100000000001,5,3,107.97,33,35,2,0,Ligand_11578
345.105959352,6,1.9131,6,1,78.73000000000002,24,26,4,0,Ligand_11582
463.147824164,8,4.2691000000000034,7,1,81.81,33,36,4,0,Ligand_11584
366.205576072,6,4.295460000000004,5,1,72.95,27,29,5,0,Ligand_11585
393.129316976,6,1.3026999999999995,8,2,93.37,26,29,3,0,Ligand_11587
482.219905808,11,0.6711000000000036,7,1,108.49,33,35,1,0,Ligand_11590
452.172955616,5,-0.4029999999999962,7,0,99.7,31,34,1,0,Ligand_11591
455.172621268,10,0.7118000000000009,7,1,114.48,31,33,1,0,Ligand_11592
425.162056584,9,0.7393000000000007,6,1,105.25,29,31,1,0,Ligand_11593
403.1565772800001,8,2.3878000000000004,5,2,97.39,28,30,2,0,Ligand_11597
287.082743644,6,1.4239000000000002,4,1,83.91000000000001,19,19,3,0,Ligand_11598
278.0361278,4,1.28867,5,3,99.48,19,20,1,0,Ligand_11599
271.08782902400003,6,1.83254,4,2,79.54,18,18,5,0,Ligand_11601
378.21547206,10,1.7636199999999993,7,3,92.95,27,28,3,0,Ligand_11602
358.14297581600005,5,4.567720000000004,6,0,73.93,27,30,5,0,Ligand_11603
403.17433552,6,1.2796999999999996,6,1,105.25,29,31,3,0,Ligand_11608
321.180089596,5,0.0556000000000012,7,1,85.15,23,25,4,0,Ligand_11609
406.23285344,7,0.8876000000000013,8,1,105.46,29,31,4,0,Ligand_11610
369.180089596,4,0.6122199999999998,7,1,85.15,27,30,2,0,Ligand_11611
397.211389724,4,1.3892200000000003,7,1,85.15,29,32,2,0,Ligand_11612
440.217203376,5,1.054120000000001,8,1,105.46,32,35,4,0,Ligand_11613
454.23285344,7,1.330200000000001,8,1,105.46,33,36,4,0,Ligand_11614
476.23360238800007,7,2.5173999999999994,7,1,79.16,35,39,2,0,Ligand_11615
382.164105184,8,1.1174,7,1,95.34,28,30,3,0,Ligand_11616
462.19369106,8,2.24102,7,1,104.98,32,34,1,0,Ligand_11617
446.126005424,6,0.5050000000000001,8,1,119.71,31,33,4,0,Ligand_11618
430.131090804,5,0.8048199999999999,7,1,110.48,30,32,4,0,Ligand_11619
448.121668992,6,0.3131999999999997,7,1,110.48,31,33,4,0,Ligand_11620
439.15657728,6,3.672900000000003,5,1,88.60000000000001,31,34,3,0,Ligand_11621
413.12094072,4,3.413300000000002,4,1,79.37,29,32,4,0,Ligand_11622
472.178040996,6,1.8456199999999996,7,1,104.86,33,36,2,0,Ligand_11623
419.115106392,8,1.1248999999999996,7,2,119.64,29,31,2,0,Ligand_11624
433.094370948,6,1.2097999999999998,8,2,128.87,30,33,5,0,Ligand_11625
457.1307564560001,4,1.200300000000001,7,0,102.06,32,36,3,0,Ligand_11626
400.145678248,6,2.6408200000000006,4,1,75.71000000000001,28,30,4,0,Ligand_11629
415.108958392,8,3.200700000000002,6,1,94.84,29,31,4,0,Ligand_11632
498.218843188,14,4.684300000000005,6,1,88.85000000000001,35,37,4,0,Ligand_11636
434.1511575519999,6,2.2728200000000003,7,0,91.1,30,33,2,0,Ligand_11638
513.193356712,9,3.273320000000002,8,0,94.34,36,39,2,0,Ligand_11639
352.1535405,4,3.137020000000001,5,2,77.28999999999999,26,28,3,0,Ligand_11640
395.1481207719999,7,3.467100000000002,7,1,86.06,29,32,2,0,Ligand_11645
337.1174893400001,3,3.248,5,3,93.72,25,28,4,0,Ligand_11647
367.1280540240001,4,3.2566,6,3,102.95000000000002,27,30,4,0,Ligand_11648
397.138618708,5,3.265200000000001,7,3,112.18,29,32,4,0,Ligand_11649
359.08274364399995,6,3.084920000000001,5,1,89.52,25,27,4,0,Ligand_11650
300.068096624,2,2.08482,6,1,76.36000000000001,21,23,2,0,Ligand_11652
374.057257168,3,1.8208,7,1,111.13,26,28,1,0,Ligand_11654
377.137556088,4,1.86404,6,1,88.07,28,31,1,0,Ligand_11655
275.07937251600003,5,1.1265999999999996,5,2,92.70000000000002,20,21,3,0,Ligand_11656
399.136510532,7,2.900000000000001,8,2,104.29,28,30,2,0,Ligand_11657
435.17289604,4,4.224000000000004,7,0,80.46,31,35,5,0,Ligand_11658
323.09060589600006,3,1.7333999999999998,6,1,89.76999999999998,24,26,3,0,Ligand_11660
363.08307590400005,3,3.1538200000000014,5,1,72.7,26,28,2,0,Ligand_11661
385.200156344,5,2.779240000000001,5,1,74.87,28,30,5,0,Ligand_11664
464.151826248,5,3.1820200000000014,6,1,91.84,33,37,5,0,Ligand_11671
450.172561692,7,4.191620000000004,5,1,82.61,32,35,1,0,Ligand_11672
492.1267543720001,4,2.896300000000001,7,1,93.41,35,39,3,0,Ligand_11673
530.162390932,5,3.268220000000002,8,1,110.48,38,42,3,0,Ligand_11674
455.15149190000005,4,2.354,6,0,92.82999999999998,32,36,3,0,Ligand_11676
472.178040996,8,1.6272000000000004,7,1,104.86,33,36,5,0,Ligand_11677
349.127385328,5,-0.3235999999999996,7,3,122.83,25,26,5,0,Ligand_11682
371.130362532,5,3.371920000000001,4,2,87.63,26,28,1,0,Ligand_11683
354.251857568,7,2.2673,4,2,84.5,25,25,4,0,Ligand_11684
347.13822478400004,3,3.000100000000001,5,2,91.85000000000002,26,28,3,0,Ligand_11685
362.149123816,2,2.1413199999999994,7,0,79.77000000000001,27,31,3,0,Ligand_11687
443.224262916,6,4.014400000000003,4,2,88.16000000000001,31,34,5,0,Ligand_11689
390.134634896,7,2.3701000000000008,6,1,75.71000000000001,27,29,2,0,Ligand_11690
430.156242932,8,2.4745,5,1,92.78000000000002,30,32,1,0,Ligand_11691
308.116092372,5,3.493800000000001,3,2,74.68,23,25,2,0,Ligand_11693
510.251205936,11,1.163100000000003,7,1,108.49,35,37,1,0,Ligand_11695
508.27194138,12,2.316800000000001,6,1,99.26,35,37,1,0,Ligand_11697
436.2110553760001,8,2.806000000000001,6,1,85.69000000000001,32,35,4,0,Ligand_11699
343.135447912,5,2.9419000000000013,4,2,74.85,24,26,1,0,Ligand_11700
428.2059699959999,5,0.896300000000001,8,0,82.63,31,34,5,0,Ligand_11701
446.172083024,4,1.84952,7,0,73.4,31,34,5,0,Ligand_11702
466.18278994,4,1.9065,7,0,73.4,33,36,5,0,Ligand_11703
470.19877644,12,3.5316000000000027,6,2,110.28000000000002,33,35,2,0,Ligand_11706
524.139941236,10,0.4488000000000024,7,2,156.17999999999998,35,37,1,0,Ligand_11712
386.1082471840001,6,0.1568800000000014,6,0,101.79,25,26,1,0,Ligand_11713
304.099396752,4,0.77826,5,0,88.19999999999999,21,22,1,0,Ligand_11714
336.1256115,5,0.8649799999999999,5,1,93.51,23,24,5,0,Ligand_11715
414.1395473120001,8,0.8408800000000007,6,1,110.57999999999998,27,28,3,0,Ligand_11716
476.155197376,9,2.11738,6,0,101.79,32,34,1,0,Ligand_11717
507.162805532,4,3.5966000000000022,5,0,78.0,36,40,4,0,Ligand_11718
443.129277148,8,3.447300000000002,7,1,99.51999999999998,32,34,5,0,Ligand_11721
371.082743644,3,2.6812200000000006,5,0,72.91,26,29,4,0,Ligand_11723
492.1024931079999,6,1.6736,7,0,110.29,33,36,5,0,Ligand_11724
462.091928424,5,1.6649999999999998,6,0,101.06,31,34,5,0,Ligand_11725
433.119523076,7,2.678500000000001,7,0,91.37,30,32,5,0,Ligand_11726
398.19540531199993,4,2.488020000000001,6,1,85.69000000000001,29,32,4,0,Ligand_11729
368.140592868,8,1.1687,5,1,84.94000000000001,25,26,4,0,Ligand_11730
365.08341234,4,3.0177200000000006,6,1,91.12,26,29,1,0,Ligand_11731
439.120191772,8,3.528500000000002,8,1,95.59,31,34,1,0,Ligand_11732
385.09416705199993,5,3.700300000000002,8,1,82.80000000000001,27,30,5,0,Ligand_11735
445.112998216,6,2.0016,7,2,99.07,30,33,2,0,Ligand_11739
504.10566034,3,3.291120000000002,7,1,82.07999999999998,33,37,1,0,Ligand_11740
393.1106897080001,7,1.5213999999999994,9,2,142.45,27,29,1,0,Ligand_11742
318.067427928,5,2.362,5,1,81.42,22,24,4,0,Ligand_11743
347.093977024,4,1.6864,6,1,82.33000000000001,24,26,4,0,Ligand_11744
539.220240156,10,1.9052,7,2,112.98,38,41,2,0,Ligand_11745
534.2049244400001,10,2.7781200000000004,7,2,118.33,38,41,2,0,Ligand_11746
433.200156344,6,3.299500000000002,5,1,72.80000000000001,32,35,2,0,Ligand_11747
506.252920188,10,2.8977000000000013,7,2,94.06,37,40,2,0,Ligand_11748
476.2423555040001,7,3.223300000000002,6,1,76.03999999999999,35,38,2,0,Ligand_11749
536.263484872,11,2.9063000000000017,8,2,103.29000000000002,39,42,2,0,Ligand_11750
525.204590092,7,1.8493,7,1,104.19,37,40,2,0,Ligand_11751
525.204590092,7,1.8493,7,1,104.19,37,40,2,0,Ligand_11752
555.215154776,8,1.8579000000000003,8,1,113.42,39,42,2,0,Ligand_11753
446.23179082,8,2.8805000000000014,5,2,75.60000000000001,33,36,2,0,Ligand_11754
478.238019072,9,3.4097000000000017,5,2,75.60000000000001,35,38,2,0,Ligand_11755
490.258005568,10,3.279200000000002,6,2,84.83,36,39,2,0,Ligand_11756
506.252920188,8,3.231900000000002,7,1,85.27000000000001,37,40,2,0,Ligand_11757
536.2634848719999,11,2.813500000000001,8,2,103.29,39,42,2,0,Ligand_11758
479.205635648,7,2.833800000000001,7,1,91.26,35,38,2,0,Ligand_11759
492.237270124,7,2.749000000000001,7,1,85.27000000000001,36,39,2,0,Ligand_11760
467.209006776,9,1.6214000000000004,6,1,105.25,32,34,1,0,Ligand_11761
503.172621268,9,1.5725999999999996,7,1,114.48,35,38,1,0,Ligand_11762
329.13755608800005,3,0.9567999999999997,6,1,82.33000000000001,24,26,5,0,Ligand_11766
343.135447912,4,2.996340000000002,4,2,74.85,24,26,1,0,Ligand_11767
343.135447912,4,2.996340000000002,4,2,74.85,24,26,1,0,Ligand_11768
468.1121852,7,3.0199200000000017,7,0,106.78,31,33,2,0,Ligand_11769
329.119797848,4,2.606240000000001,4,2,74.85,23,25,1,0,Ligand_11770
444.1355074879999,9,2.8984200000000016,7,1,107.73,31,33,2,0,Ligand_11771
477.135841836,3,3.0246000000000013,5,0,91.14,34,38,3,0,Ligand_11772
521.1784555959999,7,4.034600000000004,5,1,86.78999999999999,37,41,4,0,Ligand_11773
438.15034694,7,4.281100000000002,6,1,77.75,32,35,1,0,Ligand_11777
359.13036253200005,3,2.60306,5,1,73.1,25,27,4,0,Ligand_11778
416.151826248,4,1.3965,7,0,76.78,29,32,3,0,Ligand_11779
402.04410564,5,3.7793000000000023,5,0,76.57,27,29,1,0,Ligand_11780
407.141595912,3,3.545460000000002,7,2,94.94,29,32,3,0,Ligand_11781
357.11471246800005,4,3.764840000000001,6,2,86.47,25,27,5,0,Ligand_11782
389.093308328,6,3.761820000000002,6,1,94.84,27,29,4,0,Ligand_11783
493.0975381800001,5,5.132740000000004,8,1,98.48,34,38,5,0,Ligand_11784
449.071323432,4,4.815720000000002,7,1,89.25,31,35,5,0,Ligand_11785
477.10262356,5,5.6307000000000045,7,1,89.25,33,37,5,0,Ligand_11786
491.118273624,4,5.804800000000005,7,1,89.25,34,38,5,0,Ligand_11787
491.118273624,4,5.804800000000005,7,1,89.25,34,38,5,0,Ligand_11788
475.147824164,4,5.290500000000004,7,1,89.25,34,38,5,0,Ligand_11789
485.1885461040001,4,5.768240000000005,7,1,89.25,35,39,5,0,Ligand_11790
485.1885461040001,4,5.768240000000005,7,1,89.25,35,39,5,0,Ligand_11791
430.069084804,4,2.30142,8,0,93.64,27,29,3,0,Ligand_11794
451.06941915200014,8,3.475120000000002,8,1,106.09,29,31,3,0,Ligand_11795
485.11128396400005,10,2.8924200000000013,8,1,113.51,31,33,3,0,Ligand_11796
477.02536142,8,2.457200000000001,8,1,113.51,29,31,3,0,Ligand_11797
428.089820248,5,3.3142200000000024,7,0,84.40999999999998,27,29,3,0,Ligand_11798
472.079649488,5,2.421220000000001,9,0,102.87,30,33,3,0,Ligand_11799
443.10071928,6,2.2198200000000003,8,0,87.65,28,30,3,0,Ligand_11800
428.089820248,6,3.4583200000000023,7,0,84.40999999999998,27,29,3,0,Ligand_11801
442.105470312,6,3.7043200000000023,7,0,84.40999999999998,28,30,3,0,Ligand_11802
377.173941596,4,3.773900000000003,5,1,73.22,28,31,5,0,Ligand_11804
421.200156344,5,3.806800000000002,6,0,73.66000000000001,31,34,5,0,Ligand_11807
375.158291532,3,3.5778000000000025,5,1,81.06,28,31,5,0,Ligand_11808
490.0900102760001,3,2.982700000000001,7,1,82.07999999999998,32,36,1,0,Ligand_11809
508.0805884640001,3,3.121800000000002,7,1,82.07999999999998,33,37,1,0,Ligand_11810
520.10057496,4,2.9913000000000016,8,1,91.31,34,38,1,0,Ligand_11811
433.09301172,4,2.7444200000000007,6,2,87.63,29,32,1,0,Ligand_11812
463.1235629,9,2.6013200000000003,7,1,97.83,31,33,4,0,Ligand_11813
432.0925971200001,6,2.8223200000000004,6,2,108.47,29,31,4,0,Ligand_11814
465.18191943599993,8,3.7569000000000026,5,2,78.51,33,36,1,0,Ligand_11815
385.173666824,8,-0.4457999999999993,8,4,126.71000000000002,27,28,4,0,Ligand_11817
433.167141964,9,2.0019399999999994,6,1,109.58,30,32,2,0,Ligand_11828
416.120606372,7,3.3287400000000016,5,1,89.27,29,31,2,0,Ligand_11829
380.140592868,9,2.0259399999999994,6,1,98.5,26,27,2,0,Ligand_11830
462.230076568,10,2.01704,7,1,95.75,32,34,2,0,Ligand_11831
391.15657728,5,1.64724,6,0,83.71999999999998,27,29,2,0,Ligand_11832
405.172227344,6,2.03734,6,0,83.72000000000001,28,30,2,0,Ligand_11833
430.136256436,9,3.452920000000001,5,1,89.27000000000001,30,32,2,0,Ligand_11834
465.209755724,9,3.1881200000000014,6,1,92.51,32,34,2,0,Ligand_11835
442.156242932,9,3.240740000000001,6,1,98.5,31,33,2,0,Ligand_11837
444.1355074879999,9,2.8984200000000016,7,1,107.73,31,33,2,0,Ligand_11838
388.10929274,7,2.7826400000000007,6,1,102.41,27,29,2,0,Ligand_11839
516.171892996,5,4.429000000000004,5,0,83.99000000000001,37,41,3,0,Ligand_11840
367.1644395320001,6,2.489140000000001,7,1,98.48,27,29,3,0,Ligand_11841
547.2352215239999,10,3.117900000000001,7,2,135.13000000000002,38,41,4,0,Ligand_11842
359.093977024,5,1.7759999999999998,6,2,101.14999999999998,25,27,1,0,Ligand_11843
358.098728056,3,2.14412,4,1,83.55000000000001,25,27,1,0,Ligand_11844
372.11437812,3,2.452540000000001,4,1,83.55000000000001,26,28,1,0,Ligand_11845
386.130028184,3,2.7609600000000007,4,1,83.55000000000001,27,29,1,0,Ligand_11846
306.157957184,7,1.62742,4,2,76.66,22,23,3,0,Ligand_11847
397.200156344,6,2.7646200000000007,5,1,80.64,29,31,1,0,Ligand_11851
330.11912706400005,4,2.5740000000000016,4,2,73.13000000000001,23,24,1,0,Ligand_11856
367.1644395320001,6,2.489140000000001,7,1,98.48,27,29,3,0,Ligand_11859
424.19106888,6,3.747900000000002,6,2,77.41,31,34,2,0,Ligand_11861
434.175418816,6,2.833800000000001,6,1,78.15,32,36,4,0,Ligand_11868
423.252191916,8,2.7684200000000008,5,2,78.51,31,34,1,0,Ligand_11869
451.283492044,9,3.486200000000003,5,2,78.51,33,36,1,0,Ligand_11870
423.252191916,8,2.850100000000001,5,2,78.51,31,34,1,0,Ligand_11871
439.247106536,8,2.816200000000001,6,2,87.74000000000001,32,35,1,0,Ligand_11872
439.12898054,8,4.078820000000003,7,1,85.84,30,32,2,0,Ligand_11874
382.0680118799999,7,1.9263,7,3,143.64,26,27,5,0,Ligand_11875
504.183126376,9,2.941200000000001,7,1,93.41,36,39,5,0,Ligand_11876
410.14126156399993,7,3.1243200000000018,7,1,77.63,29,32,2,0,Ligand_11878
411.17289604,5,2.59572,7,1,79.60000000000001,29,32,2,0,Ligand_11879
417.10262356,4,2.645620000000001,7,1,79.60000000000001,28,31,2,0,Ligand_11880
397.157245976,3,2.931360000000001,7,1,79.60000000000001,28,31,2,0,Ligand_11881
389.188546104,3,2.3707199999999995,7,1,79.60000000000001,27,30,2,0,Ligand_11882
446.24639532800006,6,2.4450199999999995,8,1,82.84,31,34,2,0,Ligand_11883
443.14496704,6,2.7566200000000007,8,1,79.60000000000001,30,33,2,0,Ligand_11884
297.10347908800003,3,2.339600000000001,3,1,74.67999999999999,20,21,3,0,Ligand_11888
479.172621268,8,2.3105200000000004,8,1,128.04000000000002,33,35,2,0,Ligand_11891
364.10929274,7,1.85202,6,1,98.5,25,27,2,0,Ligand_11892
465.156971204,7,1.87412,8,0,119.25,32,34,1,0,Ligand_11893
435.182792028,8,2.1276199999999994,7,0,92.95000000000002,30,32,1,0,Ligand_11894
397.211389724,8,2.8841400000000013,7,1,90.64,29,31,5,0,Ligand_11895
367.164439532,5,2.02726,7,1,90.64,27,30,3,0,Ligand_11896
382.200490692,10,2.5735,6,1,78.27,28,30,4,0,Ligand_11897
429.118083596,3,3.5444600000000026,6,2,87.63,29,32,1,0,Ligand_11898
449.2314564720001,7,4.406720000000003,5,2,83.80000000000001,33,36,1,0,Ligand_11899
460.2144265040001,5,3.312000000000001,6,1,83.88,32,35,3,0,Ligand_11903
463.25833991600007,6,4.015460000000004,6,1,89.35,34,37,1,0,Ligand_11905
391.066048024,6,2.530320000000001,6,2,97.39,26,28,4,0,Ligand_11909
355.1024335320001,7,2.04532,5,2,88.16,23,24,3,0,Ligand_11910
403.1024335320001,7,2.5503400000000003,5,2,88.16000000000001,27,29,3,0,Ligand_11911
387.169524912,4,3.3065200000000017,5,2,106.66,29,32,3,0,Ligand_11912
413.109959348,3,3.2019200000000003,5,2,106.66,30,33,3,0,Ligand_11913
375.133139404,4,2.19172,6,2,115.89,28,31,3,0,Ligand_11914
409.094167052,5,2.926800000000001,6,2,115.89,29,32,3,0,Ligand_11915
407.114902496,4,3.651500000000002,5,2,106.66,29,32,3,0,Ligand_11916
455.099646356,6,2.5539000000000005,8,2,134.35,32,35,3,0,Ligand_11917
425.089081672,5,2.6324,7,3,136.12,30,33,3,0,Ligand_11918
405.143704088,5,2.20032,7,2,125.12,30,33,4,0,Ligand_11919
405.143704088,5,2.2003200000000005,7,2,125.12,30,33,4,0,Ligand_11920
451.210721028,7,4.202500000000003,5,1,88.17999999999999,33,36,4,0,Ligand_11922
445.130756456,7,1.7039999999999995,7,1,110.84999999999998,31,34,1,0,Ligand_11925
421.167141964,4,1.8835,6,0,92.83,29,32,1,0,Ligand_11926
473.144298344,6,3.131520000000002,7,0,79.28000000000002,32,35,5,0,Ligand_11930
495.068940484,6,3.0707000000000013,8,1,97.29999999999998,32,35,5,0,Ligand_11931
428.97827434400006,4,4.119200000000002,6,1,77.13,26,29,4,0,Ligand_11933
473.2348276,8,3.301800000000002,7,2,74.27000000000001,33,36,1,0,Ligand_11934
461.125671076,7,2.0348999999999995,8,1,120.07999999999998,32,35,1,0,Ligand_11935
486.13954731199993,4,2.3379000000000003,8,1,91.31,33,37,1,0,Ligand_11936
498.13954731199993,4,2.531900000000001,8,1,99.15,34,38,1,0,Ligand_11937
459.12864828,7,2.738100000000001,7,2,96.86,31,34,1,0,Ligand_11938
472.13513062800007,3,1.42772,9,1,107.86,32,36,1,0,Ligand_11939
413.242689852,8,2.5754,7,1,84.78,30,33,2,0,Ligand_11944
424.174669868,8,2.180699999999999,8,1,100.0,31,34,2,0,Ligand_11945
384.098918084,4,3.0814200000000014,6,1,81.53999999999999,27,30,4,0,Ligand_11946
380.14845512,5,2.4366200000000005,7,1,90.77,28,31,4,0,Ligand_11947
415.20082504,6,2.882960000000001,6,1,81.81,31,34,5,0,Ligand_11948
369.1147124680001,4,2.17462,3,1,78.84,26,28,4,0,Ligand_11953
349.109627088,2,0.71702,4,0,79.28,24,26,5,0,Ligand_11954
431.115106392,6,2.2143,6,1,106.53,30,32,4,0,Ligand_11955
391.15657728,3,2.3479,4,0,79.27999999999999,27,29,5,0,Ligand_11956
399.125277152,5,2.4358000000000004,4,1,88.07,28,30,4,0,Ligand_11957
451.14132114,4,0.9325,7,0,106.97,31,34,5,0,Ligand_11958
427.083806264,4,2.1198,6,1,114.37,30,33,4,0,Ligand_11959
415.044976144,4,2.6801000000000004,5,1,101.21,28,30,4,0,Ligand_11960
358.11985742400003,5,0.7755000000000001,7,0,94.91,24,25,3,0,Ligand_11964
393.135841836,5,1.3311999999999995,7,0,81.08000000000001,27,29,5,0,Ligand_11965
393.13584183600005,5,1.3311999999999995,7,0,81.08000000000001,27,29,5,0,Ligand_11967
396.135507488,9,1.7399999999999998,7,1,95.86,27,28,3,0,Ligand_11968
461.144298344,6,2.6888000000000005,5,2,109.57,31,33,2,0,Ligand_11971
358.136256436,7,1.5215999999999998,4,1,75.71000000000001,24,25,3,0,Ligand_11974
392.0413104960001,5,3.0387200000000005,6,2,101.05,26,28,1,0,Ligand_11976
340.066382372,5,2.2418200000000006,6,2,101.05,22,23,1,0,Ligand_11977
382.0769470560001,6,1.7301999999999995,7,1,101.49,25,27,5,0,Ligand_11978
396.0925971200001,6,2.03862,7,1,101.49,26,28,5,0,Ligand_11979
372.036225116,4,0.9504,7,1,101.49,24,26,4,0,Ligand_11980
461.09915972,5,2.748820000000001,7,1,95.5,31,34,4,0,Ligand_11981
380.0976825,6,2.6642,6,1,92.26,25,27,4,0,Ligand_11982
366.082032436,4,2.2725,6,1,92.26,24,26,3,0,Ligand_11983
380.0976825,5,2.662600000000001,6,1,92.26,25,27,3,0,Ligand_11984
410.1082471840001,6,2.42872,7,1,101.49,27,29,5,0,Ligand_11985
355.15320615199994,6,2.5985200000000006,6,1,74.09,26,28,4,0,Ligand_11988
479.24450142000006,9,1.6031999999999995,7,2,95.39,35,38,1,0,Ligand_11989
410.23179082,9,3.379360000000002,6,1,77.75,30,32,3,0,Ligand_11991
458.02595280800006,8,1.7506,7,3,132.64,27,28,4,0,Ligand_12004
470.0259528080001,8,1.9101,7,3,140.48,28,29,4,0,Ligand_12005
458.0259528080001,8,1.7505999999999995,7,3,132.64,27,28,4,0,Ligand_12006
411.143035392,7,2.194,7,2,111.65,30,32,2,0,Ligand_12009
378.13280505600005,4,2.4557,7,1,86.85999999999999,28,31,5,0,Ligand_12010
475.1235629,7,2.3566000000000003,8,2,106.09,32,35,1,0,Ligand_12011
351.20591042000007,5,3.9705600000000025,5,2,83.56,26,28,3,0,Ligand_12024
351.125277152,4,0.8300999999999994,6,3,96.53,24,26,2,0,Ligand_12025
377.140927216,6,1.7481999999999998,5,1,80.63999999999999,26,28,5,0,Ligand_12026
377.140927216,4,1.91514,5,1,80.64000000000001,26,28,5,0,Ligand_12029
393.13584183600005,6,0.9845999999999996,6,1,89.87,27,29,5,0,Ligand_12030
397.0863048,4,2.260120000000001,5,1,80.64000000000001,26,28,5,0,Ligand_12031
460.1780409960001,5,2.1271999999999998,6,1,100.95,32,35,1,0,Ligand_12032
471.182792028,5,2.9886000000000017,5,1,96.02,33,36,1,0,Ligand_12033
376.10929274,5,1.919,5,1,84.94000000000001,26,28,3,0,Ligand_12035
376.10929274,4,2.5497200000000007,5,1,84.94000000000001,26,28,1,0,Ligand_12036
409.1849002039999,12,1.8151,9,1,114.17000000000002,29,30,5,0,Ligand_12037
343.15320615199994,4,2.6976000000000004,6,1,86.48,25,28,1,0,Ligand_12038
422.141261564,2,2.3368,6,0,75.51,30,34,2,0,Ligand_12039
430.20386182,6,2.758800000000001,6,1,84.30000000000001,30,33,4,0,Ligand_12040
427.120191772,5,2.3216,7,1,99.51999999999998,30,33,4,0,Ligand_12041
434.162390932,5,2.8241000000000014,6,2,96.13,30,32,5,0,Ligand_12042
416.120606372,7,3.3287400000000016,5,1,89.27,29,31,2,0,Ligand_12045
455.216869028,7,1.1746200000000004,9,0,90.54000000000002,33,36,2,0,Ligand_12047
409.167141964,7,2.0739,6,1,101.62,28,30,1,0,Ligand_12050
325.142641468,4,2.839740000000001,5,1,77.12,24,26,5,0,Ligand_12053
447.092262772,5,2.636400000000001,8,2,106.09,30,33,1,0,Ligand_12054
477.102827456,6,2.6450000000000005,9,2,115.32,32,35,1,0,Ligand_12055
449.18854610400007,6,4.555300000000004,6,2,87.22,32,35,2,0,Ligand_12058
402.1249428039999,7,3.313900000000001,6,1,88.96000000000001,28,30,5,0,Ligand_12060
358.098728056,5,2.9152000000000005,5,1,79.73,25,27,5,0,Ligand_12061
241.096359972,1,1.09644,5,1,75.94,18,20,2,0,Ligand_12062
317.1276601,3,2.37882,5,1,75.94,24,27,2,0,Ligand_12063
311.13822478400004,4,1.5269999999999997,6,2,84.30999999999999,23,26,3,0,Ligand_12064
379.108958392,7,1.8829,6,0,86.05000000000001,26,28,2,0,Ligand_12065
393.124608456,7,2.19132,6,0,86.05000000000001,27,29,2,0,Ligand_12068
391.1453439,6,2.7995600000000014,5,0,76.82,27,29,2,0,Ligand_12069
321.045108684,3,1.9926999999999992,7,1,78.21000000000001,21,23,2,0,Ligand_12070
336.04477433600005,4,3.0626000000000007,5,2,83.98,22,23,3,0,Ligand_12071
349.03216105199994,5,1.5490000000000002,6,1,89.02,21,22,3,0,Ligand_12073
442.12750332,6,3.337200000000002,5,2,78.09,31,34,1,0,Ligand_12074
369.099456328,3,0.4802999999999998,6,1,105.25,25,27,1,0,Ligand_12078
346.098728056,4,2.14662,4,1,75.71,24,26,2,0,Ligand_12079
346.098728056,3,2.7435600000000004,4,2,84.5,24,26,5,0,Ligand_12080
366.04410564,4,2.45782,4,2,84.5,24,26,2,0,Ligand_12081
375.125277152,5,1.87042,5,2,87.74000000000001,26,28,2,0,Ligand_12082
328.088163372,3,2.9457400000000007,3,2,79.03,23,25,4,0,Ligand_12083
459.14640652,6,1.7431999999999992,6,2,114.04,32,35,4,0,Ligand_12084
457.167141964,6,2.08552,5,2,104.81000000000002,32,35,4,0,Ligand_12085
447.126420024,5,1.8736999999999997,5,2,104.81,31,34,4,0,Ligand_12086
441.135841836,5,2.5761000000000003,5,2,108.57,31,34,1,0,Ligand_12087
439.15657728,4,3.184340000000001,4,2,99.34,31,34,1,0,Ligand_12088
393.151097976,6,4.016760000000002,4,2,74.85,28,30,5,0,Ligand_12094
432.14519958,8,3.221700000000002,5,1,77.10000000000001,30,32,1,0,Ligand_12099
437.171748676,5,2.9712000000000014,5,1,88.18,30,32,1,0,Ligand_12101
446.160849644,8,3.6102000000000016,5,1,77.10000000000001,31,33,1,0,Ligand_12102
454.196467932,6,1.3037,9,1,120.06,33,36,2,0,Ligand_12106
407.1957396600001,7,2.5733000000000006,7,1,90.52,30,33,1,0,Ligand_12107
474.1460721719999,10,2.907020000000001,8,1,116.96,33,35,2,0,Ligand_12108
311.126991404,3,2.44964,5,1,77.12,23,25,5,0,Ligand_12109
364.1535405,6,2.647220000000001,6,1,81.53999999999999,27,30,2,0,Ligand_12110
368.128468624,6,2.477900000000001,6,1,81.53999999999999,27,30,2,0,Ligand_12111
392.105544752,6,3.171400000000001,9,0,79.36,28,32,5,0,Ligand_12112
372.079330004,3,3.9970000000000026,8,0,74.04,27,32,3,0,Ligand_12113
389.195070964,8,3.143900000000002,7,1,95.71,28,30,3,0,Ligand_12116
329.1739415960001,6,3.1267000000000014,5,1,77.25,24,26,3,0,Ligand_12117
329.1739415960001,6,3.1267000000000014,5,1,77.25,24,26,3,0,Ligand_12118
331.15320615200005,7,1.973,6,1,86.48,24,26,3,0,Ligand_12119
397.1208604680001,5,3.0364400000000016,7,3,117.1,28,30,5,0,Ligand_12122
441.172227344,8,3.617020000000003,7,1,84.67,31,34,3,0,Ligand_12123
455.1514919,7,3.274800000000001,7,1,115.73,32,35,3,0,Ligand_12124
373.109627088,4,2.5192000000000005,7,0,79.79,26,29,3,0,Ligand_12125
404.221226136,6,4.064600000000003,4,2,76.02000000000001,30,33,2,0,Ligand_12126
326.137890436,5,2.0972,5,2,89.16,24,26,2,0,Ligand_12127
340.1535405,6,2.4873000000000003,5,2,89.16,25,27,2,0,Ligand_12128
372.1256115000001,6,2.0527,5,2,93.09,26,28,2,0,Ligand_12129
419.097348152,4,2.2503,6,1,78.95,28,31,5,0,Ligand_12131
419.097348152,4,2.2503,6,1,78.95,28,31,5,0,Ligand_12132
378.104956308,4,2.35792,4,1,75.71,26,28,2,0,Ligand_12133
301.142641468,8,1.2440999999999998,5,2,86.47,22,23,5,0,Ligand_12134
305.148789468,8,0.5700999999999998,7,3,115.3,22,23,5,0,Ligand_12135
369.1147124680001,4,3.363620000000002,6,1,73.22,26,29,4,0,Ligand_12140
403.1453439,7,2.598320000000001,5,0,72.91,28,30,3,0,Ligand_12144
335.10521040400005,4,0.5099199999999995,6,1,97.19,23,25,2,0,Ligand_12146
349.10087397200004,4,1.6671600000000002,6,1,89.25,24,26,2,0,Ligand_12151
343.07236898799994,5,3.927400000000002,5,1,77.25,24,26,2,0,Ligand_12152
338.137890436,4,2.2876000000000003,6,0,75.61000000000001,25,28,1,0,Ligand_12153
416.10420736,6,2.3310200000000005,6,2,118.64,29,31,2,0,Ligand_12154
432.09912198,6,1.91502,7,2,127.87,30,32,2,0,Ligand_12155
418.119857424,7,2.2430000000000003,6,1,102.01,29,31,2,0,Ligand_12156
424.049584944,6,2.482,6,2,110.8,28,30,2,0,Ligand_12157
422.070320388,6,2.4933,5,1,92.78000000000002,28,30,2,0,Ligand_12158
438.065235008,6,2.790420000000001,6,2,110.8,29,31,2,0,Ligand_12159
408.054670324,5,2.7818200000000006,5,2,101.57,27,29,2,0,Ligand_12160
424.049584944,6,2.482,6,2,110.8,28,30,2,0,Ligand_12161
436.085970452,7,2.502020000000001,5,2,101.57,29,31,2,0,Ligand_12162
405.08169808800005,5,2.625220000000001,6,2,105.23,27,29,2,0,Ligand_12163
438.047476768,6,3.252900000000001,5,2,92.34,28,30,2,0,Ligand_12164
450.091928424,7,2.939000000000001,7,2,110.8,30,32,2,0,Ligand_12165
432.117749248,6,4.045200000000002,5,2,92.34,29,31,2,0,Ligand_12166
448.07627836000006,6,2.708400000000001,7,2,118.64,30,32,2,0,Ligand_12167
340.07290723200003,6,1.6192999999999995,6,2,106.72,23,24,4,0,Ligand_12168
393.13584183600005,6,2.4588,5,2,100.73,27,29,1,0,Ligand_12169
338.057257168,5,1.0085,6,2,106.72,23,25,2,0,Ligand_12170
361.1460125960001,6,2.1618,3,2,82.27000000000001,25,27,3,0,Ligand_12171
322.098728056,6,1.63072,4,2,88.25999999999999,22,23,5,0,Ligand_12172
375.1616626600001,6,2.4702200000000003,3,2,82.27000000000001,26,28,3,0,Ligand_12173
379.1024335320001,5,3.1635000000000018,4,2,82.27000000000001,25,27,3,0,Ligand_12174
397.16714196400005,5,1.6045999999999998,5,1,99.78,27,29,5,0,Ligand_12175
365.12094072,4,2.889120000000001,3,2,82.27000000000001,25,27,3,0,Ligand_12176
381.09139018,4,3.403420000000001,3,2,82.27000000000001,25,27,3,0,Ligand_12177
294.06742792800003,5,1.2798,4,2,88.25999999999999,20,21,5,0,Ligand_12178
347.13036253200005,4,2.750020000000001,3,2,82.27000000000001,24,26,3,0,Ligand_12179
372.098918084,5,3.4986200000000016,6,1,78.27,26,28,5,0,Ligand_12186
421.0878460880001,8,1.2988999999999995,9,1,115.55,28,30,3,0,Ligand_12188
401.0375034720001,5,3.997320000000003,5,1,77.25,25,27,4,0,Ligand_12189
357.08801905200005,5,3.888220000000002,5,1,77.25,25,27,4,0,Ligand_12190
394.156242932,5,2.18462,5,2,101.57,27,29,5,0,Ligand_12191
398.184171932,7,2.9143000000000017,5,1,77.10000000000001,29,31,2,0,Ligand_12199
342.149204068,7,2.01577,5,2,86.03,25,27,1,0,Ligand_12200
329.034937924,5,0.7172999999999998,5,2,108.04999999999998,21,22,4,0,Ligand_12201
320.14845511999994,8,2.2531,6,2,98.36,23,24,3,0,Ligand_12202
334.0964998,7,1.0080999999999996,5,2,97.64,24,25,1,0,Ligand_12203
385.11931918,4,2.617820000000001,3,2,78.51,27,29,2,0,Ligand_12204
335.051066656,4,1.88632,8,1,97.73000000000002,22,24,5,0,Ligand_12205
388.088849132,5,2.26309,8,5,145.45999999999998,26,28,2,0,Ligand_12207
458.252920188,3,2.843000000000001,5,1,91.42,33,36,1,0,Ligand_12208
279.06553402,3,0.9796,7,0,83.31,20,21,5,0,Ligand_12210
366.169190564,5,3.462060000000002,6,1,78.27,27,29,5,0,Ligand_12213
409.076612708,7,1.95022,8,1,99.0,27,29,4,0,Ligand_12217
384.995775544,4,2.52722,7,1,89.76999999999998,24,26,1,0,Ligand_12218
379.029662516,4,1.6518199999999998,8,1,106.84,25,27,4,0,Ligand_12219
363.071133404,4,2.736040000000001,6,1,80.53999999999999,24,26,5,0,Ligand_12220
386.071861676,3,0.52722,8,0,101.29,25,27,1,0,Ligand_12221
385.109627088,7,2.577,6,1,102.16,27,29,5,0,Ligand_12222
407.977939996,4,3.398000000000001,5,2,88.41,24,26,1,0,Ligand_12224
432.09259712,7,3.322620000000001,7,1,101.49,29,31,1,0,Ligand_12225
370.076947056,7,2.1104000000000003,7,1,101.49,24,25,1,0,Ligand_12226
384.09259712,7,2.3564000000000007,7,1,101.49,25,26,1,0,Ligand_12227
398.108247184,9,2.890600000000001,7,1,101.49,26,27,1,0,Ligand_12228
368.0976825,6,2.7186400000000006,6,1,92.26,24,25,1,0,Ligand_12229
382.113332564,6,2.964640000000002,6,1,92.26,25,26,1,0,Ligand_12230
383.0551469039999,4,2.4885,4,2,78.51,26,28,2,0,Ligand_12235
548.151883736,8,1.9447999999999992,8,3,140.74999999999997,39,42,3,0,Ligand_12236
427.081361652,5,2.28392,4,2,95.58,29,31,5,0,Ligand_12237
441.097011716,6,2.3264200000000006,4,2,95.58,30,32,5,0,Ligand_12238
389.119855336,6,1.1928,5,2,96.97,27,28,3,0,Ligand_12239
442.152871804,7,3.8884000000000025,6,1,86.63,33,36,5,0,Ligand_12241
442.152871804,7,3.8884000000000025,6,1,86.63000000000001,33,36,5,0,Ligand_12242
456.168521868,7,4.196820000000003,6,1,86.63000000000001,34,37,5,0,Ligand_12243
486.179086552,9,4.287100000000002,7,1,95.86,36,39,5,0,Ligand_12244
446.103334768,6,4.5332000000000034,5,1,77.4,32,35,5,0,Ligand_12245
469.22465684,10,1.4317000000000013,6,1,97.41,32,34,3,0,Ligand_12246
425.198442092,7,1.379000000000001,5,1,88.18,29,31,2,0,Ligand_12247
467.245392284,10,2.585400000000001,5,1,88.18,32,34,3,0,Ligand_12248
342.157957184,7,3.5592200000000025,5,2,76.63000000000001,25,27,3,0,Ligand_12250
314.126657056,6,3.06592,4,3,87.49000000000001,23,25,3,0,Ligand_12251
445.2001563440001,9,4.043600000000003,5,1,80.76,33,36,4,0,Ligand_12254
324.060234372,6,2.0578000000000003,4,1,80.47,21,22,5,0,Ligand_12256
310.044584308,4,1.98052,4,1,80.47,20,21,5,0,Ligand_12257
429.135841836,5,2.1436199999999994,5,1,96.02,30,33,1,0,Ligand_12258
457.167141964,4,2.779720000000001,5,1,96.02,32,35,2,0,Ligand_12259
374.075884436,5,3.7156400000000014,5,1,76.13,25,27,3,0,Ligand_12260
402.107184564,7,3.4358400000000024,5,1,76.13,27,29,3,0,Ligand_12261
489.266127728,6,3.720200000000002,4,2,95.58,34,37,1,0,Ligand_12262
483.219177536,7,3.341700000000002,4,2,95.58,34,37,1,0,Ligand_12263
486.069713672,5,3.6056000000000017,6,3,125.56,34,37,3,0,Ligand_12264
388.0915345,6,3.393340000000002,5,1,76.13,26,28,3,0,Ligand_12265
255.059900024,5,-0.1069999999999997,4,1,80.31,15,15,4,0,Ligand_12266
436.174669868,8,2.033899999999999,8,1,96.09,32,35,1,0,Ligand_12268
376.1535405,6,2.3643,6,1,77.63,28,31,1,0,Ligand_12269
486.274324328,8,2.98464,7,1,74.88,36,40,1,0,Ligand_12270
444.171892996,8,2.9124000000000017,5,1,84.94000000000001,31,34,4,0,Ligand_12271
421.167141964,4,1.8369999999999995,5,0,87.22999999999999,29,32,4,0,Ligand_12272
461.162056584,7,2.2605000000000004,6,1,105.25,32,34,3,0,Ligand_12274
429.172227344,6,2.482,4,1,86.79,30,32,3,0,Ligand_12275
443.1514919,6,2.445900000000001,5,1,103.86,31,33,3,0,Ligand_12276
471.182792028,5,3.0321000000000016,5,1,96.02,33,36,4,0,Ligand_12277
447.219177536,4,2.8337000000000003,4,1,86.79,31,34,4,0,Ligand_12278
485.198442092,6,3.422200000000003,5,1,96.02,34,37,4,0,Ligand_12279
445.167141964,8,2.6899000000000006,5,2,104.81,31,33,3,0,Ligand_12280
461.162056584,8,2.3084,6,2,114.04,32,34,3,0,Ligand_12281
455.187877408,4,3.331920000000002,4,1,86.79,32,35,4,0,Ligand_12282
455.187877408,5,2.701200000000001,4,1,86.79,32,35,4,0,Ligand_12283
433.203527472,3,2.3973000000000004,4,0,78.0,30,33,4,0,Ligand_12284
429.172227344,7,2.3111,4,1,86.79,30,32,4,0,Ligand_12285
435.101954864,6,2.944600000000001,4,2,95.58,29,31,3,0,Ligand_12286
463.133254992,8,2.6648000000000014,4,2,95.58,31,33,3,0,Ligand_12287
445.167141964,8,1.9775,5,2,104.81,31,33,3,0,Ligand_12288
433.147155468,6,2.7387200000000007,4,2,95.58,30,32,3,0,Ligand_12289
419.131505404,6,2.4303,4,2,95.58,29,31,3,0,Ligand_12290
449.117604928,6,3.253020000000002,4,2,95.58,30,32,3,0,Ligand_12291
449.117604928,7,2.622300000000001,4,2,95.58,30,32,3,0,Ligand_12292
433.203527472,6,2.3011,4,1,86.78999999999999,30,33,4,0,Ligand_12293
449.198442092,7,1.5374999999999996,5,1,96.02,31,34,4,0,Ligand_12294
400.156911628,8,3.536920000000002,6,1,80.37,28,30,1,0,Ligand_12295
494.252920188,6,5.086200000000005,8,0,95.26,36,39,2,0,Ligand_12300
472.2335221360001,7,2.7342200000000005,9,1,100.78,35,39,1,0,Ligand_12301
394.211724072,7,2.7188000000000008,7,0,75.86,29,32,1,0,Ligand_12302
382.1917375760001,5,3.071000000000001,6,1,75.42,28,31,1,0,Ligand_12303
368.196074008,6,2.2026000000000003,7,1,88.56,27,30,1,0,Ligand_12304
330.21680945200006,6,1.8194,6,1,75.42,24,26,1,0,Ligand_12305
387.27465867600006,9,1.7511999999999996,7,1,78.66,28,30,1,0,Ligand_12306
358.24810958000006,7,2.4555000000000007,6,1,75.42,26,28,1,0,Ligand_12307
360.22737413600004,8,1.4458999999999993,7,1,84.64999999999999,26,28,1,0,Ligand_12308
503.3372589320001,8,3.9384400000000026,7,1,78.66,37,41,2,0,Ligand_12310
425.21753772400007,7,1.4646,9,1,97.12,31,34,1,0,Ligand_12312
450.23793882000007,9,2.3378000000000005,8,1,101.71999999999998,33,36,1,0,Ligand_12313
489.3216088680001,8,3.692440000000002,7,1,78.66,36,40,2,0,Ligand_12314
451.23318778800007,6,1.2509,9,0,88.33,33,37,1,0,Ligand_12315
465.2164751040001,6,4.589060000000004,6,1,81.29,35,39,3,0,Ligand_12316
465.2164751040001,6,4.589060000000004,6,1,81.29,35,39,3,0,Ligand_12317
368.14845512,6,2.8538200000000007,7,1,87.5,27,29,5,0,Ligand_12318
500.289974392,7,3.988540000000003,7,0,75.74,37,41,5,0,Ligand_12319
398.159019804,7,2.862420000000001,8,1,96.73,29,31,2,0,Ligand_12320
232.096025624,3,0.6832199999999997,5,1,83.03,17,18,5,0,Ligand_12321
462.2114492999999,9,0.0682000000000015,8,2,127.79,33,35,4,0,Ligand_12322
506.102683136,9,1.5878199999999996,6,3,141.42999999999998,34,36,5,0,Ligand_12323
488.136570108,9,0.9005200000000005,7,3,150.65999999999997,34,36,5,0,Ligand_12324
472.141655488,8,1.2003399999999995,6,3,141.42999999999998,33,35,5,0,Ligand_12325
472.141655488,7,1.8310599999999997,6,3,141.42999999999998,33,35,5,0,Ligand_12326
518.147134792,10,1.6215199999999994,8,3,159.88999999999996,36,38,5,0,Ligand_12327
476.116583612,8,1.7434199999999995,6,3,141.42999999999998,33,35,5,0,Ligand_12328
502.152220172,10,1.29062,7,3,150.65999999999997,35,37,5,0,Ligand_12329
472.141655488,8,1.91274,6,3,141.42999999999998,33,35,5,0,Ligand_12330
532.181412124,13,2.931400000000001,9,2,111.55,36,39,5,0,Ligand_12331
426.120920044,8,-1.4150999999999965,9,2,145.57,29,30,1,0,Ligand_12332
476.136570108,8,0.5615000000000001,9,2,137.73,33,35,3,0,Ligand_12333
463.120191772,6,3.7963200000000015,6,2,110.0,33,36,5,0,Ligand_12334
483.065569356,6,4.141300000000002,6,2,110.0,33,36,5,0,Ligand_12335
479.209006776,9,2.3233,7,1,106.93999999999998,33,35,5,0,Ligand_12336
494.115914916,8,2.1935,8,3,140.26,34,36,5,0,Ligand_12337
391.1280540240001,6,1.7291999999999994,9,0,101.13,29,32,5,0,Ligand_12338
366.205576072,4,4.422000000000003,6,1,83.03,27,30,5,0,Ligand_12340
468.135507488,8,4.178300000000003,7,2,106.98,33,36,4,0,Ligand_12341
318.096419548,5,0.9300399999999998,6,3,134.41,23,24,3,0,Ligand_12342
477.102827456,6,2.6450000000000005,9,2,115.32,32,35,1,0,Ligand_12344
415.102433532,5,2.2258,6,2,87.63,28,31,1,0,Ligand_12345
373.124940716,3,2.1289,5,2,91.23,26,27,2,0,Ligand_12346
415.176815784,5,-0.6300999999999997,8,2,122.25,30,33,2,0,Ligand_12347
488.253588884,9,1.9578999999999989,8,1,88.38999999999999,36,40,2,0,Ligand_12348
432.183126376,6,2.8631400000000014,6,1,95.75,30,32,1,0,Ligand_12349
419.115106392,8,1.1248999999999991,7,2,119.64,29,31,2,0,Ligand_12350
411.100125024,4,3.3535200000000014,6,3,114.87,29,32,1,0,Ligand_12351
393.051633544,3,4.524200000000002,6,1,86.48000000000002,28,32,1,0,Ligand_12352
371.18450628,5,2.675840000000001,6,2,87.74000000000001,27,29,1,0,Ligand_12353
442.25800556799993,11,2.639500000000001,7,2,90.98,32,34,1,0,Ligand_12354
421.2689046,9,0.7549000000000012,8,2,94.22,30,32,1,0,Ligand_12355
309.168856216,6,0.7731000000000001,6,1,78.95,22,23,4,0,Ligand_12356
454.25800556799993,7,2.19362,7,1,82.19,33,36,1,0,Ligand_12357
459.22818266,7,0.9343000000000006,8,1,85.43,33,36,1,0,Ligand_12358
455.253254536,8,0.7908000000000011,8,1,85.43,33,36,1,0,Ligand_12359
423.125277152,7,3.8283200000000015,7,1,86.35999999999999,30,33,1,0,Ligand_12360
513.184603596,6,1.9798,6,1,94.96,36,39,2,0,Ligand_12361
556.1991703639999,9,2.714900000000001,8,1,119.41,39,42,2,0,Ligand_12362
480.192818468,8,3.5339000000000027,5,2,75.60000000000001,34,37,2,0,Ligand_12363
493.09753818,5,5.1327400000000045,8,1,98.48,34,38,5,0,Ligand_12364
455.1878774079999,9,3.9028000000000023,7,1,72.92,32,35,1,0,Ligand_12366
491.172417372,8,3.1816000000000013,6,1,89.22999999999999,35,39,4,0,Ligand_12367
397.15724597600007,4,2.3006400000000005,7,1,79.60000000000001,28,31,2,0,Ligand_12368
449.08121942,5,2.00152,7,1,107.24,30,32,3,0,Ligand_12369
487.159948408,6,3.7240600000000033,7,1,88.07,33,36,5,0,Ligand_12370
364.1535405,5,2.4705200000000005,6,1,81.53999999999999,27,30,4,0,Ligand_12371
445.094370948,5,1.9344,7,1,115.76,31,34,4,0,Ligand_12372
405.099456328,6,1.4763999999999995,6,1,110.44,28,30,4,0,Ligand_12373
393.135841836,5,1.6257999999999997,5,1,97.3,27,29,4,0,Ligand_12374
433.11076996,6,2.0225,5,1,97.3,30,32,4,0,Ligand_12375
393.135841836,4,1.5794999999999997,5,0,88.50999999999999,27,29,5,0,Ligand_12376
336.11437812,6,1.64112,5,1,77.4,23,24,3,0,Ligand_12377
417.081698088,4,2.6278000000000006,7,2,96.86,28,31,1,0,Ligand_12379
301.109627088,4,0.1275000000000004,5,1,82.71000000000001,20,21,5,0,Ligand_12380
298.062342548,5,1.215,5,1,92.61,20,21,5,0,Ligand_12381
328.05514899200006,6,1.69222,5,2,88.25999999999999,21,22,5,0,Ligand_12382
457.167141964,8,2.6899000000000006,5,2,104.81,32,35,3,0,Ligand_12383
378.161328312,8,3.164900000000002,5,2,76.66000000000001,26,27,2,0,Ligand_12388
418.20386181999993,7,1.9873,6,2,73.91000000000001,29,31,2,0,Ligand_12389
442.156242932,8,3.609700000000002,6,2,85.89,31,33,2,0,Ligand_12390
364.145678248,8,2.776400000000001,5,2,76.66000000000001,25,26,2,0,Ligand_12391
392.176978376,8,3.473320000000002,5,2,76.66000000000001,27,28,2,0,Ligand_12395
432.219511884,8,2.3774,6,2,73.91000000000001,30,32,2,0,Ligand_12397
337.1426414680001,6,3.0486400000000016,5,1,77.25,25,27,5,0,Ligand_12399
339.12190602400005,7,2.4404000000000003,6,1,86.48,25,27,5,0,Ligand_12400
357.051633544,4,3.048700000000001,6,1,86.48000000000002,25,28,4,0,Ligand_12401
367.141972772,6,3.091120000000002,5,1,77.77,27,29,2,0,Ligand_12403
367.141972772,6,3.091120000000002,5,1,77.77,27,29,2,0,Ligand_12404
372.077992612,4,1.6788200000000002,5,2,119.47,26,28,5,0,Ligand_12405
431.0861147719999,4,3.3008400000000027,6,0,84.66,29,32,5,0,Ligand_12406
427.108958392,5,2.631100000000001,6,0,93.89,30,33,5,0,Ligand_12407
423.1794209,3,3.1427000000000014,5,1,88.18,31,34,1,0,Ligand_12408
439.1678106600001,10,2.7813000000000008,8,1,90.52,31,34,5,0,Ligand_12410
469.1783753440001,11,2.789900000000001,9,1,99.75,33,36,5,0,Ligand_12411
495.20525878800015,9,2.2086999999999994,10,0,97.86,35,39,5,0,Ligand_12412
396.13684488000007,7,2.1597,8,1,94.18,28,31,5,0,Ligand_12413
399.125277152,4,2.5917000000000003,6,0,75.76,28,31,3,0,Ligand_12418
534.1297088120001,6,3.4421000000000026,9,1,123.33,37,41,1,0,Ligand_12419
386.104876056,7,2.603700000000001,7,3,113.44,27,29,4,0,Ligand_12420
336.083410252,3,2.5226000000000006,5,1,82.51,24,26,4,0,Ligand_12422
368.13722174,6,3.9281200000000025,6,1,82.82000000000001,27,29,1,0,Ligand_12425
323.0398332760001,3,1.0674200000000005,7,0,81.91999999999999,21,23,3,0,Ligand_12426
460.1602827559999,8,3.453520000000002,6,0,73.82000000000001,31,33,2,0,Ligand_12430
335.039833276,3,2.17364,6,1,80.53999999999999,22,24,4,0,Ligand_12431
331.051443516,3,2.60782,5,2,96.61,23,25,1,0,Ligand_12432
349.05548334,3,2.4820600000000006,6,1,80.53999999999999,23,25,4,0,Ligand_12433
351.034747896,4,1.87382,7,1,89.76999999999998,23,25,1,0,Ligand_12434
424.149049376,6,3.5122000000000018,5,2,92.34,28,30,5,0,Ligand_12436
458.19540531199993,7,3.6156000000000015,8,1,112.39,34,37,5,0,Ligand_12439
482.2529201879999,10,3.132600000000001,9,1,111.97,35,37,5,0,Ligand_12440
361.2001563440001,2,2.4031199999999995,4,2,87.74000000000001,26,27,2,0,Ligand_12441
407.136031864,6,0.9366999999999992,9,2,103.31,28,30,2,0,Ligand_12446
329.173941596,7,2.6629200000000006,5,1,77.25,24,26,3,0,Ligand_12447
380.1484551200001,8,2.8054999999999994,6,2,120.34,28,30,2,0,Ligand_12449
329.1739415960001,7,3.1267000000000014,5,1,77.25,24,26,3,0,Ligand_12450
331.15320615200005,6,1.9267,6,0,77.69000000000001,24,26,5,0,Ligand_12452
359.18450628000005,8,3.1353000000000018,6,1,86.48,26,28,3,0,Ligand_12453
389.195070964,9,3.143900000000002,7,1,95.71,28,30,3,0,Ligand_12454
490.019804808,5,3.541100000000003,5,0,83.97000000000001,30,33,4,0,Ligand_12461
461.1063715479999,10,4.371600000000004,5,1,77.77,31,33,1,0,Ligand_12470
348.13213635999995,8,1.7379999999999998,7,1,92.05,25,27,1,0,Ligand_12471
540.2406412519999,5,2.7422000000000004,6,0,90.47,38,42,4,0,Ligand_12472
531.2039213959999,7,3.049300000000001,7,1,114.48000000000002,37,40,4,0,Ligand_12473
505.1419898360001,7,4.188120000000003,10,1,116.94,36,40,5,0,Ligand_12474
491.1263397720001,7,3.8797000000000033,10,1,116.94,35,39,5,0,Ligand_12475
507.113188244,5,5.441160000000004,8,1,98.48,35,39,5,0,Ligand_12476
499.0272657000001,5,5.169300000000002,8,1,98.48,33,37,5,0,Ligand_12477
513.042915764,5,5.477720000000003,8,1,98.48,34,38,5,0,Ligand_12478
411.19065428,5,3.250060000000002,6,3,110.15,30,32,3,0,Ligand_12479
451.214092156,7,2.4313,5,2,104.81000000000002,31,33,4,0,Ligand_12480
422.097013804,7,2.891020000000001,6,2,105.48,28,30,2,0,Ligand_12481
461.125671076,6,1.0802,7,1,114.48,32,35,1,0,Ligand_12482
479.091784104,5,2.03342,6,1,105.25,32,35,1,0,Ligand_12483
491.1362357599999,7,1.0888,8,1,123.71,34,37,1,0,Ligand_12484
477.112519548,6,2.5564,5,1,96.02,32,35,1,0,Ligand_12485
473.162056584,7,1.911599999999999,6,1,105.25,33,36,1,0,Ligand_12486
447.14640652,6,1.8044199999999997,6,1,109.16,31,34,1,0,Ligand_12487
473.162056584,6,2.542320000000001,6,1,105.25,33,36,1,0,Ligand_12488
491.1362357599999,7,1.0888000000000004,8,1,123.71,34,37,1,0,Ligand_12489
488.172955616,6,1.44602,7,1,108.49,34,37,1,0,Ligand_12490
453.139212964,4,1.5472000000000004,6,0,87.23,30,33,1,0,Ligand_12491
453.139212964,4,1.4047000000000005,6,0,87.23,30,33,1,0,Ligand_12492
491.11847752,7,2.1836,7,1,105.25,33,36,1,0,Ligand_12493
475.1235629,7,1.5051,6,1,96.02,32,35,1,0,Ligand_12494
487.177706648,7,2.1575999999999995,6,1,105.25,34,37,1,0,Ligand_12495
459.1286482800001,5,3.247020000000002,5,1,86.79,31,34,1,0,Ligand_12496
495.068940484,6,2.116,6,1,96.02,32,35,1,0,Ligand_12497
495.068940484,5,2.7467200000000007,6,1,96.02,32,35,1,0,Ligand_12498
497.2348276,7,3.727400000000002,4,1,86.79,35,38,4,0,Ligand_12499
449.2348276,7,2.983500000000001,4,2,95.58,31,33,4,0,Ligand_12500
435.219177536,7,2.595,4,2,95.58,30,32,4,0,Ligand_12501
489.266127728,5,3.573300000000001,4,1,86.79,34,37,4,0,Ligand_12502
489.266127728,6,3.763700000000002,4,2,95.58,34,37,4,0,Ligand_12503
473.162056584,6,2.624000000000001,6,1,105.25,33,36,1,0,Ligand_12504
439.15657728,4,3.184340000000001,4,2,99.34,31,34,1,0,Ligand_12505
464.1253367279999,8,2.2343,8,2,129.26,32,34,1,0,Ligand_12506
402.124942804,5,2.8253400000000006,5,2,101.57,28,30,1,0,Ligand_12507
436.085970452,7,2.7546000000000017,5,2,101.57,29,31,2,0,Ligand_12508
412.049584944,6,2.05252,6,2,114.71,27,29,2,0,Ligand_12509
408.179755248,4,2.6469000000000005,5,2,92.26,30,33,2,0,Ligand_12510
412.1302182120001,3,3.2917000000000014,4,2,83.03,29,32,2,0,Ligand_12511
396.135303592,2,3.591520000000002,3,2,73.80000000000001,28,31,5,0,Ligand_12512
303.100776656,2,2.6624800000000004,4,1,74.89,23,25,3,0,Ligand_12513
482.22776806,12,2.277499999999999,9,3,142.61999999999998,35,37,2,0,Ligand_12515
442.0752859480001,6,2.4999199999999995,6,3,114.93,28,30,1,0,Ligand_12516
392.196074008,6,2.35426,6,3,114.93,29,31,1,0,Ligand_12517
452.217203376,9,2.105539999999998,8,3,133.39,33,35,1,0,Ligand_12518
364.12052612,5,1.0046999999999997,7,0,84.86,25,27,3,0,Ligand_12519
382.152871804,5,2.742700000000001,6,0,76.13,28,31,4,0,Ligand_12522
323.090605896,4,2.0521,6,1,90.27,24,27,3,0,Ligand_12526
481.99696118800006,6,4.0744000000000025,5,2,92.34,28,30,2,0,Ligand_12528
383.103669116,5,2.853700000000001,5,1,73.1,27,29,4,0,Ligand_12529
381.132470708,6,1.6550999999999998,7,1,91.56,28,30,2,0,Ligand_12530
379.153206152,6,2.2089,6,1,82.32999999999998,28,30,2,0,Ligand_12531
386.130028184,6,3.8340000000000014,5,2,88.41,27,29,1,0,Ligand_12536
394.03902026,5,3.297500000000002,6,2,97.64,26,28,3,0,Ligand_12537
344.094311372,6,2.7059000000000006,6,2,89.13000000000001,24,26,3,0,Ligand_12539
356.09431137200005,6,2.865400000000001,6,2,96.97,25,27,1,0,Ligand_12540
373.109627088,4,2.0484400000000003,4,2,103.1,26,28,3,0,Ligand_12541
373.109627088,3,1.6548399999999996,6,1,90.17000000000002,26,28,5,0,Ligand_12542
379.18959166,8,3.870320000000003,5,1,73.22,28,30,1,0,Ligand_12543
379.18959166,7,3.8687200000000015,5,1,73.22,28,30,1,0,Ligand_12544
429.0688036,6,3.8526200000000026,5,1,73.22,27,29,1,0,Ligand_12545
365.173941596,7,3.480220000000002,5,1,73.22,27,29,1,0,Ligand_12546
411.19065428,4,1.70012,9,0,91.36,30,33,3,0,Ligand_12547
461.182982056,5,1.4790999999999994,7,0,89.54999999999998,32,35,2,0,Ligand_12549
427.17433552,9,2.5162000000000004,6,1,97.41,31,33,4,0,Ligand_12550
433.163770836,8,4.044500000000003,5,1,92.09,32,35,4,0,Ligand_12551
359.114902496,6,1.9494199999999997,6,1,81.28999999999999,25,27,5,0,Ligand_12552
415.120191772,7,2.8599200000000007,6,2,113.92999999999998,29,31,5,0,Ligand_12553
464.2311221239999,6,3.677500000000003,5,0,76.15,34,37,1,0,Ligand_12556
434.2430242,5,3.094100000000001,7,1,85.16999999999999,32,36,3,0,Ligand_12557
511.12898054,5,5.996100000000005,7,1,89.25,36,40,5,0,Ligand_12558
391.21205842000006,3,2.8028000000000013,7,1,88.83000000000001,29,33,3,0,Ligand_12559
478.269238948,7,3.145200000000001,8,1,94.4,35,39,3,0,Ligand_12560
404.23245951600006,4,3.085500000000001,6,1,75.94,30,34,3,0,Ligand_12561
374.18550932400007,6,4.036020000000002,7,2,76.89000000000001,28,31,1,0,Ligand_12562
343.09906240400005,6,2.3594,5,1,73.22,24,26,3,0,Ligand_12563
404.140592868,6,2.3657200000000005,5,1,96.69,28,30,2,0,Ligand_12566
322.098728056,6,1.8833,4,2,88.25999999999999,22,23,5,0,Ligand_12567
447.1794208999999,8,3.833300000000003,6,1,89.99000000000001,33,36,5,0,Ligand_12568
339.1365105320001,9,1.1177999999999997,9,1,83.32,23,24,4,0,Ligand_12571
339.136510532,9,1.1177999999999997,9,1,83.32000000000001,23,24,4,0,Ligand_12572
464.205969996,10,2.8141,8,1,96.09,34,37,1,0,Ligand_12573
342.169190564,7,1.5237999999999998,6,1,78.15,25,27,4,0,Ligand_12574
459.219177536,4,2.7874000000000008,4,0,78.0,32,36,4,0,Ligand_12578
401.129693836,7,3.651600000000003,6,0,74.60000000000001,28,30,4,0,Ligand_12579
373.098393708,5,2.8714000000000013,6,0,74.60000000000001,26,28,4,0,Ligand_12583
471.182792028,9,2.8019000000000007,6,1,89.87,33,36,3,0,Ligand_12584
427.15657728,7,2.7508000000000017,5,1,80.64,30,33,3,0,Ligand_12585
455.187877408,7,3.5310000000000024,5,1,80.64,32,35,3,0,Ligand_12586
469.203527472,8,3.921100000000004,5,1,80.64,33,36,3,0,Ligand_12587
398.097013804,4,1.7188999999999994,6,0,83.99,26,28,1,0,Ligand_12591
410.133399312,5,3.122100000000001,5,2,92.34,27,29,5,0,Ligand_12593
471.1728960400001,5,5.594140000000004,7,1,89.25,34,38,5,0,Ligand_12594
423.159434404,7,3.1170000000000018,6,1,73.97,31,34,5,0,Ligand_12601
405.1601031,3,2.3657000000000004,5,1,74.22999999999999,30,34,1,0,Ligand_12602
405.1601031,3,2.3657000000000004,5,1,74.22999999999999,30,34,1,0,Ligand_12603
475.250477664,8,3.373600000000001,4,2,95.58,33,36,4,0,Ligand_12605
292.14230712,6,0.8603999999999996,4,2,78.87,21,22,1,0,Ligand_12606
432.051538744,4,1.7011999999999996,5,3,121.6,29,31,4,0,Ligand_12607
402.140256432,7,2.6763000000000003,5,1,88.85000000000001,28,29,3,0,Ligand_12608
416.1042073599999,4,2.0108,6,1,109.85,29,31,1,0,Ligand_12610
359.159354152,5,1.3530999999999995,9,0,89.91000000000001,26,28,4,0,Ligand_12612
454.18840178400006,4,4.069800000000003,7,1,85.16999999999999,32,36,3,0,Ligand_12613
433.15501772,4,2.9933000000000014,6,0,76.51000000000002,32,36,2,0,Ligand_12614
511.21320129200006,6,2.9080000000000013,8,0,88.62999999999998,38,43,3,0,Ligand_12616
365.185174976,5,2.4287400000000003,6,1,81.81,27,30,3,0,Ligand_12618
419.175753164,5,3.2155400000000016,6,1,81.81,31,34,3,0,Ligand_12619
461.206304344,7,3.093640000000001,8,1,100.27,34,37,3,0,Ligand_12620
447.17289604,6,3.798340000000003,7,1,81.81,32,35,3,0,Ligand_12621
443.232125168,8,3.8991400000000023,6,1,81.81,33,36,3,0,Ligand_12622
461.206304344,8,2.922740000000001,8,1,100.27,34,37,3,0,Ligand_12623
491.216869028,9,2.9313400000000014,9,1,109.5,36,39,3,0,Ligand_12624
429.216475104,7,3.604060000000002,6,1,81.81,32,35,3,0,Ligand_12625
429.216475104,7,3.604060000000002,6,1,81.81,32,35,3,0,Ligand_12626
409.247775232,7,2.957020000000001,5,2,83.02000000000001,30,33,5,0,Ligand_12627
390.169190564,5,3.247920000000001,5,1,80.22,29,32,1,0,Ligand_12628
430.098076424,9,-0.3706999999999985,7,3,135.6,28,29,4,0,Ligand_12629
418.07808992800005,8,-0.2401999999999995,6,3,126.37,27,28,4,0,Ligand_12630
443.1297109,9,-0.3132999999999972,7,3,129.61,29,30,4,0,Ligand_12631
221.091274592,2,0.4868199999999998,6,2,92.41,16,17,4,0,Ligand_12632
297.12257472000005,4,2.2355000000000005,6,2,92.41,22,24,1,0,Ligand_12633
302.0361278,2,1.4117799999999998,7,2,109.48000000000002,21,23,5,0,Ligand_12634
457.130756456,6,1.8416,7,0,113.95000000000002,32,35,5,0,Ligand_12635
382.175338564,7,2.1453999999999995,7,3,128.07,28,30,2,0,Ligand_12636
424.185903248,8,1.7546199999999992,8,3,133.39,31,33,2,0,Ligand_12637
416.12667412,8,1.5076999999999992,9,3,133.39,29,31,2,0,Ligand_12638
467.115106392,8,2.373500000000001,7,1,114.90000000000002,33,36,3,0,Ligand_12639
465.07613404,8,3.2135000000000007,7,2,123.16,31,33,5,0,Ligand_12640
396.0346838279999,5,3.818100000000002,5,2,88.41,26,28,4,0,Ligand_12642
404.1848406280001,7,2.7152200000000013,6,1,77.63,30,33,3,0,Ligand_12645
413.2063043440001,7,0.8047200000000001,8,1,90.1,30,33,2,0,Ligand_12646
551.254397408,4,4.317100000000004,7,0,101.12,40,44,4,0,Ligand_12647
432.128982628,3,2.500580000000001,7,0,74.99000000000001,29,32,4,0,Ligand_12648
363.071133404,4,2.736040000000001,6,1,80.53999999999999,24,26,4,0,Ligand_12649
397.032161052,5,2.5472400000000004,6,1,80.54,25,27,4,0,Ligand_12650
379.066048024,5,1.85994,7,1,89.76999999999998,25,27,4,0,Ligand_12651
440.16151834,6,4.262200000000003,6,2,77.41,31,34,2,0,Ligand_12655
460.1722252560001,6,4.498800000000003,6,2,77.41000000000001,33,36,2,0,Ligand_12657
380.140592868,8,2.6854400000000007,5,2,97.49,26,27,3,0,Ligand_12658
407.2069730400001,6,1.6499999999999997,8,1,95.73,30,33,1,0,Ligand_12659
495.0768027360001,6,4.524500000000003,9,1,107.71,34,38,5,0,Ligand_12660
426.170333436,4,2.7860000000000005,5,2,92.26,31,34,2,0,Ligand_12661
475.250477664,5,3.327300000000001,4,1,86.79,33,36,4,0,Ligand_12662
487.214092156,7,3.286620000000002,5,2,108.72,34,37,4,0,Ligand_12663
353.13755608800005,7,2.828900000000001,6,1,86.48000000000002,26,28,5,0,Ligand_12665
455.130362532,5,5.4795400000000045,6,1,77.13,33,37,1,0,Ligand_12666
383.1514919,4,0.8901000000000008,5,1,88.18,26,28,3,0,Ligand_12668
366.1110240560001,4,0.1250999999999993,8,0,110.52,25,27,4,0,Ligand_12669
400.1317595000001,5,1.1817999999999995,8,0,93.45,28,31,5,0,Ligand_12670
438.101620516,6,3.396600000000002,5,1,84.94000000000001,29,31,5,0,Ligand_12671
193.048741084,1,0.0292199999999998,4,2,87.46000000000001,14,15,1,0,Ligand_12672
446.18754306,8,3.831820000000003,5,1,84.94,31,33,5,0,Ligand_12673
458.1082471840001,5,2.907040000000001,6,2,112.23,31,34,2,0,Ligand_12675
351.00805448,4,2.4841,5,2,105.06,23,25,5,0,Ligand_12676
433.130756456,10,2.3483,7,2,123.52,30,32,2,0,Ligand_12677
405.099456328,8,1.9157,7,2,123.52,28,30,2,0,Ligand_12678
381.099456328,5,0.9937,7,1,122.57,26,28,4,0,Ligand_12679
416.11544074,5,1.5494,7,1,108.74,29,32,4,0,Ligand_12680
420.0659037040001,4,2.1942,6,1,99.51000000000002,28,31,1,0,Ligand_12681
331.062676896,4,2.13912,5,2,105.06,23,25,5,0,Ligand_12682
407.078720884,7,1.8565,8,2,132.75,28,30,3,0,Ligand_12683
345.07832696,4,2.44754,5,2,105.06,24,26,5,0,Ligand_12684
412.145678248,7,3.6011000000000024,5,2,76.66000000000001,29,31,2,0,Ligand_12688
435.146202624,5,3.477260000000002,6,1,81.81,31,34,3,0,Ligand_12689
459.227039788,8,3.6126600000000018,7,1,91.04,34,37,3,0,Ligand_12690
421.247775232,5,3.546160000000002,6,0,73.02000000000001,31,34,2,0,Ligand_12691
476.1266741200001,6,2.6924400000000004,8,2,135.94,34,37,1,0,Ligand_12692
492.1215887400001,8,2.4743000000000004,9,2,145.17000000000002,35,38,1,0,Ligand_12693
484.141655488,7,1.9043999999999992,8,1,119.83,34,37,5,0,Ligand_12694
310.073575928,3,-0.4345000000000001,9,0,88.12,21,23,1,0,Ligand_12695
408.13684488,6,2.305720000000001,8,1,98.46000000000002,29,32,4,0,Ligand_12697
273.11134134,5,0.9074999999999998,5,2,84.34,20,21,4,0,Ligand_12700
441.172227344,7,3.3118000000000025,5,1,80.64,31,34,3,0,Ligand_12702
455.187877408,8,3.701900000000003,5,1,80.64,32,35,3,0,Ligand_12703
346.07203464,3,3.326100000000001,5,2,80.15,24,26,2,0,Ligand_12704
432.051538744,4,1.7011999999999996,5,3,121.6,29,31,4,0,Ligand_12705
513.193356712,6,3.200200000000001,6,1,113.09,36,39,4,0,Ligand_12706
485.1984420920001,8,3.070100000000002,5,1,96.02,34,37,5,0,Ligand_12707
387.2158064080001,9,3.9155000000000033,6,1,86.48,28,30,3,0,Ligand_12708
305.137556088,8,1.9519,6,1,100.47,22,23,3,0,Ligand_12709
412.063383872,6,1.4165200000000002,5,1,84.94000000000001,25,26,2,0,Ligand_12710
378.161328312,7,2.900640000000002,5,1,77.4,26,27,4,0,Ligand_12712
473.144298344,4,3.775540000000002,5,2,95.58,32,35,4,0,Ligand_12713
466.1708474400001,4,1.6841000000000002,6,1,90.03,31,34,4,0,Ligand_12714
382.02126202,3,3.8835200000000016,4,2,75.27000000000001,24,26,1,0,Ligand_12715
378.070799056,5,3.320400000000001,5,2,84.5,25,27,2,0,Ligand_12716
420.09912198,7,1.9512,8,1,116.84000000000002,29,31,3,0,Ligand_12720
429.13584183600005,5,1.6440999999999992,7,0,92.82999999999998,30,33,4,0,Ligand_12721
457.167141964,5,2.2609400000000006,7,0,92.83,32,35,4,0,Ligand_12722
374.093642676,5,2.24242,6,1,98.38,26,28,3,0,Ligand_12723
437.1321741,7,3.531100000000001,7,1,81.81,31,34,2,0,Ligand_12724
470.129376552,8,0.966500000000001,7,1,121.93,31,34,1,0,Ligand_12725
450.1096866639999,8,1.9598,9,1,126.07000000000002,31,33,3,0,Ligand_12726
431.131505404,5,3.308620000000002,6,0,75.88,30,33,5,0,Ligand_12727
431.1845062800001,7,4.215800000000003,5,1,80.76,32,35,4,0,Ligand_12730
342.169190564,5,2.3489000000000004,6,1,76.58,25,27,4,0,Ligand_12732
340.1535405,3,2.1029,6,1,76.58000000000001,25,28,4,0,Ligand_12733
342.169190564,5,2.3489000000000004,6,1,76.58,25,27,4,0,Ligand_12734
406.0502536400001,6,2.826900000000001,6,2,114.19,27,29,4,0,Ligand_12736
432.11035536,8,2.1907,8,2,132.65,30,32,4,0,Ligand_12737
416.11544074,7,2.743100000000001,7,2,123.42,29,31,4,0,Ligand_12738
297.11134134,4,3.1290200000000006,5,1,81.16000000000001,22,24,3,0,Ligand_12740
386.104876056,6,2.481920000000001,6,2,114.19,27,29,4,0,Ligand_12741
498.103161804,8,4.029820000000003,10,1,104.05,34,37,5,0,Ligand_12742
408.146740868,7,1.7708599999999994,6,2,121.46,28,29,3,0,Ligand_12743
407.1514919,7,2.3758600000000003,5,2,108.57,28,29,3,0,Ligand_12744
492.204255744,8,1.78614,7,1,112.25,34,36,5,0,Ligand_12745
401.162056584,6,1.7074399999999998,6,2,117.8,27,28,4,0,Ligand_12746
388.145678248,6,2.817800000000001,4,1,75.71,27,29,5,0,Ligand_12747
415.177706648,6,1.7178399999999998,7,1,106.94,28,29,4,0,Ligand_12748
360.11437812,6,2.3005000000000004,4,1,75.71000000000001,25,27,3,0,Ligand_12752
409.147155468,7,2.1309,5,2,91.5,28,30,3,0,Ligand_12754
312.077992612,7,1.3054,5,2,101.4,21,22,5,0,Ligand_12755
433.203527472,7,2.61904,6,1,80.63999999999999,30,32,3,0,Ligand_12756
374.042870056,9,2.1359000000000004,6,1,89.69999999999999,23,24,2,0,Ligand_12760
372.179755248,6,2.3575,7,1,85.81,27,29,4,0,Ligand_12763
370.200490692,7,3.129100000000001,6,1,76.58000000000001,27,29,4,0,Ligand_12764
410.104876056,6,3.6987000000000014,8,1,98.73000000000002,29,32,5,0,Ligand_12765
396.089225992,6,3.137700000000001,8,1,98.73000000000002,28,31,5,0,Ligand_12766
386.130028184,6,4.046120000000004,5,0,72.64,27,29,1,0,Ligand_12767
386.130028184,5,4.100560000000003,5,0,72.64,27,29,1,0,Ligand_12768
416.140592868,8,3.9243200000000025,6,1,90.66,29,31,4,0,Ligand_12769
430.119857424,8,3.4170200000000017,7,0,98.94,30,32,1,0,Ligand_12770
433.112998216,9,2.5582200000000004,6,1,88.60000000000001,29,31,1,0,Ligand_12771
431.097348152,5,3.4250200000000026,7,0,83.72000000000001,29,32,3,0,Ligand_12772
395.107040244,5,2.9994400000000017,3,2,82.27,26,28,3,0,Ligand_12775
419.1514919,6,2.845040000000001,5,2,108.56999999999998,29,31,3,0,Ligand_12776
391.15657728,6,2.35464,4,2,91.5,27,29,3,0,Ligand_12777
446.19877644,5,2.3870400000000007,5,1,85.95,31,34,4,0,Ligand_12778
375.1616626600001,5,2.654460000000001,3,2,82.27,26,28,3,0,Ligand_12779
353.17731272400005,3,2.2881400000000003,3,1,73.48,24,26,4,0,Ligand_12780
437.162056584,7,2.694140000000001,6,2,109.96,30,32,3,0,Ligand_12781
395.107040244,4,3.6301600000000023,3,2,82.27,26,28,3,0,Ligand_12782
458.19877644,5,2.5810400000000007,5,1,93.79,32,35,4,0,Ligand_12783
391.15657728,6,2.3546400000000007,4,2,91.5,27,29,3,0,Ligand_12784
446.19877644,5,2.38704,5,1,85.95,31,34,4,0,Ligand_12785
434.178789944,4,2.517540000000001,4,1,76.72,30,33,4,0,Ligand_12786
375.1616626600001,4,3.0010600000000016,3,1,73.48,26,28,3,0,Ligand_12787
361.1460125960001,4,2.9767600000000014,3,2,82.27,25,27,3,0,Ligand_12788
389.1773127240001,5,3.0783400000000016,3,1,73.48,27,29,3,0,Ligand_12789
387.1616626600001,3,3.009040000000001,3,1,73.48,27,30,4,0,Ligand_12790
405.172227344,6,2.744740000000001,4,2,91.5,28,30,3,0,Ligand_12791
389.1773127240001,5,3.044560000000001,3,2,82.27,27,29,3,0,Ligand_12792
451.177706648,7,3.084240000000001,6,2,109.96,31,33,3,0,Ligand_12793
433.167141964,6,3.235140000000002,5,2,108.56999999999998,30,32,3,0,Ligand_12794
389.1773127240001,4,3.6752800000000025,3,2,82.27,27,29,3,0,Ligand_12795
405.172227344,6,2.744740000000001,4,2,91.5,28,30,3,0,Ligand_12796
425.117604928,5,3.720440000000002,4,2,91.5,28,30,3,0,Ligand_12797
353.17731272400005,3,2.43224,3,1,73.48,24,26,4,0,Ligand_12798
435.165033788,7,3.500540000000002,4,2,82.27,29,31,1,0,Ligand_12799
419.187877408,6,2.755140000000001,5,1,80.63999999999999,29,31,3,0,Ligand_12800
419.187877408,6,2.7551400000000017,5,1,80.63999999999999,29,31,3,0,Ligand_12805
419.187877408,6,2.755140000000001,5,1,80.63999999999999,29,31,3,0,Ligand_12806
439.2140921560001,5,2.23184,6,0,88.91999999999999,30,32,4,0,Ligand_12807
419.1514919,5,2.1177399999999995,6,1,97.71,29,31,4,0,Ligand_12808
409.147155468,4,2.36266,5,1,80.64000000000001,28,30,4,0,Ligand_12809
396.179755248,3,1.5770999999999995,7,0,78.07,29,33,2,0,Ligand_12813
447.092262772,5,2.636400000000001,8,2,106.09,30,33,1,0,Ligand_12815
302.11790394,4,2.606700000000001,6,2,84.07000000000001,22,24,3,0,Ligand_12816
351.11404377199995,8,2.7920000000000016,5,1,85.61,24,25,4,0,Ligand_12817
401.104541708,6,2.984000000000001,6,3,117.51,28,30,1,0,Ligand_12819
337.0884977200001,5,3.090200000000001,4,2,85.08,24,26,2,0,Ligand_12822
461.2348276,5,3.0813000000000006,4,1,86.79,32,35,4,0,Ligand_12823
387.10012502400014,8,1.2221999999999995,8,1,116.07,27,29,1,0,Ligand_12824
382.086639148,5,2.26812,5,1,84.3,25,27,3,0,Ligand_12826
393.081698088,8,3.0824000000000007,6,1,96.27,26,28,3,0,Ligand_12827
407.097348152,8,3.328400000000001,6,1,96.27,27,29,3,0,Ligand_12828
361.0554833400001,5,2.2853200000000005,5,2,91.92,24,26,2,0,Ligand_12829
376.12052612,6,1.5088999999999997,6,1,101.37,26,28,3,0,Ligand_12830
362.141261564,5,1.92314,5,1,84.3,25,27,3,0,Ligand_12831
359.10521040400005,5,1.1779799999999996,6,1,108.09,25,27,3,0,Ligand_12832
341.137556088,4,2.3649000000000004,6,1,90.41,25,27,1,0,Ligand_12833
441.201218964,6,1.7904,10,0,100.59,32,35,3,0,Ligand_12834
418.1198574239999,8,3.432900000000002,7,2,106.87,29,31,4,0,Ligand_12835
386.130028184,6,4.032540000000003,5,2,88.41,27,29,4,0,Ligand_12836
414.161328312,6,4.713200000000004,5,2,88.41,29,31,4,0,Ligand_12837
475.151013232,7,2.618100000000001,8,0,86.38000000000001,33,36,2,0,Ligand_12840
320.17092188,5,0.0694200000000007,10,0,102.16,23,24,4,0,Ligand_12841
370.0834719159999,8,0.4096999999999997,5,3,141.07999999999998,25,26,5,0,Ligand_12845
359.057591516,4,1.4950999999999997,6,2,131.51000000000002,25,27,1,0,Ligand_12846
348.11437812,5,3.344800000000002,7,1,98.48,24,25,4,0,Ligand_12848
369.0565459600001,7,0.645,9,3,140.06,24,25,3,0,Ligand_12849
443.12633977200016,8,2.4117,10,1,117.46,31,33,3,0,Ligand_12850
391.106730136,6,1.1553999999999998,8,2,121.22,28,30,1,0,Ligand_12852
371.153286404,7,4.092900000000004,3,2,75.63000000000001,27,29,3,0,Ligand_12853
368.173607248,6,2.4945000000000004,5,1,83.55000000000001,27,29,1,0,Ligand_12856
394.189257312,8,3.0507000000000017,5,1,83.55000000000001,29,31,1,0,Ligand_12857
410.22055744,9,3.664800000000003,5,1,83.55000000000001,30,32,1,0,Ligand_12858
398.184171932,8,1.857,6,2,103.78000000000002,29,31,1,0,Ligand_12859
315.158291532,4,1.9847,3,2,72.88000000000001,23,25,4,0,Ligand_12860
385.142641468,2,3.542400000000001,3,2,72.88000000000001,29,33,2,0,Ligand_12861
335.07130516,5,0.0556999999999994,10,1,116.3,23,25,4,0,Ligand_12863
430.0866391480001,4,2.3968000000000007,6,0,75.51000000000002,29,32,1,0,Ligand_12865
322.127719676,7,0.929,9,0,97.59000000000002,23,24,2,0,Ligand_12866
333.07832696,5,1.6278199999999994,7,2,93.57,23,25,3,0,Ligand_12867
408.161997008,8,2.865200000000001,6,2,90.01,29,31,1,0,Ligand_12869
365.162708216,7,4.281300000000003,3,2,83.47,27,29,5,0,Ligand_12872
409.175004216,9,2.159399999999999,8,1,108.23,30,32,2,0,Ligand_12873
363.044439988,6,3.868300000000003,5,2,84.22,24,26,3,0,Ligand_12874
416.1096250000001,4,4.132900000000002,5,2,93.21,30,32,2,0,Ligand_12876
430.134461932,5,0.6820000000000008,5,1,107.09999999999998,28,30,5,0,Ligand_12877
432.113726488,5,-0.4716999999999978,6,1,116.32999999999998,28,30,5,0,Ligand_12878
402.136176184,7,2.392100000000001,7,2,94.48,28,30,3,0,Ligand_12879
348.089225992,6,0.4747000000000002,7,3,127.17,24,25,3,0,Ligand_12882
345.045108684,5,3.250900000000001,5,2,83.56,23,25,1,0,Ligand_12883
329.09330832800003,5,0.5677199999999998,6,0,82.14,22,23,3,0,Ligand_12884
312.122240372,3,2.28942,6,1,97.01,23,24,4,0,Ligand_12885
286.05244656,4,2.1231,6,1,80.91000000000001,20,22,1,0,Ligand_12889
331.15320615200005,7,2.080539999999999,6,1,82.45,24,25,1,0,Ligand_12890
331.062676896,6,3.069000000000001,7,1,90.39,23,25,4,0,Ligand_12893
286.098728056,6,0.8709,4,2,98.49,19,19,3,0,Ligand_12894
375.15042928,7,3.619500000000002,3,2,83.47,26,27,1,0,Ligand_12896
288.122240372,5,1.4019199999999998,6,1,86.11,21,22,4,0,Ligand_12898
210.100442308,4,0.6439200000000002,4,1,74.44,15,15,4,0,Ligand_12899
369.143704088,7,1.7346199999999996,8,1,112.14,27,29,5,0,Ligand_12901
252.052636588,3,0.9937,6,1,85.59,17,18,1,0,Ligand_12902
420.08136374,7,2.870820000000002,6,2,105.32999999999998,28,30,2,0,Ligand_12904
183.089543276,4,1.389,3,2,76.46,13,13,3,0,Ligand_12905
377.1811522160001,9,0.5787999999999993,11,1,124.36,27,28,2,0,Ligand_12907
394.0866391480001,4,2.0689,5,1,82.61,26,28,1,0,Ligand_12908
429.01617455200005,5,4.854100000000002,6,1,85.09,28,30,4,0,Ligand_12909
341.1124039600001,3,0.9088999999999996,7,2,110.61,25,28,2,0,Ligand_12911
346.11404168400003,3,2.583200000000001,4,2,78.87,24,25,2,0,Ligand_12912
333.06709358000006,3,2.03592,4,1,83.91000000000001,23,25,2,0,Ligand_12914
373.118632212,7,1.5652999999999997,8,1,112.14,27,29,5,0,Ligand_12915
290.083746688,4,1.17222,6,1,76.88,20,21,5,0,Ligand_12918
235.08693816,4,0.8409999999999993,5,1,72.7,17,18,5,0,Ligand_12919
410.066045936,5,3.173900000000001,5,2,93.09,28,30,3,0,Ligand_12921
433.038566092,5,2.35244,8,1,104.3,27,30,3,0,Ligand_12922
478.1409867919999,8,2.2908,8,1,120.47,33,35,2,0,Ligand_12923
430.156242932,5,2.4418000000000006,5,0,76.14999999999999,30,33,3,0,Ligand_12925
317.173941596,6,2.2066600000000003,5,2,76.38,23,24,4,0,Ligand_12926
382.116486296,3,1.9928,6,0,93.2,28,31,4,0,Ligand_12927
234.07529018,4,0.5652999999999999,6,1,89.99000000000001,17,18,1,0,Ligand_12928
384.168521868,5,3.393740000000001,5,2,85.89000000000001,28,30,2,0,Ligand_12929
472.2209513639999,11,3.372600000000002,7,1,95.56,34,36,3,0,Ligand_12930
322.142975816,6,1.6516,3,3,86.88,24,26,1,0,Ligand_12934
392.151826248,5,1.7765199999999994,6,1,93.53000000000002,27,29,4,0,Ligand_12937
321.112484212,7,1.6028,6,1,82.45,23,24,3,0,Ligand_12938
390.136176184,6,1.899,6,1,101.37,27,29,3,0,Ligand_12939
390.136176184,6,1.899,6,1,101.37,27,29,3,0,Ligand_12940
352.12052612,6,0.9670999999999998,6,1,97.44,24,26,1,0,Ligand_12941
438.157305552,8,1.7221999999999995,8,1,111.99,30,32,3,0,Ligand_12942
432.107910748,6,2.5950000000000006,6,1,93.53,29,31,3,0,Ligand_12943
387.1365105320001,5,1.81408,6,1,108.09,27,29,3,0,Ligand_12944
392.11544074,6,0.7453000000000001,7,1,110.6,27,29,3,0,Ligand_12945
440.136570108,8,0.5685000000000011,9,1,121.22,30,32,3,0,Ligand_12946
392.11544074,6,0.7452999999999996,7,1,110.6,27,29,3,0,Ligand_12947
375.100125024,5,0.4143799999999999,7,1,117.32,26,28,3,0,Ligand_12948
375.100125024,5,0.4143799999999995,7,1,117.32,26,28,3,0,Ligand_12949
407.126339772,6,0.5011000000000008,7,2,122.63,28,30,3,0,Ligand_12950
472.141655488,8,2.2990000000000004,8,1,111.99,33,36,3,0,Ligand_12951
407.1052104040001,5,2.14488,6,1,108.09,29,32,3,0,Ligand_12952
277.09502258000003,6,1.5575,5,0,72.91,20,21,1,0,Ligand_12955
296.173607248,8,1.96464,4,2,80.42,21,21,3,0,Ligand_12960
493.221285712,8,3.3167000000000018,7,1,91.26000000000002,36,39,2,0,Ligand_12961
409.21138972400007,8,2.792860000000001,7,1,98.48,30,32,2,0,Ligand_12964
413.152160596,5,2.000819999999999,8,1,88.83,29,32,2,0,Ligand_12965
437.071527328,6,2.2758000000000003,7,1,106.53,29,31,4,0,Ligand_12966
422.19540531199993,7,3.999000000000003,7,1,89.72,31,34,3,0,Ligand_12967
340.10929274,5,0.4373200000000004,5,1,92.78,23,24,1,0,Ligand_12971
410.1412615640001,6,3.2058000000000018,7,1,76.58,29,32,1,0,Ligand_12972
435.17289604000007,6,4.309300000000003,6,2,87.22,31,34,2,0,Ligand_12973
517.170513092,10,3.0657000000000023,8,2,106.09,35,38,1,0,Ligand_12974
436.156911628,6,2.886400000000001,6,1,78.53,31,34,5,0,Ligand_12975
461.198442092,8,3.477420000000002,6,1,101.74,32,34,2,0,Ligand_12976
327.12190602400005,7,2.587200000000001,6,1,90.39,24,26,5,0,Ligand_12977
395.1845062800001,5,2.28144,4,2,87.74000000000001,29,31,2,0,Ligand_12979
361.10495422,2,2.3028000000000004,3,2,78.51,25,26,2,0,Ligand_12980
487.1300877599999,7,2.6483000000000008,8,0,112.35,34,37,1,0,Ligand_12982
398.159019804,9,3.118800000000001,8,1,108.6,29,31,2,0,Ligand_12983
377.173941596,6,1.97494,5,1,73.1,28,30,5,0,Ligand_12984
370.132885308,5,1.8998,4,1,75.71000000000001,27,29,1,0,Ligand_12986
407.060962644,7,2.1501,6,3,121.27,27,29,3,0,Ligand_12987
452.999403712,6,2.4991200000000005,5,3,121.27,27,29,3,0,Ligand_12988
403.120191772,7,2.5516000000000005,5,3,121.27,28,30,3,0,Ligand_12989
405.099456328,8,1.8269,6,3,130.5,28,30,3,0,Ligand_12990
417.088222948,5,2.390000000000001,7,0,91.37,29,32,5,0,Ligand_12991
361.134779216,5,3.6244200000000015,4,1,76.38,25,27,2,0,Ligand_12992
464.24235550399993,7,4.234240000000003,7,2,86.64,34,37,2,0,Ligand_12994
405.099456328,8,1.5680999999999998,7,2,123.52,28,30,2,0,Ligand_12997
477.226371092,4,4.179920000000004,5,1,88.18,35,39,1,0,Ligand_12998
379.046061528,4,2.3455000000000004,5,2,87.63,25,27,4,0,Ligand_12999
474.1355245520001,9,0.1157000000000016,10,0,136.82,31,33,2,0,Ligand_13000
451.221954408,6,2.2305199999999994,8,0,98.8,33,36,3,0,Ligand_13002
367.1644395320001,4,1.5790999999999995,7,0,81.73,27,30,5,0,Ligand_13004
447.19065428,8,2.24252,8,1,99.75,33,36,3,0,Ligand_13005
424.185903248,4,1.1671199999999995,8,0,102.04,31,34,3,0,Ligand_13006
408.227374136,7,1.8586199999999988,7,1,84.53,30,33,3,0,Ligand_13007
421.2113897240001,7,2.8817200000000014,7,1,90.52,31,34,1,0,Ligand_13008
450.22670543999993,7,3.9258200000000025,7,2,86.64,33,36,2,0,Ligand_13010
424.22228875600007,9,2.0332,8,1,93.88,31,34,1,0,Ligand_13014
364.20115938800006,5,2.912640000000001,6,1,75.42,27,30,4,0,Ligand_13015
364.20115938800006,6,2.858200000000001,6,1,75.42,27,30,1,0,Ligand_13016
395.2069730400001,6,1.4559999999999995,8,1,87.88999999999999,29,32,1,0,Ligand_13017
397.202636608,5,1.89492,7,1,78.66,29,32,1,0,Ligand_13018
398.1621870360001,7,3.381200000000001,6,2,84.21000000000001,28,31,2,0,Ligand_13019
456.16766634,6,2.687900000000001,8,1,93.88,32,36,3,0,Ligand_13020
406.175338564,9,3.299400000000001,8,2,106.58,30,33,5,0,Ligand_13021
392.1596885,8,2.909300000000001,8,2,106.58,29,32,5,0,Ligand_13022
398.130280192,7,3.1789000000000014,7,2,97.35,29,32,5,0,Ligand_13023
380.13970200400007,7,3.0398000000000005,7,2,97.35,28,31,5,0,Ligand_13024
415.233187788,4,0.1742000000000021,9,0,88.33,30,34,5,0,Ligand_13025
438.201553312,6,2.0474999999999994,9,1,103.11,32,36,1,0,Ligand_13026
450.23793882,7,2.3201,8,1,93.88,33,37,1,0,Ligand_13027
440.19721688,5,2.48642,8,1,93.88,32,36,1,0,Ligand_13028
466.23285344,7,2.4619,9,0,94.32,34,38,1,0,Ligand_13029
436.222288756,6,2.6013,8,1,93.88,32,36,1,0,Ligand_13030
412.1778371000001,7,3.771300000000002,6,2,84.21000000000001,29,32,2,0,Ligand_13031
471.2594025360001,10,1.283,9,1,122.03,34,37,2,0,Ligand_13032
494.2554004520001,9,1.9691999999999992,8,1,98.96999999999998,36,40,2,0,Ligand_13033
432.091055832,5,4.991800000000004,5,2,88.41,29,32,4,0,Ligand_13040
418.19262844,6,2.986900000000002,4,1,83.55000000000001,29,32,2,0,Ligand_13041
405.143704088,5,2.2874200000000005,7,3,136.12,30,33,3,0,Ligand_13044
504.200884616,8,3.971700000000003,8,1,110.28000000000002,37,41,2,0,Ligand_13046
408.227374136,4,1.4426400000000004,7,0,76.26000000000002,30,33,2,0,Ligand_13047
416.140592868,7,2.0601,5,1,84.94000000000001,29,32,5,0,Ligand_13048
395.054437784,8,2.822000000000001,9,1,89.25,25,27,3,0,Ligand_13052
361.05548334,6,2.6365000000000007,7,1,72.7,24,26,3,0,Ligand_13053
375.071133404,6,2.944920000000001,7,1,72.7,25,27,3,0,Ligand_13055
404.0976825,8,2.9840000000000018,8,1,85.59,27,29,3,0,Ligand_13056
379.15657728,5,1.2748999999999993,4,1,86.78999999999999,26,28,4,0,Ligand_13062
485.198442092,7,2.853900000000001,5,1,96.01999999999998,34,37,4,0,Ligand_13063
393.172227344,6,1.6649999999999996,4,1,86.78999999999999,27,29,4,0,Ligand_13064
473.1442983440001,6,2.7870000000000017,5,1,86.78999999999999,32,35,4,0,Ligand_13065
471.182792028,6,2.4638,5,1,96.01999999999998,33,36,4,0,Ligand_13066
441.172227344,4,3.0859200000000016,4,1,86.79,31,34,4,0,Ligand_13067
378.21680945200006,5,3.302740000000002,6,1,75.42,28,31,4,0,Ligand_13068
404.0725303720001,5,2.3064600000000004,8,2,126.83,27,29,2,0,Ligand_13069
401.242689852,7,2.976100000000001,6,1,79.70000000000002,29,31,1,0,Ligand_13071
297.07832696,5,1.2380999999999998,6,1,82.45,20,21,3,0,Ligand_13072
267.067762276,4,1.2294999999999998,5,1,73.22,18,19,3,0,Ligand_13073
309.07832696,5,1.3976,6,1,90.29,21,22,5,0,Ligand_13074
368.1596885,7,1.5843999999999991,7,3,128.07,27,29,2,0,Ligand_13076
402.088557296,5,1.6470999999999998,6,3,121.8,28,30,2,0,Ligand_13077
466.060149628,6,2.3091,7,3,131.03,31,33,5,0,Ligand_13078
401.152160596,6,2.2292999999999994,8,1,92.74,28,31,3,0,Ligand_13079
325.15387484800004,5,1.9171,6,2,84.30999999999999,24,27,1,0,Ligand_13080
491.289640044,13,4.570600000000003,5,3,107.19,36,38,4,0,Ligand_13081
401.180683852,9,2.4333,5,2,78.50999999999999,26,27,5,0,Ligand_13083
352.0663823719999,5,1.93862,8,1,90.02000000000001,23,25,1,0,Ligand_13089
495.1147295320002,9,3.096620000000001,10,2,123.92,34,37,5,0,Ligand_13090
494.119480564,10,3.3221000000000016,9,2,111.03,34,37,1,0,Ligand_13091
316.045253004,5,2.573200000000001,6,1,73.80000000000001,21,23,5,0,Ligand_13092
344.184840628,5,1.3944,6,2,86.94,25,27,1,0,Ligand_13093
332.14845512,4,-0.2294799999999998,7,2,96.17,24,26,4,0,Ligand_13094
372.216140756,6,2.0929200000000003,6,2,86.94,27,29,1,0,Ligand_13095
388.12052612,8,2.4595200000000004,8,2,102.41,27,29,4,0,Ligand_13096
282.122909068,4,1.6685999999999992,6,2,84.72999999999999,21,23,5,0,Ligand_13098
296.13855913199995,4,1.9770199999999991,6,2,84.72999999999999,22,24,5,0,Ligand_13099
379.144453036,4,3.353400000000001,6,2,81.07,28,31,5,0,Ligand_13100
421.175004216,6,3.2315000000000014,8,2,99.53,31,34,5,0,Ligand_13101
461.125671076,6,2.1777000000000006,7,2,130.94,32,35,4,0,Ligand_13102
281.119797848,3,1.82197,3,3,82.05000000000001,19,20,3,0,Ligand_13103
408.179755248,8,3.675220000000002,7,2,94.6,30,32,3,0,Ligand_13105
416.1042073599999,4,2.08462,6,1,102.01000000000002,29,32,1,0,Ligand_13106
374.137890436,4,3.391720000000001,6,1,82.06,28,31,3,0,Ligand_13107
400.1535405,3,3.4903200000000023,6,1,82.06,30,34,2,0,Ligand_13108
482.1987764400001,6,2.5314000000000005,6,0,82.93,34,37,5,0,Ligand_13110
367.146681292,5,3.499640000000001,6,2,85.83,26,28,2,0,Ligand_13111
477.10262356,5,4.992640000000004,7,1,89.25,33,37,1,0,Ligand_13112
208.059640116,2,-0.4056999999999999,6,1,89.35,15,16,3,0,Ligand_13113
376.10929274,5,1.919,5,1,84.94000000000001,26,28,3,0,Ligand_13115
406.20386182,7,1.8838,5,1,74.64999999999999,28,30,4,0,Ligand_13116
359.10521040400005,5,1.1779799999999994,6,1,108.09,25,27,3,0,Ligand_13119
382.175338564,4,1.2442999999999995,8,0,95.14,28,31,5,0,Ligand_13120
301.09973110000004,5,2.41462,6,2,89.71000000000001,21,23,3,0,Ligand_13122
473.162056584,5,2.4799000000000007,6,1,105.25,33,36,2,0,Ligand_13123
442.156242932,7,3.8756200000000014,6,2,85.89,31,33,2,0,Ligand_13124
471.05421615600005,7,3.321400000000001,7,2,115.33,30,32,5,0,Ligand_13125
356.128468624,5,2.984320000000001,6,1,78.27,26,28,5,0,Ligand_13126
296.13069688,4,0.8595199999999995,5,2,73.8,20,21,1,0,Ligand_13127
326.14126156400005,6,0.4860200000000006,6,2,83.03,22,23,1,0,Ligand_13128
293.09464572,4,0.8831999999999995,6,1,89.77,20,22,2,0,Ligand_13129
486.19369106,8,1.3163000000000014,6,1,99.26,34,37,3,0,Ligand_13130
493.188271332,10,1.6028000000000011,8,1,106.64,34,36,1,0,Ligand_13131
486.19369106,8,1.3163000000000005,6,1,99.26,34,37,3,0,Ligand_13132
490.144154024,7,1.9611000000000007,5,1,90.02999999999999,33,36,3,0,Ligand_13133
423.1286482800001,7,1.42532,5,1,86.78999999999999,28,30,3,0,Ligand_13134
333.0225221040001,2,1.8148,5,2,85.83000000000001,20,22,2,0,Ligand_13136
332.13855913200007,3,2.6007,6,2,84.73,25,28,5,0,Ligand_13137
345.07832696,5,2.969400000000001,7,1,82.57000000000001,24,26,2,0,Ligand_13139
389.129693836,6,2.533300000000001,5,0,72.91,27,29,3,0,Ligand_13141
392.1042073599999,5,2.2499,6,1,94.17000000000002,27,29,1,0,Ligand_13142
415.1024335320001,4,2.708520000000002,6,1,78.84,28,31,5,0,Ligand_13143
379.1314251520001,4,-0.4594999999999987,9,0,99.32,26,28,2,0,Ligand_13148
454.178709692,5,1.0304999999999995,9,0,93.33,32,35,2,0,Ligand_13149
351.03474789600006,3,1.62322,6,1,96.44,23,25,2,0,Ligand_13150
377.152160596,5,0.7404999999999997,8,1,98.88,26,28,2,0,Ligand_13151
353.173941596,5,3.382500000000002,5,1,81.18,26,28,1,0,Ligand_13156
259.099062404,3,2.3772,6,1,77.25,17,17,3,0,Ligand_13157
363.082366784,4,2.5224200000000003,8,1,97.73000000000002,24,26,5,0,Ligand_13161
366.082032436,3,1.2843999999999998,7,1,84.41999999999999,24,26,1,0,Ligand_13162
380.134068008,5,2.9301000000000013,6,1,75.19,25,26,1,0,Ligand_13163
352.10276788,5,2.2940000000000005,6,1,75.19,23,24,1,0,Ligand_13164
329.04702683200003,3,1.7948999999999995,7,1,89.76999999999998,23,25,3,0,Ligand_13166
394.076947056,5,1.0268999999999997,6,3,135.01,26,28,1,0,Ligand_13168
335.049525368,4,2.642800000000001,4,2,74.85,22,24,1,0,Ligand_13169
380.0976825,4,2.661920000000001,6,1,92.26,25,27,2,0,Ligand_13170
327.088891644,6,1.2467,7,1,91.68,22,23,3,0,Ligand_13171
412.1401142,8,2.9941000000000013,6,2,97.33,28,29,1,0,Ligand_13174
442.1596140599999,7,2.2906000000000004,5,0,91.83,29,31,1,0,Ligand_13175
400.1126638679999,4,1.0241,5,1,100.62,26,28,1,0,Ligand_13176
373.175004216,7,0.9943999999999996,8,3,124.52,27,29,1,0,Ligand_13177
406.076947056,8,1.8542,10,0,96.08,27,29,2,0,Ligand_13178
327.017746572,2,1.6430999999999998,5,1,73.1,21,22,2,0,Ligand_13179
337.006203344,2,1.0987999999999998,5,1,73.1,20,21,2,0,Ligand_13180
317.13755608800005,5,0.6638999999999995,6,1,82.33000000000001,23,24,3,0,Ligand_13181
382.1099614360001,7,3.286600000000001,7,1,86.23,27,29,3,0,Ligand_13183
366.070799056,5,1.43372,5,2,92.34,24,25,1,0,Ligand_13184
400.056291864,7,0.6269,6,3,112.57,26,27,1,0,Ligand_13185
370.04572718,5,1.2644000000000002,5,2,92.34,24,25,1,0,Ligand_13186
366.124942804,7,1.6399999999999997,6,1,81.01,25,27,2,0,Ligand_13189
406.156242932,4,2.0467,5,0,83.99,28,31,3,0,Ligand_13193
308.184840628,5,0.8875999999999991,6,2,85.13,22,23,2,0,Ligand_13195
330.169190564,3,1.1383999999999996,6,2,85.13,24,25,2,0,Ligand_13196
473.1442983440001,5,3.5554400000000026,5,1,86.79,32,35,1,0,Ligand_13197
374.093642676,6,3.468020000000002,6,1,90.66,26,28,2,0,Ligand_13198
395.105210404,6,3.0910200000000003,7,2,105.81,28,31,1,0,Ligand_13200
485.198442092,6,3.4238000000000026,5,1,96.02,34,37,4,0,Ligand_13202
343.099062404,7,3.089020000000001,6,1,81.16,24,26,5,0,Ligand_13204
356.094311372,7,3.2611000000000017,7,1,90.14,25,27,1,0,Ligand_13205
354.078661308,6,3.0650000000000013,7,1,97.98,25,27,1,0,Ligand_13206
382.175338564,3,0.4782200000000002,8,1,108.15,28,31,3,0,Ligand_13208
411.19065428,4,1.5560200000000002,9,0,91.36,30,33,3,0,Ligand_13209
311.13822478400004,2,0.833599999999999,6,1,75.92,23,26,5,0,Ligand_13210
325.15387484800004,1,1.51952,6,1,75.92000000000002,24,27,1,0,Ligand_13211
383.159354152,4,0.4799999999999988,9,0,91.36,28,31,5,0,Ligand_13212
405.1800895960001,5,3.531320000000002,7,2,90.3,30,33,5,0,Ligand_13213
375.16952491200016,4,3.5227200000000014,6,2,81.07,28,31,5,0,Ligand_13214
361.15387484800016,3,3.2197200000000006,6,3,92.07,27,30,5,0,Ligand_13215
391.06604802400005,7,2.892500000000001,7,1,98.25,26,28,5,0,Ligand_13216
419.11644378400007,6,2.8755000000000006,8,2,114.17,30,33,3,0,Ligand_13217
404.10554475200007,6,3.1197000000000017,8,1,102.14,29,32,3,0,Ligand_13218
419.11644378400007,6,2.8755000000000006,8,2,114.17,30,33,3,0,Ligand_13219
305.10117058000003,5,0.7779999999999994,8,0,92.54,22,23,5,0,Ligand_13220
408.14674086800005,7,1.4390599999999991,7,2,119.39,28,29,5,0,Ligand_13221
411.126420024,7,1.87474,6,2,106.5,28,29,5,0,Ligand_13222
411.126420024,7,1.8747399999999996,6,2,106.5,28,29,5,0,Ligand_13223
492.204255744,8,1.4543400000000013,8,1,110.17999999999998,34,36,4,0,Ligand_13224
480.1842692480001,7,1.5848399999999998,7,1,100.95,33,35,4,0,Ligand_13225
492.204255744,8,1.4543400000000013,8,1,110.17999999999998,34,36,4,0,Ligand_13226
437.162056584,8,2.0526599999999995,7,2,115.73,30,31,5,0,Ligand_13227
431.097348152,5,2.3055000000000003,7,2,96.86,29,32,1,0,Ligand_13228
449.1699188360001,6,3.009500000000001,9,2,116.60000000000002,33,36,5,0,Ligand_13230
409.15501772,5,3.362000000000002,7,2,90.3,30,33,5,0,Ligand_13231
483.1309464840001,6,3.662900000000002,9,2,116.60000000000002,34,37,5,0,Ligand_13232
425.12546718,5,3.8763000000000014,7,2,90.3,30,33,5,0,Ligand_13233
405.1800895960001,5,3.531320000000002,7,2,90.3,30,33,5,0,Ligand_13234
375.088891644,6,2.2537,6,1,105.5,26,28,2,0,Ligand_13237
397.109627088,6,3.978200000000003,5,2,101.3,28,31,3,0,Ligand_13238
280.036317828,2,2.1852,5,4,107.37,19,20,1,0,Ligand_13239
505.143819676,5,3.6871000000000023,5,1,96.02,34,37,4,0,Ligand_13245
396.11437812,6,4.530820000000004,5,1,89.27,28,31,3,0,Ligand_13248
227.080709908,2,0.5628999999999997,5,1,76.46000000000001,17,19,4,0,Ligand_13250
484.214426504,7,1.92454,5,1,90.03,34,37,3,0,Ligand_13252
376.084140612,7,1.5384999999999995,7,2,123.42,26,28,5,0,Ligand_13254
493.034074968,4,2.212,6,0,87.22999999999999,28,30,4,0,Ligand_13256
443.1514919,5,2.45204,5,1,96.02,31,34,1,0,Ligand_13258
475.157720152,6,2.432199999999999,5,1,96.02,33,36,1,0,Ligand_13259
493.1849002039999,7,2.4934200000000004,10,1,124.13,36,39,3,0,Ligand_13261
374.137890436,3,3.055200000000001,6,1,90.02000000000001,28,32,2,0,Ligand_13262
404.14845512,4,3.0638000000000014,7,1,99.25,30,34,2,0,Ligand_13263
418.164105184,4,3.624800000000002,7,1,99.25,31,35,2,0,Ligand_13264
404.14845512,3,3.027700000000001,7,1,99.25,30,34,2,0,Ligand_13266
354.157957184,5,3.376000000000002,4,2,76.66000000000001,26,28,2,0,Ligand_13269
347.0398332760001,4,4.030840000000002,7,3,95.34,23,25,5,0,Ligand_13270
470.087175304,5,2.24672,5,3,124.68,32,34,4,0,Ligand_13271
474.062103428,5,2.0774,5,3,124.68,32,34,4,0,Ligand_13272
321.03949684,3,1.4328999999999994,6,2,80.32,21,22,4,0,Ligand_13273
392.06537724,4,1.15122,5,2,101.57,26,27,4,0,Ligand_13274
319.114376032,3,1.2655999999999998,3,2,78.51,22,24,2,0,Ligand_13275
396.179755248,6,2.446400000000001,4,3,99.76999999999998,29,31,1,0,Ligand_13278
395.18450628,6,2.2269999999999994,4,2,87.74000000000001,29,31,2,0,Ligand_13281
486.082089924,6,1.9469,6,3,133.91,33,35,4,0,Ligand_13282
321.06709358,4,2.9617000000000013,6,1,81.69999999999999,22,23,4,0,Ligand_13287
267.133139404,4,-0.7273000000000001,5,3,110.94999999999996,19,20,1,0,Ligand_13288
396.939970688,4,3.499600000000001,5,2,83.56,22,24,1,0,Ligand_13293
368.13722174,6,2.2234,5,3,100.65,27,29,5,0,Ligand_13296
429.11585534,5,3.015200000000002,6,1,106.5,30,33,3,0,Ligand_13298
502.113390052,8,1.6173999999999995,7,3,140.06,34,36,3,0,Ligand_13299
413.0679398440001,7,2.546900000000001,7,1,73.22,27,29,3,0,Ligand_13300
349.146012596,10,3.1216000000000017,7,1,73.34,24,25,4,0,Ligand_13301
328.14230712,7,2.5974200000000005,4,2,76.66,24,25,5,0,Ligand_13306
419.070654736,3,2.203900000000001,7,1,96.32,28,31,2,0,Ligand_13311
220.981649704,2,0.1821000000000002,5,1,86.46000000000001,13,13,5,0,Ligand_13324
361.098393708,6,2.4014000000000006,5,1,81.7,25,27,4,0,Ligand_13325
337.142641468,4,3.072820000000001,5,2,84.22,25,27,1,0,Ligand_13326
381.1259458480001,6,3.349420000000002,5,3,96.01,27,29,2,0,Ligand_13331
351.125277152,6,1.81152,7,0,81.5,24,25,3,0,Ligand_13332
394.0688674079999,4,3.625600000000003,8,0,105.18,29,32,4,0,Ligand_13335
429.148905056,7,1.9667000000000008,5,1,78.95,28,30,5,0,Ligand_13338
431.128169612,7,0.8130000000000017,6,1,88.18,28,30,5,0,Ligand_13340
303.033206608,3,2.2128,3,1,74.67999999999999,19,20,4,0,Ligand_13341
403.133254992,8,1.4325,5,1,78.95,26,27,5,0,Ligand_13344
283.095691276,5,2.3021000000000003,5,1,81.16000000000001,21,23,2,0,Ligand_13347
271.143310164,3,1.7248,5,1,72.7,20,22,4,0,Ligand_13348
376.948117088,3,1.4863199999999996,5,3,112.15,21,22,5,0,Ligand_13349
349.03441146,3,1.6035199999999996,5,3,112.15,23,24,4,0,Ligand_13350
281.04702683200003,4,-0.0460000000000004,5,3,112.15,19,20,2,0,Ligand_13351
311.021206008,3,0.0049999999999996,7,3,130.61,21,23,2,0,Ligand_13352
273.07832696,2,-0.1039000000000001,5,2,103.36,18,19,1,0,Ligand_13353
331.08380626400003,4,-0.5607000000000004,7,2,129.66,22,23,4,0,Ligand_13354
354.07980418000005,3,0.1254999999999995,6,2,106.6,24,26,4,0,Ligand_13355
370.0502536400001,3,0.6397999999999997,6,2,106.6,24,26,1,0,Ligand_13356
366.099790676,4,-0.005,7,2,115.82999999999998,25,27,4,0,Ligand_13357
366.099790676,4,-0.0050000000000001,7,2,115.82999999999998,25,27,4,0,Ligand_13358
309.07832696,3,1.20156,5,3,112.15,21,22,5,0,Ligand_13359
309.07832696,3,1.2015599999999995,5,3,112.15,21,22,4,0,Ligand_13360
275.057591516,2,-1.1951799999999997,6,2,112.59,18,19,1,0,Ligand_13361
350.104876056,3,0.2948199999999998,6,2,106.6,24,26,1,0,Ligand_13362
384.0659037040001,3,0.94822,6,2,106.6,25,27,1,0,Ligand_13363
398.081553768,3,0.84434,5,2,106.34,26,28,4,0,Ligand_13364
252.031711116,3,-0.3682000000000003,6,2,96.85,17,18,2,0,Ligand_13367
309.07832696,4,0.5708399999999998,5,3,112.15,21,22,1,0,Ligand_13368
309.07832696,3,1.20156,5,3,112.15,21,22,4,0,Ligand_13369
329.02370454399994,3,1.5465399999999991,5,3,112.15,21,22,5,0,Ligand_13370
325.07324158,5,0.27102,6,3,121.38,22,23,1,0,Ligand_13371
327.067762276,5,3.210500000000001,7,0,78.11,23,25,4,0,Ligand_13372
374.096580052,5,3.894140000000003,4,1,76.74,27,29,2,0,Ligand_13376
312.122240372,3,2.0723199999999995,6,1,93.9,23,26,2,0,Ligand_13377
219.064391148,2,0.93852,5,1,84.56,16,17,1,0,Ligand_13379
221.080041212,2,0.50772,5,1,76.46,16,17,1,0,Ligand_13381
501.287908728,10,5.510500000000006,4,3,81.0,37,40,1,0,Ligand_13384
376.14230712,6,4.208400000000002,4,2,76.66,28,30,2,0,Ligand_13386
344.13722174,4,1.0842999999999998,5,0,83.99000000000001,25,27,3,0,Ligand_13392
348.11437812,7,1.4601999999999995,4,2,98.48999999999998,24,25,2,0,Ligand_13397
236.079706864,3,0.2871000000000002,4,2,98.49,17,17,2,0,Ligand_13398
271.099062404,6,1.7724,6,1,81.18,18,18,1,0,Ligand_13400
338.075884436,6,3.0772000000000013,4,2,75.27000000000001,22,23,5,0,Ligand_13406
321.11471246800005,8,2.5231000000000003,6,1,73.34000000000002,22,23,2,0,Ligand_13407
394.102099184,9,2.975600000000002,5,2,84.50000000000001,26,27,3,0,Ligand_13408
257.08341234,5,1.3823,6,1,81.18,17,17,1,0,Ligand_13410
243.100776656,5,1.57466,4,0,77.12,18,18,4,0,Ligand_13426
343.97891854,3,2.8931000000000013,3,2,89.25999999999999,21,22,4,0,Ligand_13430
425.1157750880001,6,2.796520000000001,6,3,130.15,30,32,3,0,Ligand_13434
340.028455576,4,2.2483000000000004,4,2,98.48999999999998,22,23,5,0,Ligand_13440
262.095356928,4,2.2525200000000005,5,1,73.59,19,20,1,0,Ligand_13442
351.125277152,8,3.294920000000002,7,1,82.57000000000001,24,25,2,0,Ligand_13445
387.16818752,9,3.541400000000002,6,1,75.25000000000001,28,30,1,0,Ligand_13447
295.062676896,5,1.8162,7,1,82.57000000000001,20,21,2,0,Ligand_13448
394.1198574239999,8,1.3322999999999996,6,2,116.95,27,28,1,0,Ligand_13449
284.1194635,6,1.0388000000000002,3,2,89.25999999999999,19,19,2,0,Ligand_13452
364.089306244,4,2.0988999999999995,4,1,75.71000000000001,25,27,4,0,Ligand_13454
406.119857424,6,1.977,6,1,94.17,28,30,5,0,Ligand_13455
478.1773722999999,10,3.1559000000000017,7,1,103.4,33,35,5,0,Ligand_13457
381.1180835960001,9,4.098800000000002,5,2,88.16,25,26,3,0,Ligand_13458
339.0711334040001,6,2.9285000000000005,5,2,88.16,22,23,3,0,Ligand_13465
353.0867834680001,7,3.318600000000001,5,2,88.16,23,24,3,0,Ligand_13466
388.145678248,6,2.839800000000001,4,1,75.71000000000001,27,29,5,0,Ligand_13467
388.145678248,7,2.6689000000000016,4,1,75.71000000000001,27,29,5,0,Ligand_13468
336.060234372,6,1.7424999999999995,4,2,89.25999999999999,22,23,5,0,Ligand_13469
394.075405768,5,3.3854000000000024,4,1,75.71,26,28,5,0,Ligand_13472
392.140592868,6,3.032900000000001,5,2,93.73,27,28,3,0,Ligand_13475
368.094311372,6,3.1891000000000016,6,2,93.21,26,28,4,0,Ligand_13482
328.10929274,6,0.6824999999999997,5,1,84.94,22,23,5,0,Ligand_13485
334.109961436,7,2.6754000000000007,6,2,93.21,23,24,2,0,Ligand_13486
291.06776227600005,5,1.0301000000000002,5,1,89.02,20,21,5,0,Ligand_13487
369.114712468,6,3.706820000000002,6,1,73.34000000000002,26,28,4,0,Ligand_13488
404.140592868,6,3.130700000000002,5,1,84.93999999999998,28,30,4,0,Ligand_13489
388.145678248,6,3.051000000000002,4,1,75.71,27,29,4,0,Ligand_13490
320.094311372,6,2.2853000000000003,6,2,93.21,22,23,2,0,Ligand_13492
344.094311372,6,3.290320000000001,7,1,90.14,24,26,5,0,Ligand_13494
311.0398332760001,5,1.4000199999999996,6,1,89.02000000000001,20,21,5,0,Ligand_13497
325.03848201600005,7,3.028160000000001,4,0,77.12,21,21,3,0,Ligand_13498
378.104956308,6,2.5353000000000003,4,2,84.5,26,28,4,0,Ligand_13500
389.140927216,7,2.9610000000000003,4,3,118.36,27,28,4,0,Ligand_13502
369.081698088,9,1.6705999999999996,7,1,98.25,24,25,5,0,Ligand_13506
428.097284084,10,3.365200000000001,4,2,84.5,28,29,2,0,Ligand_13507
369.081698088,9,2.0181999999999998,7,1,98.25,24,25,5,0,Ligand_13509
276.056863244,4,1.4940000000000002,4,1,76.13,19,20,1,0,Ligand_13511
353.0867834680001,7,2.8541000000000016,6,1,89.02000000000001,23,24,5,0,Ligand_13512
341.05039796,6,1.4053199999999997,7,1,98.25,22,23,5,0,Ligand_13514
387.038119024,8,1.99742,8,1,98.25,24,25,5,0,Ligand_13515
369.081698088,8,1.8379199999999996,7,1,98.25,24,25,5,0,Ligand_13516
304.088163372,5,2.19252,4,1,76.13,21,22,3,0,Ligand_13517
404.140592868,7,2.2874,5,1,84.94,28,30,5,0,Ligand_13518
312.13684488,6,0.105900000000001,8,2,106.26,21,22,4,0,Ligand_13521
388.0663823720001,5,3.2080400000000013,6,2,101.05,26,28,2,0,Ligand_13524
349.12086046800005,5,2.0356400000000003,5,3,113.08,24,25,3,0,Ligand_13525
325.07640881199995,6,2.38472,7,3,96.95,21,22,5,0,Ligand_13526
375.2171438,6,2.5152,7,2,83.2,28,31,5,0,Ligand_13527
451.2484439280001,7,4.104600000000002,7,2,83.2,34,38,5,0,Ligand_13528
367.153206152,3,1.6779200000000003,5,0,74.07000000000001,27,30,3,0,Ligand_13529
347.18584367200003,3,2.42994,7,2,78.33,26,29,3,0,Ligand_13531
307.110295784,7,1.4314999999999998,8,3,106.18,21,22,2,0,Ligand_13534
391.21205842000006,6,2.5282,8,2,92.43,29,32,3,0,Ligand_13535
325.142641468,3,2.8926000000000007,5,1,81.18,24,26,1,0,Ligand_13537
314.137890436,5,1.7565999999999995,7,1,78.27000000000001,23,25,2,0,Ligand_13538
332.128468624,5,1.8957,7,1,78.27000000000001,24,26,2,0,Ligand_13539
420.179755248,6,3.5930200000000028,8,1,87.5,31,34,1,0,Ligand_13542
328.1535405,4,1.2732,6,1,78.53,24,26,5,0,Ligand_13543
358.146346944,5,2.25432,5,2,88.32000000000001,25,27,3,0,Ligand_13544
249.057197592,4,1.03288,4,0,84.96000000000001,17,17,1,0,Ligand_13550
320.083077992,5,1.74,4,2,98.48999999999998,22,23,4,0,Ligand_13562
457.967702224,6,3.3850000000000016,6,2,118.12,28,30,3,0,Ligand_13565
390.0885572959999,4,1.6884999999999997,6,1,94.17000000000002,27,30,5,0,Ligand_13570
403.0660480240001,7,3.3499000000000017,6,2,97.39,27,29,3,0,Ligand_13573
332.991168832,5,1.3153999999999997,6,2,105.23,20,21,3,0,Ligand_13576
413.140927216,5,3.979120000000002,5,2,101.3,29,31,2,0,Ligand_13577
348.07799261199995,4,2.217,5,2,93.73,24,26,1,0,Ligand_13582
465.1470752160001,6,2.885840000000001,6,2,121.36,33,36,1,0,Ligand_13589
443.1514919,5,2.0075199999999995,5,1,96.02,31,34,4,0,Ligand_13592
330.115046816,4,2.40052,5,1,75.19,23,25,2,0,Ligand_13593
231.067762276,6,0.6594999999999995,6,1,73.34000000000002,15,15,3,0,Ligand_13594
407.18450628,4,2.4590200000000006,4,1,78.95000000000002,30,33,4,0,Ligand_13595
348.11437812,7,2.6358000000000006,4,2,84.50000000000001,24,25,3,0,Ligand_13597
368.13722174,4,2.458,5,1,77.1,27,30,4,0,Ligand_13600
338.141261564,5,1.8041999999999996,6,1,84.42,23,25,2,0,Ligand_13603
447.126420024,5,1.8382,5,1,96.02,31,34,4,0,Ligand_13605
338.075884436,7,2.6176000000000004,4,2,75.27000000000001,22,23,3,0,Ligand_13606
370.146346944,4,3.5774000000000026,5,1,75.19,26,29,1,0,Ligand_13610
427.15657728,5,2.7711200000000016,4,1,86.78999999999999,30,33,4,0,Ligand_13612
457.167141964,7,2.4439200000000003,5,2,104.81,32,35,5,0,Ligand_13613
414.17256169199993,6,3.9761000000000033,6,1,84.41999999999999,29,32,1,0,Ligand_13617
482.1623909319999,9,3.536400000000002,8,1,102.88,34,37,1,0,Ligand_13618
422.14126156399993,7,3.5192000000000023,6,1,84.41999999999999,30,33,1,0,Ligand_13619
422.1082471839999,9,2.666900000000001,8,1,93.65,28,30,1,0,Ligand_13620
417.135841836,7,3.018520000000001,7,1,97.83,29,31,1,0,Ligand_13621
437.195070964,6,2.549300000000001,5,1,88.18,32,35,4,0,Ligand_13622
470.108247184,6,3.552340000000002,6,2,108.47,32,35,5,0,Ligand_13623
344.173607248,5,2.592900000000001,4,1,75.71,25,27,4,0,Ligand_13625
416.17475012,8,2.8812000000000006,5,1,77.10000000000001,30,32,1,0,Ligand_13628
370.113332564,7,2.0061999999999998,7,1,84.42,24,26,2,0,Ligand_13629
285.147726848,2,2.1437800000000005,3,1,73.2,21,22,5,0,Ligand_13634
396.12561149999993,5,3.212800000000001,6,1,88.33,28,31,5,0,Ligand_13635
364.1205261199999,6,2.158499999999999,7,1,97.56000000000002,25,27,5,0,Ligand_13636
465.1470752160001,7,2.831400000000001,6,2,121.36,33,36,1,0,Ligand_13637
348.1256115,5,2.5745000000000005,6,1,88.33,24,26,5,0,Ligand_13638
394.1133325639999,6,3.5126000000000026,7,1,88.33,26,28,5,0,Ligand_13639
449.2314564720001,6,3.6239200000000023,4,1,78.95,33,36,3,0,Ligand_13640
495.236935776,7,3.2510200000000022,6,1,97.41,36,39,3,0,Ligand_13642
313.142641468,3,2.5914600000000005,4,1,75.44,23,25,5,0,Ligand_13649
395.136887392,6,3.534200000000002,6,1,87.0,29,32,1,0,Ligand_13650
385.188922964,3,2.942240000000001,5,1,79.98,28,31,5,0,Ligand_13652
413.220223092,4,3.5847200000000026,5,1,79.98,30,33,5,0,Ligand_13653
290.10150492799994,6,-0.2275000000000004,6,2,114.18,21,22,5,0,Ligand_13654
399.16818752000006,6,3.622460000000003,5,2,109.75,29,31,2,0,Ligand_13656
375.11404377200006,5,2.502300000000001,4,1,83.91000000000001,26,28,3,0,Ligand_13657
297.10347908800003,4,1.91672,3,2,83.47,20,21,1,0,Ligand_13658
286.062342548,5,0.3500999999999998,4,2,103.78000000000002,19,19,5,0,Ligand_13659
402.124942804,5,2.4521000000000006,4,2,103.78000000000002,28,30,5,0,Ligand_13660
305.04885667199994,6,2.1176,3,2,83.47,19,19,5,0,Ligand_13661
349.116151948,6,1.2504200000000003,6,2,115.07,25,26,4,0,Ligand_13662
381.09791504,6,2.53132,5,2,105.84,26,27,4,0,Ligand_13663
347.13688739199995,6,1.94034,5,2,105.84,25,26,3,0,Ligand_13664
383.13688739200006,4,2.858220000000001,5,2,109.75,28,31,3,0,Ligand_13665
325.11748934,5,1.9318,7,1,91.16,24,26,4,0,Ligand_13666
371.093977024,5,1.1479999999999997,4,3,122.11999999999998,26,28,1,0,Ligand_13667
395.162521384,5,3.173000000000001,7,2,83.2,28,31,5,0,Ligand_13670
304.11715499199994,5,1.3495999999999997,8,1,91.41,22,24,2,0,Ligand_13671
432.171892996,9,2.48972,5,1,84.94000000000001,30,32,2,0,Ligand_13675
334.07540576799994,8,0.8642000000000003,4,1,75.71000000000001,21,21,2,0,Ligand_13678
362.106705896,10,1.6444,4,1,75.71000000000001,23,23,2,0,Ligand_13680
368.1042073599999,8,1.2799999999999994,6,2,106.87,25,26,2,0,Ligand_13681
372.1355074879999,8,0.6658000000000002,6,2,102.96,25,26,3,0,Ligand_13682
379.120191772,8,1.0819999999999994,6,2,106.62,26,27,2,0,Ligand_13683
422.1147720439999,8,1.4156999999999993,7,2,112.19,29,31,5,0,Ligand_13684
390.124942804,8,1.9624999999999992,5,2,93.73,27,29,4,0,Ligand_13687
388.145678248,6,3.105440000000001,4,1,75.71,27,29,3,0,Ligand_13688
356.140592868,6,0.9193200000000004,5,1,84.94,24,25,3,0,Ligand_13689
389.1409272160001,7,1.86972,5,1,88.6,27,29,1,0,Ligand_13690
438.18245768,7,1.96002,6,0,93.21999999999998,30,32,3,0,Ligand_13691
404.140592868,7,1.71112,5,1,84.94,28,30,3,0,Ligand_13692
360.11437812,7,2.538500000000001,4,1,83.55000000000001,25,26,4,0,Ligand_13693
363.125277152,8,1.417199999999999,5,1,88.60000000000001,25,26,5,0,Ligand_13696
432.171892996,8,2.4634,5,1,84.94,30,32,3,0,Ligand_13697
368.140592868,6,1.3830999999999998,5,1,84.94,25,27,3,0,Ligand_13699
383.070654736,7,1.7267999999999992,5,2,97.39,25,26,4,0,Ligand_13700
394.099870928,7,1.8813999999999995,5,1,84.94,27,29,3,0,Ligand_13701
411.125277152,8,3.211100000000002,5,2,97.39,29,31,1,0,Ligand_13702
422.131171056,8,2.934000000000001,5,2,93.73000000000002,29,31,4,0,Ligand_13703
380.176978376,6,2.5448000000000004,4,1,75.71000000000001,26,28,3,0,Ligand_13705
437.1176049280001,7,2.8508000000000013,5,1,88.60000000000001,29,31,3,0,Ligand_13707
486.159135392,7,2.9411000000000014,6,0,93.22,32,34,3,0,Ligand_13708
392.140592868,7,2.3954000000000004,5,1,88.85000000000001,27,29,3,0,Ligand_13709
403.15657728,7,2.1974,5,1,88.60000000000001,28,30,3,0,Ligand_13710
396.171892996,5,1.65322,5,0,76.15,27,29,3,0,Ligand_13711
422.1067058960001,6,3.065700000000001,4,1,75.71000000000001,28,30,3,0,Ligand_13712
436.1223559600001,7,3.108200000000002,4,1,75.71000000000001,29,31,3,0,Ligand_13713
385.167141964,8,0.0725200000000025,6,1,88.18,26,27,2,0,Ligand_13714
399.182792028,9,0.4626200000000022,6,1,88.18,27,28,2,0,Ligand_13715
419.128169612,9,0.8076000000000012,6,1,88.18,27,28,2,0,Ligand_13716
326.130028184,5,1.2928199999999992,4,1,75.71,22,23,3,0,Ligand_13717
405.112519548,8,0.4638000000000015,6,2,96.97,26,27,3,0,Ligand_13718
430.132920644,7,2.4346,5,1,84.94000000000001,28,30,3,0,Ligand_13719
437.117604928,7,2.8508000000000013,5,1,88.60000000000001,29,31,3,0,Ligand_13720
416.11727058,5,1.9982,5,0,76.15,27,29,3,0,Ligand_13721
312.11437812,7,0.9843999999999996,4,1,75.71000000000001,21,22,4,0,Ligand_13723
385.167141964,9,0.1542000000000021,6,1,88.18,26,27,4,0,Ligand_13724
326.130028184,8,1.3744999999999996,4,1,75.71000000000001,22,23,4,0,Ligand_13725
370.156242932,7,1.2631200000000002,5,0,76.15,25,26,3,0,Ligand_13727
383.0706547360001,7,1.7268,5,2,97.39,25,26,4,0,Ligand_13728
426.065235008,7,2.0605,6,2,102.96,28,30,5,0,Ligand_13729
437.117604928,7,2.8508000000000004,5,1,88.60000000000001,29,31,3,0,Ligand_13730
457.143819676,6,1.8633,5,1,110.01,30,32,3,0,Ligand_13731
424.203193124,7,2.514500000000001,5,1,84.94000000000001,29,31,2,0,Ligand_13733
431.187877408,7,2.9307000000000016,5,1,88.60000000000001,30,32,2,0,Ligand_13734
317.1011705800001,5,1.5326999999999995,7,1,99.64,23,24,1,0,Ligand_13743
388.1569116280001,7,2.0094000000000003,7,1,74.77000000000001,27,29,3,0,Ligand_13744
342.067427928,4,3.750420000000002,6,1,81.42999999999999,24,26,1,0,Ligand_13745
293.013808556,2,2.628519999999999,5,2,83.56,19,21,1,0,Ligand_13746
386.130028184,7,3.3602000000000025,4,3,95.5,27,29,1,0,Ligand_13751
350.12665705599994,4,3.869720000000002,5,1,73.59,26,29,2,0,Ligand_13761
317.04702683200003,4,2.2262000000000004,6,1,102.16,22,24,4,0,Ligand_13762
391.120191772,5,1.83262,7,1,92.09,27,29,5,0,Ligand_13763
409.167141964,6,1.3587999999999996,7,1,88.18,28,30,1,0,Ligand_13764
325.09839370800006,7,2.6069000000000004,5,2,92.7,22,23,2,0,Ligand_13766
431.199110788,7,2.312720000000001,7,1,78.01,30,32,2,0,Ligand_13769
417.183460724,6,1.92262,7,1,78.01,29,31,2,0,Ligand_13770
411.156098612,6,1.6189,6,1,80.34,28,30,4,0,Ligand_13775
378.104956308,5,1.7766000000000002,4,1,75.71000000000001,26,28,5,0,Ligand_13779
365.140927216,4,0.8085999999999991,4,1,100.78,25,27,1,0,Ligand_13783
352.145678248,5,1.77,4,1,75.71,24,26,1,0,Ligand_13784
176.058577496,1,1.04868,4,2,87.11,13,13,1,0,Ligand_13787
313.089640592,7,1.3994,5,1,73.22,21,22,5,0,Ligand_13789
325.109627088,8,1.2688999999999997,6,1,82.45,22,23,5,0,Ligand_13790
329.060090052,7,1.9137,5,1,73.22,21,22,5,0,Ligand_13791
334.095356928,4,3.1464000000000016,5,0,72.64,25,28,1,0,Ligand_13793
206.06914218,2,-0.3179,4,2,75.09,15,16,3,0,Ligand_13799
342.103813436,4,2.6234400000000004,3,2,79.03,24,26,2,0,Ligand_13800
235.085795288,1,1.8501799999999995,5,1,80.0,18,20,2,0,Ligand_13805
352.104619872,6,2.805400000000001,5,2,76.66000000000001,24,24,1,0,Ligand_13809
328.12052612,4,1.0699200000000002,5,3,111.1,22,22,1,0,Ligand_13812
362.145341812,8,2.1327,5,2,76.66,25,25,5,0,Ligand_13813
345.143704088,6,1.3428699999999996,6,4,129.19,25,26,2,0,Ligand_13814
221.11642672,3,1.37844,3,3,87.71000000000001,16,16,5,0,Ligand_13817
223.084457896,6,0.7618999999999998,4,1,78.62,16,16,5,0,Ligand_13818
335.070460532,4,2.961920000000001,5,2,76.39,22,22,1,0,Ligand_13821
389.93436093200006,4,1.8973,4,2,106.32999999999998,21,22,5,0,Ligand_13837
350.093642676,7,2.518200000000001,7,1,86.75,24,25,4,0,Ligand_13840
340.14230711999994,5,2.939800000000001,4,2,76.66000000000001,25,27,4,0,Ligand_13851
380.08644912,8,2.0025,5,2,98.48999999999998,25,26,3,0,Ligand_13857
367.14534390000006,7,1.7931999999999997,5,0,80.75,25,26,2,0,Ligand_13860
408.12561149999993,6,3.129100000000001,6,1,84.41999999999999,29,32,1,0,Ligand_13863
335.136887392,5,1.5957999999999997,6,0,74.30000000000001,24,26,4,0,Ligand_13864
362.121275068,6,2.2692999999999994,5,1,75.19,25,27,1,0,Ligand_13865
308.173607248,10,1.2191999999999996,4,2,76.66,22,22,1,0,Ligand_13874
353.148789468,2,0.4130999999999991,7,0,82.13,26,29,2,0,Ligand_13876
307.128054024,2,-1.7074999999999976,8,0,91.36,22,24,5,0,Ligand_13877
251.079372516,3,0.9748,5,1,81.7,18,18,2,0,Ligand_13878
265.09502258000003,4,1.3649,5,1,81.7,19,19,2,0,Ligand_13879
318.157957184,4,2.0603,4,1,75.71000000000001,23,24,1,0,Ligand_13884
304.14230712,3,1.6702,4,1,75.71000000000001,22,23,4,0,Ligand_13885
441.1219230880001,6,0.5232999999999997,11,1,125.93000000000004,31,34,2,0,Ligand_13889
357.10731858,3,-0.1989000000000012,9,1,109.38,26,29,4,0,Ligand_13894
274.098728056,5,0.2052,5,3,87.66,18,19,2,0,Ligand_13909
209.1276601,1,-0.896099999999999,5,2,78.25,15,16,4,0,Ligand_13912
362.141261564,5,0.8854799999999994,6,2,94.46,25,27,3,0,Ligand_13915
397.152537456,6,3.2499200000000013,5,2,109.75,29,32,3,0,Ligand_13920
296.068473484,4,2.923400000000001,4,1,76.74000000000001,22,24,1,0,Ligand_13924
439.1267166319999,7,2.2408200000000003,8,1,113.3,32,35,5,0,Ligand_13925
357.12123732800006,5,2.5978600000000007,5,2,109.75,26,28,3,0,Ligand_13926
366.132805056,7,1.5137999999999994,6,2,114.18,27,29,5,0,Ligand_13927
394.164105184,9,2.294,6,2,114.18,29,31,5,0,Ligand_13928
318.13280505599994,8,0.5526999999999995,6,2,114.18,23,24,5,0,Ligand_13929
331.153206152,8,1.0715999999999994,6,1,82.44999999999999,24,25,2,0,Ligand_13930
371.136887392,6,2.987960000000001,5,2,109.75,27,29,4,0,Ligand_13933
368.12598836,8,4.307400000000004,6,0,74.97,27,29,5,0,Ligand_13934
391.1631021399999,9,2.42072,6,2,115.07,28,29,4,0,Ligand_13935
361.152537456,7,2.33044,5,2,105.84,26,27,3,0,Ligand_13936
391.1631021399999,8,2.2766200000000003,6,2,115.07,28,29,4,0,Ligand_13937
305.048856672,8,2.2633,3,2,83.47,19,19,4,0,Ligand_13938
229.040878832,5,0.4395999999999998,3,2,83.47,15,15,4,0,Ligand_13939
411.131802012,9,3.253520000000001,6,2,115.07,30,32,3,0,Ligand_13940
413.183837584,6,2.9761200000000017,5,2,105.84,30,33,3,0,Ligand_13941
280.14230712,8,1.4949999999999992,4,3,101.65,20,20,5,0,Ligand_13947
381.070464708,9,2.3601,5,2,92.7,25,26,5,0,Ligand_13948
369.050478212,8,2.4906000000000006,4,2,83.47,24,25,5,0,Ligand_13949
334.9826910279999,5,1.8366,3,2,83.47,18,18,1,0,Ligand_13950
301.098393708,7,1.4728,4,2,92.7,20,20,5,0,Ligand_13951
377.08341234,4,3.517500000000002,6,1,73.22,27,30,2,0,Ligand_13957
431.148120772,7,3.229800000000002,7,1,91.68,32,35,5,0,Ligand_13958
415.153206152,6,3.529620000000002,6,1,82.44999999999999,31,34,5,0,Ligand_13959
431.148120772,7,3.229800000000002,7,1,91.68,32,35,5,0,Ligand_13960
389.053769088,5,1.91702,8,1,80.76,24,25,3,0,Ligand_13964
396.1256115,3,2.5646400000000007,5,3,99.66,28,30,2,0,Ligand_13966
310.106590308,4,0.6480999999999995,5,2,91.4,23,25,2,0,Ligand_13969
450.190319932,5,1.5002999999999995,6,2,108.05,33,36,3,0,Ligand_13970
386.1212750680001,4,2.3516999999999992,3,3,73.47,27,29,2,0,Ligand_13973
412.156911628,5,2.5296199999999995,4,3,82.7,29,31,2,0,Ligand_13974
412.156911628,5,2.5296200000000004,4,3,82.7,29,31,2,0,Ligand_13979
391.152350624,5,2.1249,8,2,109.5,27,29,1,0,Ligand_13980
387.20188766,6,1.4800999999999995,9,2,118.73,28,30,1,0,Ligand_13981
417.099456328,6,2.0511,9,2,129.92000000000002,29,31,4,0,Ligand_13982
421.2001563440001,4,2.849400000000001,7,1,82.33000000000001,31,34,5,0,Ligand_13983
398.984732192,3,2.927220000000001,7,2,103.62,25,27,1,0,Ligand_13984
396.161997008,5,2.7750000000000004,3,3,73.47,28,30,2,0,Ligand_13988
416.1318397520001,5,2.3603,4,3,82.69999999999999,29,31,2,0,Ligand_13990
471.144178264,6,1.3682999999999994,7,2,131.11,34,36,2,0,Ligand_13991
319.133219656,3,2.0188999999999995,3,2,78.51,23,25,5,0,Ligand_13995
387.1794209,5,2.3025,5,2,104.81,28,30,1,0,Ligand_13996
422.1412615640001,6,3.854560000000003,5,2,101.05,30,32,4,0,Ligand_13997
429.1046219599999,7,3.943620000000003,5,0,72.91,30,32,3,0,Ligand_14001
436.12052612,4,2.1779,8,0,104.77,31,34,2,0,Ligand_14002
471.2158064080001,9,4.108920000000004,6,1,82.97,35,38,1,0,Ligand_14003
461.175084468,7,4.014200000000003,6,1,84.66000000000001,34,38,2,0,Ligand_14004
470.184171932,7,4.582200000000004,6,1,88.96000000000001,35,39,2,0,Ligand_14005
486.136176184,6,3.2127700000000017,8,1,106.52,35,39,4,0,Ligand_14006
484.163436488,6,3.970100000000002,7,1,106.03,36,40,2,0,Ligand_14007
490.246772188,7,4.043900000000003,6,1,79.31,36,40,2,0,Ligand_14008
475.1855689,7,2.13229,9,2,119.94,35,39,5,0,Ligand_14009
437.1308367079999,7,2.681000000000001,6,0,82.14,30,32,5,0,Ligand_14011
437.2314564720001,10,3.7889000000000026,6,1,82.97,32,34,1,0,Ligand_14012
457.2001563440001,7,4.183520000000003,6,1,84.66000000000001,34,38,2,0,Ligand_14013
455.194402268,10,3.802800000000003,7,2,105.53000000000002,33,35,1,0,Ligand_14014
484.163436488,6,3.970100000000002,7,1,106.03,36,40,2,0,Ligand_14015
444.148535372,5,4.322600000000003,5,1,79.73,33,37,2,0,Ligand_14016
478.1740011719999,7,2.593300000000001,7,1,105.61,35,39,1,0,Ligand_14017
327.21714380000003,4,1.5616399999999997,7,2,83.19999999999999,24,26,1,0,Ligand_14018
299.115758024,6,3.0024000000000006,4,2,75.63000000000001,22,23,5,0,Ligand_14020
256.048406736,2,2.0333,5,1,85.34,19,21,2,0,Ligand_14022
297.114712468,7,1.0953999999999997,6,1,75.43,20,20,4,0,Ligand_14026
375.1153811640001,4,4.699040000000003,6,2,79.8,27,30,4,0,Ligand_14027
243.067762276,6,1.2938999999999998,5,2,92.18,16,16,1,0,Ligand_14028
335.093977024,4,1.1570999999999998,6,1,78.95,23,25,1,0,Ligand_14029
296.14845511999994,4,0.0892,6,2,96.69,21,22,4,0,Ligand_14033
244.048406736,3,1.54,4,2,100.38,18,19,2,0,Ligand_14036
309.1259458480001,3,1.3521399999999997,6,1,89.25000000000001,21,23,1,0,Ligand_14037
321.112484212,8,1.9045,5,2,93.45,23,24,3,0,Ligand_14039
255.073179916,2,2.2162,5,2,76.72,18,19,5,0,Ligand_14040
340.145678248,7,1.6879,4,2,92.34,23,23,1,0,Ligand_14045
365.086783468,5,3.4627000000000026,5,2,88.16,24,26,3,0,Ligand_14048
286.098728056,3,1.2219000000000002,4,1,79.47,19,20,2,0,Ligand_14051
335.03760502,4,1.9698,5,2,105.06,23,25,5,0,Ligand_14052
361.07324158,6,1.517,6,2,114.29,25,27,2,0,Ligand_14053
404.059635884,6,2.0612399999999997,7,1,98.73,25,27,3,0,Ligand_14055
345.205241724,9,2.4125000000000005,4,2,83.96000000000001,25,26,2,0,Ligand_14056
289.142641468,6,0.9962,4,2,83.96000000000001,21,22,2,0,Ligand_14058
415.102433532,4,2.639100000000001,6,1,78.84,28,31,2,0,Ligand_14059
441.172227344,4,3.004240000000001,4,1,86.79,31,34,4,0,Ligand_14060
234.05282342,2,1.6752999999999998,5,1,76.74000000000001,17,18,4,0,Ligand_14061
259.095691276,4,1.8387,4,2,84.08,19,20,5,0,Ligand_14063
227.090605896,5,-0.6559999999999997,5,2,104.91,16,16,5,0,Ligand_14068
269.08341234,5,1.3986199999999998,6,1,81.18,18,18,3,0,Ligand_14070
263.126991404,4,0.0562,4,2,84.66,19,20,5,0,Ligand_14073
229.040878832,4,0.4339999999999999,3,2,83.47,15,15,4,0,Ligand_14076
352.14230711999994,6,3.932100000000003,6,1,73.70000000000002,26,28,4,0,Ligand_14080
382.144118688,6,1.9890199999999991,5,2,93.09,28,30,4,0,Ligand_14081
229.014185416,3,1.4588,3,3,86.63,15,15,1,0,Ligand_14083
327.034747896,6,1.5287999999999995,6,2,97.39,21,22,3,0,Ligand_14086
418.200490692,6,3.768300000000002,6,2,85.25,31,34,2,0,Ligand_14099
345.1259458480001,4,1.0447199999999996,6,2,86.69,24,26,1,0,Ligand_14102
383.19573966,6,0.7961199999999999,7,1,80.87,28,31,5,0,Ligand_14103
303.01476140000005,5,1.6244,6,1,81.18,19,20,1,0,Ligand_14107
450.157305552,7,1.02442,6,3,141.42999999999998,31,33,5,0,Ligand_14108
412.10929274,5,3.392900000000002,5,1,84.94000000000001,29,32,3,0,Ligand_14110
471.182792028,9,3.935140000000003,6,1,101.74,33,35,5,0,Ligand_14113
418.167476312,9,2.0779,4,2,98.82,29,30,3,0,Ligand_14115
405.13584183600005,7,2.0331200000000003,5,1,96.02,28,29,3,0,Ligand_14116
382.119857424,4,1.1496999999999995,6,0,93.21999999999998,26,28,1,0,Ligand_14120
390.088557296,6,1.0635,6,1,102.01,27,29,1,0,Ligand_14121
370.083471916,4,-0.3940999999999994,7,0,102.45,25,27,1,0,Ligand_14122
431.124798484,8,3.1610000000000014,5,1,88.18,30,32,4,0,Ligand_14123
425.195070964,9,3.070000000000002,5,1,88.18,31,33,4,0,Ligand_14124
471.1827920280001,9,2.8019000000000007,6,1,89.86999999999999,33,36,3,0,Ligand_14127
432.0925971200001,6,2.37444,6,2,112.23,29,31,1,0,Ligand_14128
432.0925971200001,7,2.32,6,2,112.23,29,31,1,0,Ligand_14129
495.9874591240001,6,2.82852,6,2,112.23,29,31,1,0,Ligand_14130
446.1082471840001,7,2.62842,6,2,112.23,30,32,1,0,Ligand_14131
410.104876056,7,3.527800000000002,8,1,98.73000000000002,29,32,5,0,Ligand_14132
382.20386182,4,1.5838399999999997,4,1,76.72,26,28,4,0,Ligand_14133
448.194440008,4,2.9076400000000016,4,1,76.72,31,34,4,0,Ligand_14134
445.128311844,5,3.9570400000000023,4,2,91.5,30,32,3,0,Ligand_14135
405.172227344,6,2.3650400000000005,5,1,80.63999999999999,28,30,3,0,Ligand_14136
393.172227344,5,2.6817400000000013,5,0,75.76000000000002,27,29,3,0,Ligand_14140
480.159804088,4,2.27864,6,0,75.09,32,35,4,0,Ligand_14141
405.172227344,5,2.4775400000000003,5,1,80.64000000000001,28,30,4,0,Ligand_14142
395.131505404,4,2.05424,5,1,80.63999999999999,27,29,4,0,Ligand_14143
435.159434404,6,3.964800000000002,5,1,80.76,32,35,1,0,Ligand_14144
375.088891644,6,1.73662,5,3,121.27,26,28,3,0,Ligand_14146
418.131090804,7,1.80262,6,3,124.51,29,31,3,0,Ligand_14147
364.201159388,7,2.727800000000001,6,2,84.21000000000001,27,30,2,0,Ligand_14148
364.145678248,8,2.774800000000001,5,2,76.66000000000001,25,26,2,0,Ligand_14150
364.145678248,8,2.774800000000001,5,2,76.66000000000001,25,26,2,0,Ligand_14152
375.071133404,6,2.944920000000001,7,1,72.7,25,27,3,0,Ligand_14153
406.093346068,7,3.360500000000002,7,1,76.36000000000001,27,29,3,0,Ligand_14154
427.16781066,5,3.161200000000002,7,1,79.70000000000002,30,33,1,0,Ligand_14155
326.174275944,4,2.2118,3,2,78.09,24,26,4,0,Ligand_14156
409.203527472,7,1.8435,5,1,78.95,28,30,3,0,Ligand_14157
471.046353904,7,1.9325,6,1,92.09,28,30,3,0,Ligand_14158
471.14640652,7,1.6834,7,1,109.16,33,36,1,0,Ligand_14159
375.033086788,4,2.5646400000000007,6,1,85.84,23,25,2,0,Ligand_14160
301.146012596,7,3.0290000000000017,6,1,77.25,20,20,3,0,Ligand_14161
434.151157552,8,1.71972,6,1,94.17,30,32,1,0,Ligand_14165
405.13584183600005,7,1.106119999999999,6,1,97.83,28,30,1,0,Ligand_14166
408.115520992,6,2.17252,5,1,84.94,28,30,3,0,Ligand_14167
426.10609918,6,2.31162,5,1,84.94,29,31,3,0,Ligand_14168
450.146072172,8,2.0506199999999994,7,1,103.4,31,33,3,0,Ligand_14169
382.156242932,5,1.4072199999999997,5,0,76.14999999999999,26,28,3,0,Ligand_14170
396.171892996,5,1.6532199999999997,5,0,76.14999999999999,27,29,3,0,Ligand_14171
379.1089583919999,7,1.89334,6,2,105.84,26,27,4,0,Ligand_14172
472.141655488,8,1.91274,6,3,141.42999999999998,33,35,5,0,Ligand_14174
367.992717468,5,3.448300000000001,3,3,75.35,21,22,1,0,Ligand_14176
459.100125024,7,3.054500000000001,9,0,107.28000000000002,33,37,5,0,Ligand_14178
429.205241724,7,4.001640000000002,3,3,87.30000000000001,32,34,1,0,Ligand_14183
361.200156344,8,-0.0830999999999992,6,3,89.17000000000002,26,28,3,0,Ligand_14186
383.159354152,4,0.6376,8,1,102.36,28,31,5,0,Ligand_14195
516.284889012,9,2.3774000000000006,9,0,77.53,38,42,2,0,Ligand_14196
430.20386182,10,4.271690000000003,5,3,91.91,30,32,5,0,Ligand_14197
402.17256169199993,9,3.6355900000000014,5,3,91.91,28,30,5,0,Ligand_14198
396.227374136,6,0.6419000000000006,7,1,75.4,29,32,4,0,Ligand_14200
404.140592868,2,2.522920000000001,5,1,88.70000000000002,28,32,2,0,Ligand_14204
444.1038305,8,2.6689000000000007,9,2,114.79,30,33,1,0,Ligand_14205
408.150763628,8,3.214900000000001,3,2,89.25999999999999,29,31,2,0,Ligand_14212
465.088222948,5,4.922120000000003,7,0,103.12,33,36,5,0,Ligand_14214
283.106924656,4,1.5646999999999995,6,1,85.31,21,23,3,0,Ligand_14215
295.14331016400007,4,2.13154,4,2,75.07,22,24,4,0,Ligand_14216
328.1535405,5,1.89054,6,2,96.7,24,25,5,0,Ligand_14218
328.1456782480001,9,2.8272000000000004,6,2,102.51,22,22,3,0,Ligand_14220
320.06761795600005,4,1.2784199999999994,5,2,93.21,22,23,3,0,Ligand_14222
402.070799056,3,2.610400000000001,5,0,76.03999999999999,27,30,1,0,Ligand_14223
397.0337023400001,6,2.0893999999999995,8,2,113.94,25,27,5,0,Ligand_14224
391.17433552,5,1.4974999999999996,7,0,89.9,28,30,5,0,Ligand_14225
417.147075216,3,1.88082,8,0,89.15,29,32,1,0,Ligand_14227
481.22599423200006,12,2.5621,8,2,104.52,34,37,4,0,Ligand_14228
419.242021156,13,2.9639000000000006,6,2,102.42000000000002,30,31,2,0,Ligand_14229
501.22974222,12,4.708900000000004,6,2,106.09,35,37,3,0,Ligand_14230
549.204590092,10,2.7787000000000006,8,2,121.69,39,43,3,0,Ligand_14231
508.214426504,12,2.922900000000001,7,2,102.32,36,39,5,0,Ligand_14232
514.1441540239999,10,3.8561000000000014,7,2,102.32,35,38,5,0,Ligand_14233
542.1835202999999,13,1.7945000000000002,10,2,130.01000000000002,38,41,4,0,Ligand_14234
524.209341124,11,2.877200000000001,8,1,102.76,37,40,5,0,Ligand_14235
526.224991188,13,3.123200000000001,8,1,102.76000000000002,37,39,5,0,Ligand_14236
550.224991188,10,3.7775000000000025,8,2,111.55000000000004,39,43,5,0,Ligand_14237
542.1835202999999,13,2.0851,10,2,130.01,38,41,1,0,Ligand_14238
556.1991703639999,14,2.639100000000001,10,2,144.0,39,42,1,0,Ligand_14239
464.06466812,8,1.8913,8,2,124.15,30,33,5,0,Ligand_14240
406.0769470560001,5,2.531200000000001,8,1,100.43,27,29,2,0,Ligand_14243
394.076947056,5,2.3717000000000006,8,1,92.59,26,28,2,0,Ligand_14244
356.0183866240001,3,1.51442,9,1,99.91,22,24,2,0,Ligand_14245
285.11134134,4,1.0938999999999997,4,2,80.32000000000001,21,22,1,0,Ligand_14247
404.07692576,11,3.2041000000000013,3,2,75.27000000000001,23,23,3,0,Ligand_14248
517.1882713319999,12,2.4869000000000003,7,1,118.24,36,38,1,0,Ligand_14249
404.176978376,11,3.4838000000000022,4,2,84.50000000000001,28,29,3,0,Ligand_14250
431.1514919,10,2.6409,7,1,101.74,30,32,5,0,Ligand_14255
491.209006776,11,2.8775000000000004,7,2,106.2,34,36,5,0,Ligand_14256
501.298490476,8,1.2015000000000025,6,1,102.5,34,36,1,0,Ligand_14257
512.212712252,12,1.7745000000000013,7,1,99.26,34,36,1,0,Ligand_14258
457.23991298,11,3.409600000000002,4,2,78.51,32,34,3,0,Ligand_14261
472.178040996,11,2.7239000000000013,7,2,119.51000000000002,33,35,2,0,Ligand_14262
456.1121852,11,2.493400000000001,6,2,102.96,30,31,2,0,Ligand_14263
491.209006776,12,2.714100000000001,6,3,122.83,34,35,3,0,Ligand_14264
436.247440884,11,3.6362000000000014,6,1,76.46000000000001,32,34,2,0,Ligand_14265
371.1732729,10,2.6961000000000004,4,2,84.86,27,28,5,0,Ligand_14266
400.09726525591,4,0.5606199999999997,7,1,115.57,28,31,2,0,Ligand_14267
350.114568148,3,2.1742,4,2,91.4,24,26,5,0,Ligand_14268
273.10347908800003,4,1.5104000000000002,4,1,74.68,18,18,3,0,Ligand_14270
344.173607248,8,3.117300000000001,6,2,82.81,25,26,4,0,Ligand_14271
532.16258096,6,2.521300000000001,8,1,109.66,38,42,2,0,Ligand_14272
411.263425296,8,2.9300200000000016,5,2,77.57,30,32,4,0,Ligand_14273
460.170178744,9,2.8564000000000007,6,2,115.22,30,31,3,0,Ligand_14275
499.2219544080001,4,3.822200000000003,6,1,87.24,37,42,2,0,Ligand_14276
380.184840628,9,1.9251,6,1,86.10999999999999,28,30,3,0,Ligand_14283
410.19540531199993,10,1.8975999999999995,7,1,95.34,30,32,3,0,Ligand_14284
405.099252432,5,3.069400000000001,6,1,89.77,29,32,4,0,Ligand_14285
430.164105184,7,3.0382000000000016,7,1,95.34,32,35,4,0,Ligand_14286
435.263425296,12,3.010600000000001,6,1,80.12,32,34,4,0,Ligand_14287
496.20230226000007,5,3.2824000000000018,7,0,76.26,37,42,1,0,Ligand_14289
338.130028184,7,2.510700000000001,5,1,79.73,23,24,5,0,Ligand_14290
454.2216200599999,8,2.42172,8,1,87.08000000000001,33,36,5,0,Ligand_14300
230.070285052,4,-0.3710999999999999,5,1,81.16,16,16,3,0,Ligand_14319
331.062676896,2,1.0787000000000002,5,2,96.86,23,25,1,0,Ligand_14324
331.072368988,3,2.551120000000001,6,0,84.97999999999999,23,24,4,0,Ligand_14329
376.9729319240001,4,2.40121,6,2,80.20000000000002,22,23,3,0,Ligand_14330
420.1519065,7,2.593900000000001,4,1,75.71000000000001,29,31,3,0,Ligand_14331
432.171892996,8,2.4634,5,1,84.94000000000001,30,32,3,0,Ligand_14332
231.112010036,2,0.71254,6,2,85.83,17,18,3,0,Ligand_14337
225.068430972,3,0.9142,7,2,89.33,15,16,2,0,Ligand_14338
331.09906240400005,3,1.98622,5,1,73.1,23,25,4,0,Ligand_14341
305.11642672000005,4,2.2892999999999994,3,2,74.85,23,25,3,0,Ligand_14350
245.1276601,4,1.3187399999999998,5,1,72.7,18,19,2,0,Ligand_14352
391.153206152,6,3.5945000000000027,6,0,77.57000000000001,29,32,1,0,Ligand_14361
386.1954053120001,8,1.8975199999999997,7,1,86.86,28,30,2,0,Ligand_14362
379.083602368,3,2.836520000000001,5,2,106.66,27,30,3,0,Ligand_14363
294.111675688,5,2.7029000000000005,5,1,80.91,22,24,2,0,Ligand_14365
312.122240372,2,0.7365999999999997,5,1,80.22,23,26,1,0,Ligand_14370
340.10929273999994,4,0.7031000000000003,5,1,84.94000000000001,23,25,4,0,Ligand_14376
234.997299768,4,0.4531999999999999,4,1,74.68,14,14,5,0,Ligand_14379
310.044584308,5,2.2540200000000006,5,1,76.13,20,21,3,0,Ligand_14380
283.09906240400005,3,2.0874,6,1,81.18,19,20,1,0,Ligand_14401
314.083746688,4,3.3162200000000013,6,1,80.91000000000001,22,24,5,0,Ligand_14403
434.05829290390994,4,1.2140199999999997,7,1,115.57,29,32,2,0,Ligand_14413
211.095691276,1,-0.7917799999999993,4,2,78.19,15,16,4,0,Ligand_14424
228.002719496,1,1.2820000000000005,5,1,73.05,14,15,2,0,Ligand_14426
224.079706864,1,-0.4074800000000002,6,1,73.58000000000001,16,18,4,0,Ligand_14439
202.08546094,2,2.16082,5,1,73.27000000000001,15,16,2,0,Ligand_14451
198.0640568,2,-0.0354,4,3,95.5,14,14,2,0,Ligand_14452
244.051777864,4,0.6031,3,2,86.71000000000001,16,16,1,0,Ligand_14453
206.08037556,3,0.8838999999999999,5,1,72.92,15,16,2,0,Ligand_14459
213.076293224,2,0.4473999999999998,6,1,85.17,16,18,4,0,Ligand_14461
197.080041212,3,0.4521999999999997,5,1,73.34,14,14,3,0,Ligand_14465
285.074955832,1,0.0832999999999999,6,2,97.09,21,23,5,0,Ligand_14469
191.069476528,2,1.3274,5,1,74.17,14,15,3,0,Ligand_14473
191.080709908,2,0.2530999999999997,6,1,78.85000000000001,14,15,1,0,Ligand_14474
241.096359972,2,1.3821,6,1,78.33,18,20,5,0,Ligand_14476
285.12257472000005,4,1.3467199999999997,6,2,84.30999999999999,21,23,4,0,Ligand_14487
227.080709908,1,0.7880199999999997,5,1,75.94,17,19,2,0,Ligand_14488
297.12257472,2,2.25594,7,1,73.57000000000001,22,25,4,0,Ligand_14496
283.08782902400003,3,1.4803200000000003,3,1,74.68,19,20,2,0,Ligand_14503
209.080041212,1,-0.1968,5,1,73.22,15,16,4,0,Ligand_14509
201.101445352,2,1.5058199999999995,5,2,76.72,15,16,4,0,Ligand_14511
262.095356928,4,2.25252,5,1,73.59,19,20,5,0,Ligand_14513
317.068807832,2,3.3386000000000022,3,1,74.68,24,27,1,0,Ligand_14520
425.071527328,4,1.7320399999999998,6,2,129.72,28,29,1,0,Ligand_14521
350.137890436,5,3.0539000000000014,6,1,83.35999999999999,26,28,1,0,Ligand_14523
269.07217896000003,7,1.4414999999999998,3,2,83.47,18,18,4,0,Ligand_14532
422.126498188,7,3.844100000000002,4,2,76.66000000000001,29,30,5,0,Ligand_14533
309.194008344,5,0.6347999999999998,5,4,81.95,22,23,3,0,Ligand_14534
367.153206152,7,2.8865000000000016,5,2,84.94,27,29,3,0,Ligand_14535
288.122240372,5,1.5415199999999998,6,2,88.60000000000001,21,22,4,0,Ligand_14536
272.127325752,5,1.92302,5,2,79.37,20,21,4,0,Ligand_14537
238.08143818,3,-0.2823800000000003,9,1,121.95,17,18,2,0,Ligand_14538
345.103479088,5,3.510460000000002,3,2,83.47,24,25,4,0,Ligand_14539
419.048068156,7,3.032300000000001,5,3,100.02,26,27,5,0,Ligand_14541
291.06776227600005,4,1.0133200000000002,4,2,88.16000000000001,20,21,2,0,Ligand_14543
324.111006992,5,2.3200000000000003,4,1,75.71000000000001,24,26,1,0,Ligand_14544
377.148789468,7,1.9654,5,3,108.46999999999998,28,30,5,0,Ligand_14551
228.056863244,3,1.0165,3,2,75.27000000000001,15,15,4,0,Ligand_14553
338.137890436,7,1.9372,6,1,96.6,25,26,4,0,Ligand_14554
220.048406736,0,-0.9706,4,4,98.66,16,18,1,0,Ligand_14556
319.141972772,5,2.640600000000001,6,1,77.77,23,24,2,0,Ligand_14557
346.93978066000005,4,1.8992,6,1,85.94,18,19,4,0,Ligand_14561
465.083140764,6,1.1353999999999995,11,2,149.58,31,34,5,0,Ligand_14563
253.09502258,4,1.03672,5,1,85.46000000000001,18,18,4,0,Ligand_14564
359.128134276,7,2.4089000000000005,5,3,100.02,26,27,5,0,Ligand_14568
382.152871804,6,3.0751000000000017,5,2,85.89,28,30,3,0,Ligand_14570
357.12123732800006,8,2.499500000000001,5,2,101.93,26,27,1,0,Ligand_14571
386.097013804,7,1.71402,6,1,115.78,25,26,1,0,Ligand_14573
214.0702048,4,-1.5667999999999995,6,3,116.93999999999996,15,15,1,0,Ligand_14577
298.098728056,3,2.0395,4,1,75.71,20,21,3,0,Ligand_14579
451.098410772,5,0.5883000000000012,6,2,142.24,30,32,2,0,Ligand_14581
406.966495284,4,3.3979,4,4,86.53,24,25,4,0,Ligand_14584
399.16818752,6,2.630700000000001,7,1,90.93,29,31,3,0,Ligand_14585
257.07217896000003,6,1.1381200000000002,3,2,83.47,17,17,4,0,Ligand_14586
342.12370317209,5,2.980980000000001,3,1,73.84,26,28,2,0,Ligand_14587
414.1824576799999,5,0.9439200000000014,6,1,94.17000000000002,28,29,2,0,Ligand_14589
442.330776584,4,3.7646000000000015,4,4,82.26,32,34,3,0,Ligand_14591
342.053797732,4,3.457520000000002,4,2,75.36,22,23,4,0,Ligand_14597
393.145533928,4,2.9367,4,2,87.74000000000001,27,29,2,0,Ligand_14599
397.142641468,5,4.379900000000004,5,2,83.81,30,33,2,0,Ligand_14616
332.13722174,6,2.686140000000001,6,1,82.29,24,25,2,0,Ligand_14617
302.126657056,5,2.6775400000000005,5,1,73.06,22,23,2,0,Ligand_14618
327.077658264,8,1.23592,4,3,120.77,22,22,4,0,Ligand_14619
417.070464708,5,3.642640000000002,5,2,100.54,28,30,5,0,Ligand_14621
404.1583511079999,9,2.5021000000000004,8,1,96.84000000000002,29,30,1,0,Ligand_14627
341.162708216,9,3.350100000000001,3,2,75.63,25,26,4,0,Ligand_14629
341.162708216,8,3.3485000000000014,3,2,75.63,25,26,4,0,Ligand_14630
343.141972772,8,2.578500000000001,4,2,84.86,25,26,4,0,Ligand_14631
409.2001563440001,9,3.5313200000000027,6,1,82.45,30,32,4,0,Ligand_14634
257.07217896000003,5,1.1365200000000002,3,2,83.47,17,17,5,0,Ligand_14637
408.28757438,4,3.4487000000000023,4,4,97.99,29,32,2,0,Ligand_14638
318.103813436,4,2.511560000000001,3,2,89.25999999999999,22,23,5,0,Ligand_14644
265.131408088,7,2.1273,3,2,75.63,19,19,4,0,Ligand_14650
441.27398998000007,8,3.199800000000001,7,1,83.73,32,35,1,0,Ligand_14651
424.0816960000001,6,4.198220000000003,7,1,90.14,29,31,5,0,Ligand_14652
386.1590198039999,4,-0.121799999999999,7,1,102.76,28,31,5,0,Ligand_14653
452.19944513600007,4,2.02022,8,0,74.05000000000001,32,36,2,0,Ligand_14656
473.106251728,4,2.4595,8,0,82.13,30,33,1,0,Ligand_14660
519.194025408,7,2.204699999999999,6,2,111.71,37,41,3,0,Ligand_14664
282.111675688,2,1.55748,6,1,82.27,21,23,4,0,Ligand_14666
338.098351196,4,0.97392,8,1,78.01,22,24,1,0,Ligand_14667
416.140592868,7,2.447400000000001,5,1,96.69,29,32,4,0,Ligand_14670
462.201553312,5,1.0329999999999993,9,0,98.51000000000002,34,38,4,0,Ligand_14672
475.250477664,6,3.474200000000001,4,2,95.58,33,36,1,0,Ligand_14675
456.09259712,6,3.0576000000000016,7,1,109.33,31,34,4,0,Ligand_14677
381.172227344,6,0.9232000000000004,5,1,78.95,26,28,5,0,Ligand_14679
315.1041477840001,5,2.3923200000000007,3,2,74.85,22,24,1,0,Ligand_14682
415.221954408,7,1.4100000000000006,8,1,92.96,30,33,1,0,Ligand_14684
472.1513475800001,6,2.562100000000001,6,2,104.12,33,36,3,0,Ligand_14686
379.15657728,4,1.62872,6,0,73.53999999999999,26,28,4,0,Ligand_14687
355.102433532,6,1.2986999999999995,7,1,73.22,23,25,1,0,Ligand_14688
487.199487648,5,5.042060000000005,5,1,100.96,36,40,2,0,Ligand_14691
362.130028184,5,2.630200000000001,4,1,79.62,25,27,5,0,Ligand_14694
456.128982628,3,2.329300000000001,7,1,82.07999999999998,31,35,1,0,Ligand_14696
335.093977024,2,0.8234999999999999,7,0,73.66000000000001,23,26,2,0,Ligand_14698
335.18450628000005,2,1.385099999999999,6,1,76.56,24,27,2,0,Ligand_14699
379.15657728,6,1.6885999999999988,4,3,104.37,26,28,3,0,Ligand_14700
390.124942804,6,1.97722,5,1,96.69,27,29,2,0,Ligand_14702
374.130028184,6,2.7970200000000007,4,1,75.71,26,28,3,0,Ligand_14703
359.13036253199994,3,2.737820000000001,5,1,81.06,25,28,4,0,Ligand_14704
374.130028184,6,2.6609000000000007,4,1,75.71,26,28,4,0,Ligand_14706
464.15430651200006,6,2.969500000000001,10,1,107.87,33,37,2,0,Ligand_14707
470.051104936,8,2.4681000000000006,6,1,88.85000000000001,28,30,4,0,Ligand_14708
354.205576072,9,2.5712,4,4,110.24,26,27,1,0,Ligand_14712
457.124231596,6,3.0344900000000017,6,2,100.09,31,34,2,0,Ligand_14714
417.168856216,8,2.7992000000000004,5,3,100.02,31,33,3,0,Ligand_14715
547.2352215239999,10,2.9738000000000016,7,2,135.13000000000002,38,41,4,0,Ligand_14717
382.1416384239999,7,4.014640000000002,5,1,85.97000000000001,28,30,2,0,Ligand_14719
386.1729385519999,6,3.796040000000003,6,0,82.81,28,30,5,0,Ligand_14728
428.1471177279999,9,3.7234200000000017,7,1,104.43000000000002,31,33,5,0,Ligand_14729
560.139941236,10,1.4605000000000008,10,2,159.68,38,41,1,0,Ligand_14730
466.1562429319999,9,4.809800000000004,5,2,80.26,33,35,2,0,Ligand_14731
420.204907376,3,4.953800000000005,5,2,78.87,31,34,3,0,Ligand_14733
386.130028184,5,3.2824000000000018,4,1,75.71,27,30,5,0,Ligand_14738
412.199821996,4,2.617600000000001,6,2,88.10000000000001,30,33,5,0,Ligand_14740
489.148905056,5,3.3111000000000024,4,1,86.79,33,36,1,0,Ligand_14742
424.009240124,4,2.7223000000000006,4,1,75.71000000000001,25,27,4,0,Ligand_14747
378.104956308,5,1.7766000000000002,4,1,75.71000000000001,26,28,1,0,Ligand_14749
513.059518672,6,2.2551,6,1,96.02,33,36,1,0,Ligand_14751
463.1855689,6,0.5858000000000008,8,1,106.0,34,38,5,0,Ligand_14752
386.1412615640001,4,1.7192999999999998,5,0,73.82000000000001,27,30,3,0,Ligand_14753
338.174275944,5,1.5461999999999994,4,2,78.66999999999999,25,27,1,0,Ligand_14755
351.140533292,6,4.177640000000002,4,2,78.91,25,26,5,0,Ligand_14756
318.067427928,4,2.1943200000000003,5,2,98.49,22,23,3,0,Ligand_14758
461.206304344,7,2.841060000000001,8,1,100.27,34,37,3,0,Ligand_14759
452.205969996,10,1.6531199999999988,7,2,111.42999999999998,33,35,1,0,Ligand_14760
351.077658264,7,2.2678200000000004,5,2,101.93000000000002,24,25,4,0,Ligand_14761
371.103669116,6,4.278320000000003,5,1,77.25,26,28,2,0,Ligand_14765
340.094688232,5,3.7456200000000015,5,1,85.97000000000001,25,27,3,0,Ligand_14767
339.110672644,5,2.7402000000000006,5,1,77.77000000000001,25,27,5,0,Ligand_14768
500.205969996,6,2.7177000000000007,7,1,96.87,37,41,3,0,Ligand_14769
527.2090067759999,11,3.212800000000001,8,1,101.32,37,40,4,0,Ligand_14770
474.23793882,8,1.9862999999999995,8,1,84.11,35,39,1,0,Ligand_14771
444.11035536,8,2.5555000000000003,8,2,128.73999999999998,31,33,5,0,Ligand_14773
373.098393708,5,2.918700000000001,6,1,81.7,26,28,4,0,Ligand_14774
447.14640652,7,1.4268000000000003,6,1,105.25,31,33,3,0,Ligand_14777
389.0980168480001,8,3.415700000000002,8,1,81.93,26,28,2,0,Ligand_14778
436.258674264,8,2.637220000000001,7,1,84.53,32,35,3,0,Ligand_14782
478.1886056799999,10,2.9086000000000016,9,1,116.02,33,35,2,0,Ligand_14784
467.242021156,6,3.829600000000003,5,1,80.34000000000002,34,37,3,0,Ligand_14785
366.157957184,6,3.4566000000000026,4,2,76.66000000000001,27,29,2,0,Ligand_14786
363.114043772,6,2.5078000000000005,5,0,76.82,25,27,2,0,Ligand_14787
424.185903248,9,2.5487,8,3,133.39,31,33,2,0,Ligand_14790
449.198442092,8,3.724440000000003,6,1,101.74,31,33,4,0,Ligand_14792
435.182792028,8,3.3343400000000027,6,1,101.74,30,32,4,0,Ligand_14793
443.129277148,8,3.447300000000002,7,1,99.51999999999998,32,34,5,0,Ligand_14794
368.06537724,6,0.9227000000000002,5,2,101.57,24,24,1,0,Ligand_14795
403.210721028,5,2.317799999999999,5,1,88.18,29,31,1,0,Ligand_14796
392.183503236,7,2.2513,7,1,99.13000000000002,28,29,4,0,Ligand_14797
366.147866676,5,1.9917,6,1,89.90000000000002,26,27,4,0,Ligand_14798
336.094391624,6,2.3050999999999995,3,2,75.27000000000001,23,24,3,0,Ligand_14799
437.144298344,8,3.531920000000002,6,1,92.51,29,31,2,0,Ligand_14801
414.263090948,8,2.872700000000001,5,2,87.19999999999999,30,32,5,0,Ligand_14802
431.172417372,4,1.7446000000000002,8,0,74.29,30,33,4,0,Ligand_14807
429.1075359760001,7,2.7823100000000007,11,1,88.41,27,28,5,0,Ligand_14809
392.29265976,4,4.477900000000004,3,3,77.76,28,31,2,0,Ligand_14810
459.182792028,5,3.1911000000000023,5,1,99.93,32,35,5,0,Ligand_14811
487.177706648,7,2.1575999999999995,6,1,105.25,34,37,1,0,Ligand_14812
360.1936739959999,2,1.9898,5,2,91.67,26,29,1,0,Ligand_14813
467.187877408,6,4.486920000000004,6,0,83.72000000000001,33,36,3,0,Ligand_14814
454.093346068,6,4.958100000000004,7,1,76.36000000000001,31,34,3,0,Ligand_14816
384.091055832,3,3.294900000000002,6,0,72.64,25,27,3,0,Ligand_14817
472.13358934,7,3.2128900000000016,6,2,79.36000000000001,32,35,5,0,Ligand_14819
464.037169124,5,5.708500000000004,4,2,80.57000000000001,30,33,1,0,Ligand_14820
416.120606372,5,4.477500000000003,5,2,88.41,29,32,4,0,Ligand_14823
348.083410252,4,3.080400000000002,5,1,80.91000000000001,25,27,1,0,Ligand_14825
466.20386182,9,3.772490000000002,6,2,79.36000000000001,33,36,3,0,Ligand_14828
215.126991404,5,-0.7151000000000003,5,2,74.16,15,15,2,0,Ligand_14829
375.119220656,5,1.0584000000000002,10,2,150.0,28,31,5,0,Ligand_14830
442.156242932,10,3.322420000000002,6,1,98.5,31,33,2,0,Ligand_14834
443.216869028,10,2.09304,9,1,109.1,32,34,5,0,Ligand_14835
476.209341124,5,1.6338399999999995,7,0,84.32,33,36,4,0,Ligand_14836
421.203527472,6,2.4436,4,1,86.79,29,31,4,0,Ligand_14837
438.201553312,6,2.0474999999999994,9,1,103.11,32,36,1,0,Ligand_14838
365.093308328,8,1.923,5,2,101.93,25,26,5,0,Ligand_14839
391.116820644,4,2.8515000000000006,5,2,100.73,29,32,4,0,Ligand_14840
305.04702683200003,3,0.2998999999999998,6,3,96.53,21,22,1,0,Ligand_14841
441.135841836,8,2.1947,6,1,88.18,31,33,4,0,Ligand_14842
475.1235629,7,2.9472000000000014,6,1,96.02,32,35,1,0,Ligand_14845
354.121571676,6,2.8000000000000016,6,1,90.54,26,28,1,0,Ligand_14847
362.104876056,7,1.9749,8,2,116.43,25,26,1,0,Ligand_14848
348.13213635999995,6,0.8486,7,1,95.86,25,26,4,0,Ligand_14849
389.23145647199993,11,4.240500000000003,5,2,75.97000000000001,28,29,1,0,Ligand_14850
397.157245976,5,2.034719999999999,7,1,79.60000000000001,28,31,2,0,Ligand_14852
289.142641468,4,0.7972000000000001,5,0,75.33,21,22,4,0,Ligand_14853
393.135841836,4,1.4335999999999998,7,1,105.14,27,29,2,0,Ligand_14857
367.072368988,5,3.949200000000002,4,2,83.69999999999999,26,28,2,0,Ligand_14860
408.0117599560001,7,3.4453000000000014,7,2,97.12,26,28,2,0,Ligand_14861
387.1001250240001,4,1.6572,7,1,118.29,27,30,4,0,Ligand_14863
340.14230712,3,3.289540000000001,5,2,80.15,25,27,2,0,Ligand_14865
443.1514919,5,2.45204,5,1,96.02,31,34,1,0,Ligand_14869
407.14159591200007,5,3.1379400000000013,7,1,81.81,29,32,3,0,Ligand_14870
473.162056584,8,1.9578999999999995,6,2,114.04,33,36,1,0,Ligand_14871
359.093977024,5,1.1636999999999993,5,2,96.86,25,27,1,0,Ligand_14873
323.01313986,3,2.3303000000000003,6,0,74.08000000000001,21,23,5,0,Ligand_14874
452.169584488,6,0.9914999999999996,8,1,111.99,33,36,2,0,Ligand_14875
431.98131112400006,8,3.216400000000002,5,2,84.5,24,25,5,0,Ligand_14878
339.083075904,4,2.924400000000001,5,1,81.18,24,25,5,0,Ligand_14879
380.24235550399993,10,1.4592000000000007,7,2,90.98,27,28,1,0,Ligand_14881
312.035082244,4,1.6057199999999998,6,2,101.05,20,21,5,0,Ligand_14883
421.009574472,4,3.047720000000001,5,1,73.1,25,27,3,0,Ligand_14884
423.252191916,7,3.053600000000002,5,2,78.51,31,34,1,0,Ligand_14885
365.104541708,4,0.7974999999999997,7,1,105.14,25,27,2,0,Ligand_14889
218.08037556,3,1.07502,4,2,83.28,16,17,2,0,Ligand_14890
345.07832696,6,3.3774200000000016,7,1,90.39,24,26,4,0,Ligand_14891
425.129693836,4,3.239340000000002,5,0,84.66,30,33,5,0,Ligand_14892
310.142975816,6,2.2590200000000005,4,2,83.45,23,24,4,0,Ligand_14893
378.045646928,5,2.5169200000000007,7,1,105.4,25,27,1,0,Ligand_14894
335.093977024,5,1.6961,7,0,77.69000000000001,23,25,2,0,Ligand_14896
316.14230712,7,2.5417000000000005,5,1,73.59,23,25,2,0,Ligand_14897
441.183460724,6,3.6441000000000026,7,1,79.70000000000002,31,34,1,0,Ligand_14899
305.148789468,8,0.5700999999999998,7,3,115.3,22,23,5,0,Ligand_14900
431.187877408,12,2.4969,5,2,87.74000000000001,30,31,4,0,Ligand_14902
317.056718924,3,2.2427,6,0,84.97999999999999,22,23,4,0,Ligand_14903
276.033540956,4,1.7379,3,2,75.27000000000001,17,17,5,0,Ligand_14904
336.15862588,5,2.504200000000001,4,2,76.02000000000001,25,27,2,0,Ligand_14906
402.20423868,3,2.560600000000001,6,1,97.74,29,32,1,0,Ligand_14907
282.205576072,9,2.0628,4,2,82.92,20,19,3,0,Ligand_14909
432.1240702120001,4,6.304300000000004,4,2,75.36,31,35,4,0,Ligand_14914
356.173607248,4,2.7102000000000004,3,2,86.71000000000001,26,28,3,0,Ligand_14916
388.006674576,4,1.4647,7,1,101.49,24,26,4,0,Ligand_14918
357.06709357999995,3,2.3728000000000007,5,0,72.91,25,28,4,0,Ligand_14920
318.06003404,2,-1.3354,7,3,135.19,23,25,4,0,Ligand_14921
428.061296992,7,2.6203000000000003,7,2,114.19,29,32,2,0,Ligand_14922
444.159768752,7,4.119600000000003,6,2,76.88,33,37,5,0,Ligand_14925
422.086032432,4,2.540400000000001,6,1,105.4,29,32,4,0,Ligand_14927
354.089894688,6,1.4919999999999998,7,2,115.79000000000002,25,27,4,0,Ligand_14928
518.139068644,7,3.4975400000000025,7,0,96.19,35,38,3,0,Ligand_14929
420.038453372,6,3.0851200000000008,8,1,84.41999999999999,27,29,5,0,Ligand_14931
310.10996143600005,4,0.30662,6,2,109.41,21,22,1,0,Ligand_14932
229.096359972,3,0.8770199999999997,4,2,83.03,17,18,5,0,Ligand_14934
460.0204735040001,6,3.529520000000001,5,2,101.05,28,30,3,0,Ligand_14935
324.058006116,4,1.46302,4,3,95.5,22,23,5,0,Ligand_14937
300.07933000400004,3,1.56654,7,1,84.54,21,23,4,0,Ligand_14939
392.140592868,8,2.29292,5,2,97.64,27,29,4,0,Ligand_14946
344.1040034640001,6,2.912420000000001,4,2,83.45,24,25,4,0,Ligand_14950
276.068096624,4,1.6164199999999995,6,2,88.00000000000001,19,20,5,0,Ligand_14952
410.1082471840001,6,2.508800000000001,7,1,101.49,27,29,2,0,Ligand_14956
461.99973806,6,3.300800000000001,6,2,110.28,28,30,3,0,Ligand_14957
359.105210404,6,1.7685,8,1,99.0,25,27,3,0,Ligand_14958
345.205241724,8,2.764500000000001,4,2,79.78999999999999,25,26,1,0,Ligand_14959
356.13722174,5,1.9179,5,1,81.00999999999999,26,28,4,0,Ligand_14960
472.1126638679999,9,3.3206000000000016,7,1,79.31000000000002,32,34,4,0,Ligand_14962
296.079706864,3,2.0925,5,1,81.42000000000002,22,24,2,0,Ligand_14963
327.067762276,4,3.286200000000001,6,2,77.25,23,25,4,0,Ligand_14964
348.07799261199995,7,2.5278,6,2,97.75,24,25,1,0,Ligand_14965
406.06234254800006,3,3.713500000000002,7,1,92.87,29,33,1,0,Ligand_14967
463.177706648,10,2.0988999999999995,7,2,106.2,32,34,5,0,Ligand_14969
389.05692282,6,2.1456,7,1,111.91,27,29,4,0,Ligand_14970
305.04702683200003,2,0.6073000000000001,6,2,96.86,21,22,4,0,Ligand_14972
481.28013798000006,7,0.0837000000000036,10,0,80.77000000000001,35,39,4,0,Ligand_14974
396.168521868,8,2.2934,6,1,78.79,29,31,1,0,Ligand_14975
496.214426504,9,2.2273,6,1,91.72,35,38,5,0,Ligand_14976
288.15862588,3,0.5006000000000002,4,2,73.8,21,22,3,0,Ligand_14979
446.126005424,6,0.5050000000000001,8,1,119.71,31,33,4,0,Ligand_14980
291.046690396,2,0.4495999999999994,4,2,91.65,20,21,2,0,Ligand_14981
453.193356712,9,1.5195,6,1,105.25,31,33,1,0,Ligand_14988
418.20386182,5,2.3659,5,2,87.89999999999999,29,31,2,0,Ligand_14994
466.224991188,7,1.3846200000000013,5,1,99.26,32,34,3,0,Ligand_14995
447.194025408,2,3.0448200000000023,7,1,96.77,31,34,5,0,Ligand_14996
378.167853172,6,1.8612,7,1,99.13000000000002,27,28,4,0,Ligand_14998
368.0976825,7,2.7379000000000007,6,1,92.26,24,25,1,0,Ligand_14999
542.111618312,9,4.945090000000004,10,0,78.59,36,39,4,0,Ligand_15000
289.142641468,5,1.1010199999999997,5,1,73.22,21,22,4,0,Ligand_15001
479.20563564800005,7,2.409320000000001,7,1,103.53,35,39,2,0,Ligand_15002
357.194008344,11,3.704500000000002,4,3,78.79,26,27,4,0,Ligand_15003
367.1024335320001,9,2.824300000000001,6,1,89.02000000000001,24,25,5,0,Ligand_15004
312.11437812,6,1.4923999999999995,4,2,84.5,21,22,4,0,Ligand_15008
368.0976825,7,3.0220200000000013,6,2,101.05,24,25,1,0,Ligand_15010
271.095691276,2,1.33628,6,1,98.23,20,21,5,0,Ligand_15013
347.093977024,5,1.57672,4,3,104.37,24,25,5,0,Ligand_15014
487.13479628,7,3.3731000000000018,7,3,130.15,33,36,4,0,Ligand_15015
413.152160596,5,2.00082,8,1,88.83,29,32,2,0,Ligand_15016
306.121571676,3,1.5438999999999998,5,2,88.10000000000001,22,23,5,0,Ligand_15017
464.245726632,11,3.286940000000002,6,1,93.53000000000002,32,33,5,0,Ligand_15019
548.320999748,14,2.5603000000000016,7,4,165.92,39,39,1,0,Ligand_15022
386.1365530439999,3,3.446200000000002,7,0,92.04000000000002,28,30,2,0,Ligand_15025
440.278741012,7,2.29124,6,2,81.75,32,34,1,0,Ligand_15026
396.216140756,4,2.9166800000000013,7,1,91.82,29,31,2,0,Ligand_15027
386.14126156399993,7,1.98739,5,2,87.19999999999999,27,29,1,0,Ligand_15030
362.141261564,5,1.6877999999999995,4,2,95.16,25,27,5,0,Ligand_15034
477.139212964,11,3.3904000000000023,7,2,106.62,32,34,2,0,Ligand_15041
403.12019177200006,8,2.838400000000001,7,0,102.6,28,30,5,0,Ligand_15042
515.2090067759999,8,3.378300000000001,6,3,122.83,36,39,3,0,Ligand_15044
298.095356928,5,2.8732000000000006,5,1,77.5,22,24,3,0,Ligand_15045
382.152871804,7,3.2463000000000024,5,1,88.43,28,30,1,0,Ligand_15046
324.13213635999995,8,0.7919999999999995,7,2,114.82,23,23,4,0,Ligand_15048
318.06742792800003,6,1.6579,4,2,96.36,22,23,2,0,Ligand_15049
328.10929274,6,1.1208999999999985,5,2,101.57,22,22,1,0,Ligand_15050
319.08782902400003,6,2.48932,3,2,83.47,22,23,2,0,Ligand_15051
327.11067264400003,7,2.971900000000001,3,3,103.7,24,25,2,0,Ligand_15052
355.17835828,9,3.911100000000002,3,2,75.63,26,27,1,0,Ligand_15053
501.226371092,10,4.449100000000004,6,1,97.83,37,40,5,0,Ligand_15055
359.1957396600001,5,1.4754399999999996,7,0,89.69,26,28,4,0,Ligand_15056
379.08474524,5,1.8461199999999995,7,2,101.38,26,28,3,0,Ligand_15057
299.101839276,3,0.5035199999999997,7,1,102.24,22,24,2,0,Ligand_15058
314.093642676,6,1.0324999999999995,4,3,112.57,21,21,1,0,Ligand_15059
357.02378479600003,6,2.4533000000000005,3,2,83.47,23,24,5,0,Ligand_15060
364.199821996,8,2.3075,6,1,77.10000000000001,26,27,4,0,Ligand_15066
381.172227344,5,1.1897000000000004,5,1,92.94,26,28,3,0,Ligand_15080
343.09906240400005,4,2.0961,4,1,78.84,24,26,5,0,Ligand_15084
267.088687748,5,0.6866999999999996,6,2,75.86,18,19,2,0,Ligand_15085
301.08849772,5,2.0839,3,2,74.85,21,23,1,0,Ligand_15087
373.15501772,4,0.4428999999999996,7,1,85.15,27,30,2,0,Ligand_15088
383.103669116,3,3.647100000000002,5,1,73.22,27,30,4,0,Ligand_15089
449.0304468000001,5,2.1747000000000005,8,0,87.64999999999998,27,29,3,0,Ligand_15090
369.180089596,4,1.1293199999999997,8,1,85.29000000000002,27,30,5,0,Ligand_15099
497.2348276,6,5.078920000000005,5,2,95.41,35,39,3,0,Ligand_15100
314.174275944,3,1.0331999999999992,4,2,73.80000000000001,23,25,3,0,Ligand_15106
403.15657728,7,2.1974,5,1,88.60000000000001,28,30,3,0,Ligand_15112
363.125277152,8,1.4171999999999991,5,1,88.60000000000001,25,26,5,0,Ligand_15113
405.112519548,8,0.4638000000000006,6,2,96.97,26,27,3,0,Ligand_15114
246.100442308,3,1.9723,3,3,82.19,18,19,5,0,Ligand_15117
404.184840628,8,2.7003000000000004,4,3,99.75,30,33,2,0,Ligand_15118
333.13380810000007,3,1.9957,7,2,97.62,25,28,4,0,Ligand_15119
495.110021012,6,2.965300000000001,7,2,130.94,35,39,5,0,Ligand_15120
299.13822478400004,3,1.9136,7,1,81.93,22,24,2,0,Ligand_15121
319.079075908,4,2.1285,4,2,74.85,22,24,1,0,Ligand_15122
451.258339916,7,4.745620000000003,6,2,109.74,33,36,2,0,Ligand_15124
488.1423028880001,7,3.721140000000003,4,3,84.91000000000001,31,33,2,0,Ligand_15126
453.156971204,5,1.1789199999999995,7,1,122.32,31,33,1,0,Ligand_15127
408.0925971200001,8,1.8438999999999997,7,1,99.51,27,29,3,0,Ligand_15128
380.1583511079999,8,1.5298999999999996,7,2,104.35,27,28,1,0,Ligand_15129
414.091928424,11,0.9719000000000008,6,2,110.8,27,28,5,0,Ligand_15131
333.11134134,2,1.7287,4,1,75.17,25,28,2,0,Ligand_15132
333.168856216,9,1.012799999999999,5,2,93.19,24,25,2,0,Ligand_15134
354.07980418000005,3,0.1254999999999995,6,2,106.6,24,26,4,0,Ligand_15135
306.07866130800005,4,1.428,8,1,78.27000000000001,21,23,4,0,Ligand_15137
387.123735864,3,4.145300000000004,5,2,75.63,27,30,1,0,Ligand_15138
300.122240372,3,1.8702,7,2,89.27,22,24,5,0,Ligand_15139
441.201218964,7,1.1176800000000005,8,2,116.16,32,35,3,0,Ligand_15140
279.112010036,1,2.029,6,3,88.46000000000001,21,24,1,0,Ligand_15142
317.04702683200003,4,1.8307,5,2,105.06,22,24,5,0,Ligand_15143
439.069419152,8,3.698100000000002,7,2,97.39,28,30,2,0,Ligand_15144
314.137890436,4,2.1732,7,1,78.27000000000001,23,25,5,0,Ligand_15145
278.137890436,5,0.193,7,0,78.89,20,21,2,0,Ligand_15150
338.100167536,3,-0.7198800000000007,8,4,129.59,24,26,1,0,Ligand_15151
480.3087037479999,5,1.8539999999999996,7,6,138.45000000000002,34,37,3,0,Ligand_15152
334.109961436,5,0.2851000000000008,4,2,81.75,23,24,4,0,Ligand_15154
525.204590092,9,1.5151,7,2,112.98,37,40,2,0,Ligand_15158
520.1892743760001,10,2.4697,7,2,118.33,37,40,2,0,Ligand_15159
482.162390932,6,1.9254999999999995,6,1,100.95,34,37,2,0,Ligand_15160
415.199487648,7,3.438320000000001,5,2,105.84,30,32,3,0,Ligand_15161
454.07654864,4,3.259000000000002,5,1,84.94000000000001,30,33,5,0,Ligand_15162
562.18860568,9,3.307400000000002,8,1,119.95,40,44,1,0,Ligand_15164
366.132805056,6,1.1645999999999994,6,2,114.18,27,29,5,0,Ligand_15168
386.1067058960001,6,2.418,4,1,75.71000000000001,25,27,3,0,Ligand_15169
279.100776656,4,2.793300000000001,4,2,75.11,21,23,5,0,Ligand_15170
403.15657728,7,2.1974,5,1,88.60000000000001,28,30,3,0,Ligand_15171
417.172227344,7,2.50582,5,1,88.60000000000001,29,31,3,0,Ligand_15172
417.172227344,7,2.505820000000001,5,1,88.60000000000001,29,31,3,0,Ligand_15174
503.209006776,8,2.755300000000001,6,2,125.90000000000002,35,38,4,0,Ligand_15175
319.087829024,6,1.96922,3,2,83.47,22,23,5,0,Ligand_15179
406.1099614360001,2,2.36932,6,1,76.34,29,33,1,0,Ligand_15181
568.281633472,8,4.000000000000003,5,2,90.98000000000002,40,45,3,0,Ligand_15182
536.29987038,7,2.1736400000000007,6,2,100.20999999999998,39,44,3,0,Ligand_15183
397.152537456,5,2.3310000000000004,5,1,93.14,29,32,2,0,Ligand_15184
467.242021156,7,2.6432,5,2,96.97,34,38,3,0,Ligand_15185
451.171890908,4,2.7769000000000004,5,1,88.60000000000001,32,35,4,0,Ligand_15186
475.151904412,4,3.9372000000000025,4,1,79.37,34,37,4,0,Ligand_15187
518.1293765519999,6,1.89722,9,1,119.83,35,39,5,0,Ligand_15188
554.252920188,8,3.5540600000000016,7,2,111.43,41,45,1,0,Ligand_15189
499.13479628,5,2.3958000000000004,8,0,103.78,34,38,5,0,Ligand_15190
544.2009648679999,7,5.608300000000005,6,2,105.17000000000002,40,44,1,0,Ligand_15191
519.182792028,8,5.951200000000005,8,0,94.76,37,41,1,0,Ligand_15192
499.177706648,7,2.4051,9,1,100.79,35,39,2,0,Ligand_15195
433.188922964,3,4.555120000000004,6,1,85.61,32,36,3,0,Ligand_15196
495.1973965359999,7,1.7875200000000002,8,1,104.61,33,36,5,0,Ligand_15199
414.169190564,4,3.781200000000003,4,2,83.56000000000002,31,35,2,0,Ligand_15201
457.1559085839999,6,3.896340000000003,6,0,86.05,32,35,5,0,Ligand_15202
424.163436488,6,2.4744,6,3,116.17000000000002,31,34,2,0,Ligand_15204
410.147786424,5,2.0843,6,3,116.17000000000002,30,33,2,0,Ligand_15205
492.090152508,6,4.930800000000002,6,2,97.97,33,36,2,0,Ligand_15206
384.111006992,2,3.951820000000003,5,1,83.63999999999999,29,33,1,0,Ligand_15207
416.1583511079999,7,0.987399999999999,7,1,103.4,30,33,3,0,Ligand_15208
423.17697628799993,5,3.3980000000000024,4,1,79.37,30,32,4,0,Ligand_15209
482.19877644,6,3.8427200000000026,7,0,84.74000000000001,34,37,5,0,Ligand_15211
535.2794692839999,10,2.616900000000001,8,2,114.79,39,42,2,0,Ligand_15212
458.151157552,7,2.886200000000001,6,1,102.01,32,35,4,0,Ligand_15213
481.2100523319999,7,4.733900000000005,8,1,98.44,35,38,2,0,Ligand_15214
478.2216200599999,6,2.6372,7,1,102.76,35,38,2,0,Ligand_15215
434.1754188160001,3,3.001620000000001,6,2,85.13,32,35,5,0,Ligand_15216
499.195464888,9,2.015299999999999,10,1,119.25000000000004,36,39,2,0,Ligand_15217
540.2220139839999,11,1.5130000000000003,10,2,139.11999999999998,39,42,3,0,Ligand_15218
524.227099364,10,1.8128200000000003,9,2,129.89,38,41,3,0,Ligand_15219
462.103161804,6,2.5246000000000004,8,0,101.93,31,34,2,0,Ligand_15220
439.15657728,5,2.814000000000002,5,1,88.47999999999999,31,34,5,0,Ligand_15221
375.06776227600005,2,3.702720000000002,6,0,76.30000000000001,27,31,3,0,Ligand_15222
384.11100699200006,3,3.9464000000000015,5,0,72.64,29,33,1,0,Ligand_15223
487.10249102,8,2.035199999999999,6,2,114.04,33,35,3,0,Ligand_15224
469.203527472,8,2.9341,4,2,95.58,33,36,3,0,Ligand_15225
444.1831263759999,4,2.2099,5,0,73.4,31,34,2,0,Ligand_15226
422.1446326920001,4,2.786900000000001,6,1,92.26,28,31,3,0,Ligand_15227
406.167476312,4,2.3184000000000005,6,1,105.4,28,31,3,0,Ligand_15228
483.156098612,6,3.043000000000001,6,1,96.02,34,37,4,0,Ligand_15229
392.151826248,3,1.882,6,0,96.61,27,30,4,0,Ligand_15231
441.172227344,6,2.688340000000001,7,1,82.33000000000001,31,34,2,0,Ligand_15232
446.126005424,6,2.2794,8,1,123.86,31,34,4,0,Ligand_15233
431.056289776,4,2.427420000000001,4,2,95.58,29,31,4,0,Ligand_15234
448.08751174,6,2.500300000000001,8,1,110.72,30,33,2,0,Ligand_15236
404.1484551200001,4,2.10762,6,1,93.41000000000004,30,33,1,0,Ligand_15237
486.1283139319999,8,4.178540000000004,7,1,98.5,33,36,1,0,Ligand_15238
412.160991876,5,3.482400000000002,4,1,79.62,29,31,3,0,Ligand_15239
431.056289776,4,2.427420000000001,4,2,95.58,29,31,4,0,Ligand_15240
424.047538748,4,2.761300000000001,6,1,92.26,28,31,2,0,Ligand_15241
479.2168690280001,9,3.156400000000001,9,3,119.76000000000002,35,38,1,0,Ligand_15242
463.177706648,6,1.6869999999999998,7,0,105.99,32,34,5,0,Ligand_15243
467.1968825320001,8,3.286900000000001,8,3,110.53,34,37,1,0,Ligand_15244
486.19369106,9,2.705400000000001,8,1,106.55,34,37,2,0,Ligand_15245
416.140592868,4,1.6695999999999998,5,0,76.15,29,32,3,0,Ligand_15247
472.08751174,7,2.944100000000001,7,2,117.70000000000002,32,35,5,0,Ligand_15248
397.163770836,4,2.25282,7,0,94.64,29,32,1,0,Ligand_15249
478.258005568,9,3.131100000000001,6,2,96.43,35,38,5,0,Ligand_15251
439.102433532,5,4.419520000000004,5,1,78.84,30,33,2,0,Ligand_15252
442.174001172,8,2.2073,8,1,101.68,32,35,1,0,Ligand_15254
417.1688562160001,6,3.8275200000000034,6,1,86.88,31,34,3,0,Ligand_15255
434.147786424,7,3.7787200000000025,7,1,102.1,32,35,3,0,Ligand_15256
414.136176184,5,2.500900000000001,6,1,105.4,29,32,4,0,Ligand_15257
430.131090804,6,1.9485,7,1,114.63,30,33,4,0,Ligand_15258
425.12546718,5,3.3899000000000017,7,2,104.29,30,33,1,0,Ligand_15259
450.21547206,8,3.3042200000000017,6,1,79.31,33,36,1,0,Ligand_15260
439.17433552,7,1.9980999999999995,8,1,100.79,32,35,2,0,Ligand_15262
472.073833748,5,5.002040000000003,6,2,84.5,31,33,4,0,Ligand_15263
463.2219544080001,9,3.537900000000002,8,3,110.53,34,37,1,0,Ligand_15265
377.137556088,4,1.86404,6,1,88.07,28,31,1,0,Ligand_15266
403.20082504000015,5,4.221240000000002,6,2,81.07,30,33,5,0,Ligand_15268
421.2001563440001,5,2.9758000000000004,4,2,87.73999999999998,31,34,1,0,Ligand_15269
488.136570108,8,-0.5839999999999983,9,2,145.57,34,36,1,0,Ligand_15270
460.123897248,9,2.264,8,2,116.31000000000002,31,34,5,0,Ligand_15272
426.21547206,9,2.635600000000001,6,2,103.78,31,33,1,0,Ligand_15273
449.158685456,8,3.663000000000003,6,1,101.32,33,36,4,0,Ligand_15275
391.164439532,5,2.7365000000000004,7,2,104.29,29,32,1,0,Ligand_15276
446.1754188160001,7,3.937820000000003,4,1,82.61000000000001,33,36,4,0,Ligand_15278
429.135841836,7,1.9078,8,1,91.56,30,33,2,0,Ligand_15280
438.190319932,6,1.9087,6,2,104.12,32,35,3,0,Ligand_15281
440.188211756,7,3.304540000000002,7,2,81.84,31,34,5,0,Ligand_15282
416.0976825000001,6,2.2033,6,1,92.26,28,31,2,0,Ligand_15285
530.1769954399999,5,1.93082,9,0,108.71,36,40,5,0,Ligand_15288
368.184840628,4,1.0714999999999997,5,0,73.82000000000001,27,30,1,0,Ligand_15290
433.203527472,6,3.1144000000000016,5,1,88.47999999999999,30,32,5,0,Ligand_15294
460.130422108,7,2.26712,7,2,120.03,32,34,5,0,Ligand_15296
419.1957396600001,7,3.139200000000001,7,3,101.3,31,34,1,0,Ligand_15298
363.121906024,4,1.5556199999999996,6,1,88.07,27,30,1,0,Ligand_15299
526.1886056799999,5,1.5304,8,0,101.39,37,41,5,0,Ligand_15300
355.11437603199994,5,1.5657,3,2,78.51,25,27,5,0,Ligand_15301
466.060149628,6,2.3091,7,3,131.03,31,33,5,0,Ligand_15302
391.164439532,5,3.222900000000002,7,2,90.3,29,32,5,0,Ligand_15305
357.13002609599994,2,2.4721200000000003,3,2,78.51,25,26,2,0,Ligand_15307
379.144453036,4,3.353400000000001,6,2,81.07,28,31,5,0,Ligand_15308
410.159019804,4,1.8188999999999984,5,3,109.0,30,33,1,0,Ligand_15309
382.119857424,5,1.5781999999999998,7,0,98.81999999999998,26,28,1,0,Ligand_15312
460.130422108,8,2.3488000000000007,7,2,120.03,32,34,5,0,Ligand_15313
506.19877644,6,2.934400000000001,6,0,82.92999999999999,36,40,5,0,Ligand_15314
384.13213636,7,0.9962999999999992,6,2,119.16,28,30,4,0,Ligand_15315
446.114772044,7,2.0458,7,3,131.03,31,33,5,0,Ligand_15317
392.151826248,5,2.0745399999999994,5,2,104.39,27,29,5,0,Ligand_15318
399.204573028,6,4.0134000000000025,6,1,73.86,29,31,5,0,Ligand_15320
426.21547206,9,2.9524000000000017,5,1,77.10000000000001,31,33,3,0,Ligand_15326
468.226036744,11,3.884000000000003,6,1,94.17000000000002,34,36,5,0,Ligand_15331
416.11544074,6,2.19132,6,3,138.35,29,31,1,0,Ligand_15332
435.092262772,8,3.052200000000001,6,2,116.14,29,31,2,0,Ligand_15333
439.210721028,9,2.9183200000000014,5,1,88.18,32,34,4,0,Ligand_15334
425.195070964,8,3.668300000000003,5,1,88.17999999999999,31,33,4,0,Ligand_15335
471.180563772,10,3.204900000000002,6,1,105.25,34,36,4,0,Ligand_15336
437.0909115120001,7,3.7334000000000014,4,3,90.9,29,31,3,0,Ligand_15338
440.169584488,8,1.4400999999999995,6,3,126.07,32,34,4,0,Ligand_15339
409.152537456,8,3.132000000000001,6,0,89.97999999999999,30,32,4,0,Ligand_15340
385.236541852,7,2.903200000000001,4,2,74.57,28,30,5,0,Ligand_15341
445.11076996,7,2.3382000000000005,6,1,88.18,31,33,4,0,Ligand_15342
523.2286966639999,8,2.4252200000000013,8,1,104.61,35,38,5,0,Ligand_15345
432.2082785039999,9,3.946320000000004,5,1,79.62,30,32,4,0,Ligand_15346
418.19262844,8,3.4137200000000023,5,1,79.62,29,31,4,0,Ligand_15347
396.146740868,6,-0.2275999999999984,7,1,110.48000000000002,27,28,4,0,Ligand_15351
500.205969996,6,2.7177000000000007,7,1,96.87,37,41,3,0,Ligand_15352
528.212117996,7,1.8765,9,1,118.89,39,43,2,0,Ligand_15353
372.179755248,6,2.8458200000000007,8,1,87.5,27,29,1,0,Ligand_15356
521.1402755839999,7,1.3584199999999995,10,1,123.06999999999998,35,38,5,0,Ligand_15357
373.1750042160001,7,0.9943999999999996,8,3,124.52,27,29,1,0,Ligand_15358
422.162390932,7,1.0984600000000002,5,3,132.2,29,30,5,0,Ligand_15359
515.183854648,7,0.2630000000000023,9,1,122.95000000000002,36,39,5,0,Ligand_15361
411.1794209,8,2.5674,5,1,88.18,30,32,4,0,Ligand_15363
372.12561149999993,5,2.76934,7,1,89.87,26,28,5,0,Ligand_15364
403.129883864,7,3.080000000000002,4,3,90.9,28,30,3,0,Ligand_15366
301.131408088,4,2.5746,3,2,83.47,22,24,3,0,Ligand_15367
374.184171932,5,3.207600000000002,5,2,85.89000000000001,27,29,3,0,Ligand_15368
384.09259712,6,0.8546000000000002,7,1,101.49,25,27,4,0,Ligand_15369
412.163436488,7,3.083700000000001,6,2,95.12,30,32,3,0,Ligand_15371
397.163770836,6,2.979000000000001,5,3,97.92000000000002,29,31,4,0,Ligand_15373
549.182809092,10,0.9986200000000024,11,1,139.61999999999998,37,40,5,0,Ligand_15374
529.232519092,9,2.2016,8,1,109.79,39,43,3,0,Ligand_15375
352.14230712,5,2.954500000000001,4,1,75.71000000000001,26,28,1,0,Ligand_15376
364.983359724,2,2.7284000000000006,4,2,74.85,21,23,3,0,Ligand_15378
439.258339916,8,1.9249,8,0,74.28999999999999,32,35,2,0,Ligand_15379
493.203527472,4,3.6902000000000026,5,0,79.69,35,39,5,0,Ligand_15380
432.117749248,6,3.296420000000001,5,2,92.34,29,31,2,0,Ligand_15382
376.0517778640001,2,3.704900000000001,6,1,83.64,27,31,1,0,Ligand_15385
452.97827434400006,2,4.465220000000002,6,0,76.30000000000001,28,32,4,0,Ligand_15386
419.093977024,3,4.223300000000003,7,1,96.53000000000002,30,34,1,0,Ligand_15387
424.163436488,8,2.3206000000000007,6,0,93.22,31,33,3,0,Ligand_15388
414.121571676,4,3.9550000000000023,6,0,81.87,31,35,1,0,Ligand_15389
354.121571676,5,2.5878000000000005,6,1,88.96000000000001,26,28,3,0,Ligand_15392
556.30495576,10,4.332900000000003,6,1,74.35000000000001,41,45,2,0,Ligand_15396
444.168521868,4,4.015600000000004,5,1,77.10000000000001,33,37,4,0,Ligand_15397
425.137556088,4,4.538720000000003,4,3,106.52,32,36,1,0,Ligand_15401
411.204573028,3,3.122520000000001,5,1,79.98,30,34,5,0,Ligand_15405
343.18959166,3,2.805060000000001,3,2,78.51,25,27,5,0,Ligand_15409
401.140927216,6,2.643620000000001,5,1,84.55,28,31,3,0,Ligand_15412
441.172227344,8,2.7933000000000003,5,1,80.64,31,34,3,0,Ligand_15413
421.203527472,9,2.7472000000000003,5,1,80.64,29,31,4,0,Ligand_15414
445.130756456,6,1.6685,7,0,102.06,31,34,3,0,Ligand_15417
465.135841836,8,2.731600000000001,6,1,101.62,33,36,5,0,Ligand_15418
425.162056584,7,1.0237,7,1,110.84999999999998,29,31,4,0,Ligand_15419
437.1984420920001,6,2.5659,6,1,101.62,30,32,4,0,Ligand_15420
421.167141964,5,2.0739,6,1,101.62,29,32,5,0,Ligand_15421
445.1208604680001,6,4.252600000000003,8,1,98.48,32,36,5,0,Ligand_15423
445.120860468,5,4.170920000000002,8,1,98.48,32,36,5,0,Ligand_15424
493.111708936,6,4.595400000000003,6,1,81.28999999999999,35,39,3,0,Ligand_15425
508.198966468,9,2.5170000000000003,8,1,93.76,36,40,1,0,Ligand_15426
224.079706864,1,-0.4686800000000001,5,1,73.32,16,18,2,0,Ligand_15428
467.2883026519999,6,0.2710000000000028,8,3,100.85000000000002,33,38,1,0,Ligand_15429
408.091055832,6,2.8181000000000003,4,1,75.71000000000001,27,29,3,0,Ligand_15431
418.076947056,5,2.4917000000000007,7,1,101.49,28,31,2,0,Ligand_15433
448.08751174,6,2.500300000000001,8,1,110.72,30,33,2,0,Ligand_15434
417.135841836,7,2.353300000000001,6,1,105.67,29,31,3,0,Ligand_15435
389.104541708,6,1.5731,6,1,105.67,27,29,3,0,Ligand_15436
451.120191772,6,3.0199200000000017,6,0,96.87999999999998,32,35,3,0,Ligand_15437
450.099790676,6,2.6370000000000005,6,2,125.54000000000002,32,35,3,0,Ligand_15438
492.146740868,6,2.3973000000000004,7,0,100.12,35,39,3,0,Ligand_15439
481.130756456,9,2.763600000000001,7,1,114.90000000000002,34,37,3,0,Ligand_15440
281.068807832,3,2.1085000000000003,3,1,74.68,21,23,1,0,Ligand_15441
451.120191772,6,3.0199200000000017,6,0,96.87999999999998,32,35,3,0,Ligand_15442
431.1514919,9,2.6971000000000016,6,0,96.88,30,32,3,0,Ligand_15443
365.173941596,3,3.4625200000000023,5,1,75.44,27,30,1,0,Ligand_15445
423.19065428,8,0.8019000000000016,7,2,105.56,31,33,2,0,Ligand_15447
359.18450628,7,2.1642,7,1,72.92,26,28,4,0,Ligand_15451
435.182792028,9,2.0428999999999995,6,2,100.73,30,32,3,0,Ligand_15452
491.089339492,6,3.312400000000001,5,1,78.95000000000002,32,34,1,0,Ligand_15454
466.16930615199993,10,4.432400000000004,5,1,79.62,31,33,4,0,Ligand_15455
425.117604928,7,2.6452,5,2,91.5,28,30,3,0,Ligand_15460
461.2148411039999,9,3.402000000000003,4,2,78.51,32,34,3,0,Ligand_15462
416.16151834,7,2.5434,5,2,73.91,29,31,1,0,Ligand_15469
457.221285712,9,1.9088,7,1,89.57000000000001,33,35,1,0,Ligand_15473
431.09734815200005,5,3.246020000000001,7,1,106.5,29,32,3,0,Ligand_15476
392.184840628,5,3.4785000000000013,6,2,77.41000000000001,29,32,1,0,Ligand_15483
332.083077992,4,1.80442,4,2,84.50000000000001,23,25,2,0,Ligand_15485
485.189688976,7,2.4591400000000005,7,1,87.53999999999999,34,37,5,0,Ligand_15486
356.1306968800001,7,3.8660000000000014,5,2,79.9,25,27,1,0,Ligand_15488
346.098728056,4,2.2696000000000005,4,1,75.71000000000001,24,26,1,0,Ligand_15492
306.111675688,2,2.4994000000000005,5,2,76.02,23,26,2,0,Ligand_15494
364.055148992,4,2.928700000000001,5,2,84.5,24,26,5,0,Ligand_15495
403.120191772,5,1.9181999999999997,5,2,104.81,28,30,5,0,Ligand_15496
387.125277152,5,2.681800000000001,4,2,95.58,27,29,5,0,Ligand_15497
431.1514919,6,2.5543000000000005,5,2,104.81,30,32,5,0,Ligand_15498
368.059755704,6,2.654100000000001,4,2,84.5,24,25,4,0,Ligand_15499
483.0212017759999,5,0.3680999999999993,10,5,159.51,29,32,1,0,Ligand_15500
297.143704088,6,-1.6084999999999985,9,2,103.31,21,22,4,0,Ligand_15501
207.075624528,2,-0.1167999999999999,7,1,95.4,15,16,3,0,Ligand_15502
366.06186388,4,0.2592999999999997,7,2,110.62,25,27,3,0,Ligand_15503
369.1437040880001,4,0.3916000000000004,8,1,102.36,27,30,5,0,Ligand_15504
339.085520516,3,1.0571999999999997,6,2,102.42000000000002,25,28,3,0,Ligand_15505
311.122968644,5,-1.9304999999999977,9,2,137.78,22,22,3,0,Ligand_15506
395.111735264,4,1.5579,7,2,111.65,29,32,4,0,Ligand_15508
303.08552051600003,2,0.0649999999999997,7,1,91.56,22,24,2,0,Ligand_15509
294.040734512,2,0.6739999999999999,6,1,81.30000000000001,20,21,2,0,Ligand_15510
450.120920044,5,-0.1825799999999993,7,3,150.65999999999997,31,34,1,0,Ligand_15511
326.12665705599994,5,2.803440000000001,3,3,95.33,24,26,3,0,Ligand_15512
439.15657728,4,3.184340000000001,4,2,99.34,31,34,1,0,Ligand_15513
443.1514919,4,2.6737400000000013,5,2,104.81000000000002,31,34,4,0,Ligand_15514
433.155908584,8,2.9320000000000013,6,0,82.13999999999999,30,32,3,0,Ligand_15516
344.083077992,4,2.0322,4,1,83.55000000000001,24,26,4,0,Ligand_15520
356.17360724799994,5,2.4225400000000006,6,1,75.71000000000001,26,28,5,0,Ligand_15521
440.24235550399993,8,1.2962000000000002,8,1,82.19,32,35,5,0,Ligand_15522
385.200156344,7,1.7402000000000002,7,1,78.95,28,30,5,0,Ligand_15523
451.042725736,4,3.281200000000001,7,2,96.86,29,32,1,0,Ligand_15525
435.047811116,4,2.9503000000000013,6,2,87.63,28,31,1,0,Ligand_15526
456.146740868,4,1.3374199999999996,7,1,110.48,32,35,2,0,Ligand_15527
444.146740868,6,0.4825200000000003,7,1,110.48,31,33,4,0,Ligand_15528
322.189257312,7,1.5200999999999998,6,1,75.71000000000001,23,24,2,0,Ligand_15530
339.1794209,8,0.7638,7,2,96.97,24,25,1,0,Ligand_15531
489.214282184,8,2.2029,8,2,94.22,34,37,1,0,Ligand_15532
475.315854792,9,2.0677000000000008,8,2,94.22,34,37,1,0,Ligand_15533
426.22670543999993,6,1.6376,7,1,82.19,31,34,1,0,Ligand_15534
445.221285712,10,2.0131,8,1,97.41,32,34,4,0,Ligand_15535
437.26784198,8,3.0961000000000016,5,2,78.51,32,35,1,0,Ligand_15536
437.26784198,9,3.2402000000000024,5,2,78.51,32,35,1,0,Ligand_15537
461.125671076,7,1.0569000000000004,9,1,125.7,32,34,3,0,Ligand_15538
465.15697120400006,6,0.2027000000000014,9,0,124.75,32,34,2,0,Ligand_15539
419.095119896,5,1.1787999999999996,7,1,107.24,29,31,3,0,Ligand_15540
423.090721484,7,2.9433000000000007,5,0,72.91,28,30,3,0,Ligand_15541
455.14025852,5,3.2479400000000016,6,0,93.89,32,35,5,0,Ligand_15542
439.1453439,4,3.547760000000002,5,0,84.66,31,34,5,0,Ligand_15543
415.120191772,6,1.9518,5,1,103.86,29,31,4,0,Ligand_15544
484.18927437600007,5,2.01434,6,1,116.97,34,37,4,0,Ligand_15545
478.201633564,5,2.1707,6,0,75.09,35,39,2,0,Ligand_15546
451.17433552,7,2.3387,7,1,99.1,33,36,2,0,Ligand_15547
415.096869484,5,0.9987999999999996,6,1,96.02,27,29,2,0,Ligand_15548
478.123228552,9,2.659200000000001,7,2,110.8,32,34,2,0,Ligand_15549
486.157305552,6,2.183699999999999,6,2,125.12,34,37,1,0,Ligand_15550
481.203527472,6,2.886800000000001,5,0,78.0,34,38,4,0,Ligand_15552
391.075740116,6,3.148600000000002,4,2,87.63,26,28,5,0,Ligand_15554
358.098728056,5,3.031320000000001,5,1,84.83,25,27,5,0,Ligand_15556
402.124942804,4,3.445700000000002,5,0,83.99000000000001,28,30,2,0,Ligand_15557
390.0885572959999,5,2.393600000000001,6,0,93.22,27,29,2,0,Ligand_15558
385.153874848,5,3.3443000000000023,6,2,92.4,29,32,5,0,Ligand_15559
398.141261564,4,2.34992,6,1,84.42,28,31,2,0,Ligand_15560
365.137556088,4,1.7579000000000002,5,1,78.95,27,30,1,0,Ligand_15561
379.153206152,4,2.1464000000000008,5,1,78.95000000000002,28,31,1,0,Ligand_15562
407.116045368,3,1.1110999999999995,8,0,74.28999999999999,28,31,1,0,Ligand_15563
360.07146775200005,3,2.17858,7,2,77.39,24,26,3,0,Ligand_15565
467.26448791600006,6,0.0881000000000022,10,0,80.77000000000001,34,38,4,0,Ligand_15566
413.169918836,5,0.1618000000000008,10,0,100.59,30,33,1,0,Ligand_15569
411.165502152,6,1.1411999999999995,11,0,117.38,30,33,4,0,Ligand_15570
361.1498520880001,4,-0.1672999999999997,11,1,118.85,26,29,4,0,Ligand_15571
410.150266688,5,1.5903,7,1,102.24,30,33,1,0,Ligand_15572
440.199445136,8,1.87244,8,1,84.65,31,34,2,0,Ligand_15574
361.1208604680001,4,2.1183600000000005,7,2,109.48,25,27,3,0,Ligand_15575
420.216140756,8,3.4391000000000016,6,2,75.72,31,34,4,0,Ligand_15577
369.180089596,4,0.3141999999999998,8,0,74.28999999999999,27,30,4,0,Ligand_15579
397.211389724,6,0.8986999999999998,8,0,74.28999999999999,29,32,4,0,Ligand_15580
411.227039788,5,1.2856000000000007,8,0,74.29,30,33,4,0,Ligand_15581
382.099870928,5,1.5627199999999997,6,0,89.71000000000001,26,28,2,0,Ligand_15582
406.23285343999993,5,-0.6352999999999955,9,1,97.62000000000002,29,32,4,0,Ligand_15585
367.1280540240001,4,3.2566000000000006,6,3,102.95,27,30,4,0,Ligand_15586
415.201967912,7,1.1892000000000007,7,1,80.87,30,33,4,0,Ligand_15587
414.124942804,6,3.4097000000000026,7,0,81.87,29,32,3,0,Ligand_15595
508.1528888680001,5,2.3147,10,1,132.56,36,41,1,0,Ligand_15596
435.1794209,7,2.0078,6,1,89.87,32,35,2,0,Ligand_15599
406.1198574239999,5,2.55832,6,1,94.17000000000002,28,30,1,0,Ligand_15600
471.182792028,4,3.088140000000001,5,1,96.02,33,36,2,0,Ligand_15601
426.183795072,8,1.9742999999999995,8,1,84.65,30,33,1,0,Ligand_15602
420.227374136,7,2.3647399999999994,7,1,85.17000000000002,31,34,1,0,Ligand_15603
377.140927216,6,1.95809,6,1,76.56,26,28,2,0,Ligand_15604
466.1852345519999,8,1.4279,8,2,120.78000000000002,34,37,2,0,Ligand_15613
442.19262844,8,3.829600000000003,4,2,92.34,31,33,1,0,Ligand_15614
404.15699188,7,3.2268000000000017,3,2,75.27000000000001,28,30,3,0,Ligand_15616
455.187877408,5,2.701200000000001,4,1,86.79,32,35,4,0,Ligand_15617
459.14640652,6,1.7431999999999994,6,2,114.04,32,35,4,0,Ligand_15618
434.167556564,8,3.235400000000002,4,2,84.5,30,32,3,0,Ligand_15619
457.203527472,9,3.0886000000000013,4,3,104.37,32,34,3,0,Ligand_15620
473.178455596,5,2.796800000000001,4,1,86.79,33,36,1,0,Ligand_15621
359.19573966,9,2.748000000000001,8,2,98.26,26,27,1,0,Ligand_15622
381.157622836,6,2.2442,5,0,80.75,28,31,1,0,Ligand_15623
352.14230712,7,2.726700000000001,4,2,80.42,26,28,4,0,Ligand_15624
391.17433552,7,0.5815000000000006,6,2,114.04,28,29,2,0,Ligand_15625
538.315520444,11,2.9651,6,2,100.21,39,43,3,0,Ligand_15626
568.2816334720001,8,4.000000000000002,5,2,90.98000000000002,40,45,3,0,Ligand_15627
548.3362558880001,8,3.7174400000000016,5,2,90.98,40,45,3,0,Ligand_15628
490.2103866799999,11,4.047400000000004,6,2,97.33,36,39,4,0,Ligand_15629
464.205969996,3,3.3705000000000025,5,1,91.42,34,38,1,0,Ligand_15630
466.134461932,5,1.8936999999999995,8,0,109.77,31,34,4,0,Ligand_15631
452.209341124,8,0.9983000000000012,7,0,101.69,31,32,1,0,Ligand_15632
454.0674236960001,9,2.2322,5,3,114.18,27,28,5,0,Ligand_15636
457.167141964,5,3.1803000000000017,5,2,104.81000000000002,32,35,4,0,Ligand_15638
369.180089596,5,1.39332,8,0,74.29,27,30,5,0,Ligand_15639
469.203527472,4,3.640340000000003,4,1,86.79,33,36,4,0,Ligand_15640
417.216475104,9,2.906200000000001,5,2,83.02000000000001,31,34,5,0,Ligand_15641
443.232125168,6,3.214620000000002,5,2,83.02000000000001,33,37,5,0,Ligand_15642
444.227374136,7,2.206299999999999,6,2,86.25999999999999,33,37,5,0,Ligand_15643
382.164105184,4,1.679499999999999,6,1,97.29,28,31,1,0,Ligand_15644
339.169524912,3,1.0418999999999998,5,1,74.23,25,28,1,0,Ligand_15645
481.0129456,8,4.044200000000003,6,1,81.06,28,30,1,0,Ligand_15648
377.173941596,6,2.888300000000001,3,2,74.43,28,31,4,0,Ligand_15649
435.092262772,7,2.1268400000000005,6,2,132.36,29,31,4,0,Ligand_15650
484.027803944,8,1.3167999999999993,8,2,162.32,31,33,1,0,Ligand_15651
454.131090804,5,3.730400000000003,9,0,95.9,32,35,3,0,Ligand_15653
361.07324158,4,1.7766999999999995,5,3,113.6,25,27,5,0,Ligand_15654
517.22465684,9,3.145400000000002,6,2,125.90000000000002,36,39,4,0,Ligand_15655
456.171892996,7,3.5691000000000024,6,1,77.10000000000001,32,35,2,0,Ligand_15656
372.11437812,3,2.45254,4,1,83.55000000000001,26,28,1,0,Ligand_15657
428.06537724,4,2.7343,5,1,92.78000000000002,29,31,1,0,Ligand_15658
387.16166266,2,3.801920000000002,6,2,76.38000000000001,27,30,3,0,Ligand_15659
393.055004672,3,2.9759200000000003,4,3,104.37,26,28,2,0,Ligand_15660
427.1855689,6,1.9839,9,1,109.5,31,34,5,0,Ligand_15662
467.3372589320001,7,3.539900000000002,7,1,79.18,34,38,3,0,Ligand_15663
452.2091372280001,5,3.7814000000000014,6,1,75.94,32,36,3,0,Ligand_15664
478.269238948,7,3.1452000000000018,8,1,94.4,35,39,3,0,Ligand_15665
489.2852233600001,4,3.126500000000002,8,0,79.62,36,41,3,0,Ligand_15666
408.227374136,4,3.020700000000001,7,0,80.29000000000002,30,34,3,0,Ligand_15667
448.22228875600007,4,3.1944000000000017,8,1,102.24,33,37,3,0,Ligand_15668
484.214426504,5,3.3752200000000023,5,2,98.82,34,37,3,0,Ligand_15669
493.089675928,6,3.269700000000001,5,1,86.79,32,35,1,0,Ligand_15671
489.139212964,7,2.624900000000001,6,1,96.02,33,36,1,0,Ligand_15672
507.2832172719999,5,1.3499000000000023,9,1,95.92000000000002,36,42,1,0,Ligand_15677
470.003282152,6,4.702000000000003,3,2,75.27000000000001,29,31,1,0,Ligand_15681
386.130028184,5,2.4682000000000004,5,1,75.71000000000001,27,30,5,0,Ligand_15683
400.106139008,10,2.935780000000001,7,0,77.30000000000001,25,25,1,0,Ligand_15684
416.12598836,7,4.590800000000004,6,0,74.97,31,34,3,0,Ligand_15685
326.09835119600007,7,2.1479,7,2,96.45000000000002,21,22,3,0,Ligand_15687
225.057197592,2,-0.3161999999999993,4,2,84.54999999999998,15,16,1,0,Ligand_15690
370.1099614360001,2,1.66212,5,0,73.28999999999999,26,29,2,0,Ligand_15691
267.078995656,5,1.3943199999999998,6,2,96.70000000000002,18,19,2,0,Ligand_15692
311.14159591200007,6,1.55184,6,0,80.46000000000001,21,22,1,0,Ligand_15694
304.05177786400003,2,1.84334,6,0,82.17,21,23,2,0,Ligand_15697
470.126005424,10,1.8237,9,2,128.48000000000002,33,36,2,0,Ligand_15700
446.106705896,5,3.197700000000002,5,0,74.76,30,33,3,0,Ligand_15701
476.1583511079999,8,2.921600000000001,9,0,97.99,35,38,1,0,Ligand_15702
347.13822478400004,3,3.000100000000001,5,2,91.85000000000002,26,28,3,0,Ligand_15704
416.11544074,5,2.2708000000000004,7,1,114.63,29,32,4,0,Ligand_15709
414.136176184,5,2.2483200000000005,6,1,105.4,29,32,4,0,Ligand_15710
432.128982628,3,2.500580000000001,7,0,74.99000000000001,29,32,4,0,Ligand_15711
406.167476312,6,2.46464,5,2,104.39,28,30,5,0,Ligand_15712
434.0882606880001,5,2.5475000000000003,6,1,92.26,29,32,4,0,Ligand_15713
406.076947056,5,2.0014000000000003,7,1,105.4,27,30,4,0,Ligand_15714
404.0976825000001,8,2.1071,6,2,101.05,27,29,2,0,Ligand_15715
442.076947056,8,2.4903000000000004,7,2,114.19,30,33,2,0,Ligand_15716
396.128982628,6,2.4431000000000003,6,2,101.05,26,28,5,0,Ligand_15717
478.134461932,10,2.3703000000000003,8,2,119.51,32,34,2,0,Ligand_15718
434.108247184,8,2.3191999999999995,7,2,110.28,29,31,2,0,Ligand_15719
446.19877644,6,3.171560000000002,6,1,95.75,31,33,1,0,Ligand_15721
379.04606152800005,5,2.66082,5,2,88.16,25,27,4,0,Ligand_15722
367.0889718959999,6,2.0134,5,0,76.82,25,27,2,0,Ligand_15723
379.18959166,8,3.870320000000002,5,1,73.22,28,30,1,0,Ligand_15724
365.173941596,7,3.480220000000002,5,1,73.22,27,29,1,0,Ligand_15725
380.0976825,6,2.808300000000001,6,1,92.26,25,27,4,0,Ligand_15727
485.198442092,6,2.666300000000001,5,1,96.02,34,37,1,0,Ligand_15732
469.203527472,5,3.5859000000000023,4,1,86.78999999999999,33,36,4,0,Ligand_15733
485.198442092,6,3.422200000000002,5,1,96.02,34,37,4,0,Ligand_15734
489.148905056,5,3.3546000000000022,4,1,86.79,33,36,4,0,Ligand_15735
426.136176184,4,2.2709200000000003,5,2,112.23,30,33,1,0,Ligand_15736
426.136176184,4,2.2709200000000003,5,2,112.23,30,33,1,0,Ligand_15737
441.135841836,5,2.5761000000000003,5,2,108.57,31,34,1,0,Ligand_15738
374.130028184,6,1.8131,4,1,75.71,26,28,1,0,Ligand_15740
372.08136374,10,2.0575,6,1,102.84,24,25,5,0,Ligand_15741
436.222288756,6,2.02502,8,1,93.88,32,36,1,0,Ligand_15742
471.182792028,5,3.0337000000000014,5,1,96.02,33,36,4,0,Ligand_15743
469.203527472,4,3.6419400000000026,4,1,86.79,33,36,4,0,Ligand_15744
380.08644912,6,2.413000000000001,4,1,83.55,25,27,3,0,Ligand_15748
388.031826704,7,1.6495000000000004,4,2,106.32999999999998,24,25,4,0,Ligand_15749
408.135507488,7,2.0139,6,1,98.08,28,30,3,0,Ligand_15751
388.145678248,6,3.1247000000000016,4,1,75.71000000000001,27,29,3,0,Ligand_15752
401.060090052,5,4.096520000000003,4,2,88.16,27,29,2,0,Ligand_15754
345.03949684,4,2.3832000000000004,4,2,88.16,23,24,3,0,Ligand_15755
403.15320615200005,5,3.658800000000002,6,1,90.41,30,33,1,0,Ligand_15756
348.11437812,4,3.6607400000000014,6,1,81.42999999999999,24,26,4,0,Ligand_15759
372.098918084,5,3.4986200000000016,6,1,78.27,26,28,5,0,Ligand_15768
352.1535405,5,3.153640000000001,6,1,78.27,26,28,5,0,Ligand_15778
402.109482768,6,3.507220000000002,7,1,87.5,28,30,5,0,Ligand_15779
458.02595280800006,8,1.7505999999999995,7,3,132.64,27,28,4,0,Ligand_15780
462.0572529360001,7,0.8963999999999994,7,2,131.69,27,28,3,0,Ligand_15781
442.0310381880001,8,1.4196999999999995,6,3,123.41,26,27,4,0,Ligand_15782
405.22770848400006,3,3.111220000000002,7,1,88.83,30,34,3,0,Ligand_15784
382.1917375760001,7,2.866900000000001,6,2,84.21000000000001,28,31,2,0,Ligand_15785
462.1936910600001,6,2.5614600000000003,7,1,110.6,32,34,2,0,Ligand_15786
327.12190602400005,4,1.4961999999999995,5,2,89.55000000000001,24,26,1,0,Ligand_15787
324.111006992,4,2.58122,4,2,80.57000000000001,24,26,4,0,Ligand_15793
305.126322708,4,2.3027,4,2,92.7,22,23,3,0,Ligand_15796
547.2583399160001,6,5.094420000000005,6,1,87.54,41,46,4,0,Ligand_15797
354.12157167600003,2,1.647199999999999,6,2,107.72,26,29,5,0,Ligand_15798
321.07832696,4,1.273,5,2,99.07,22,23,2,0,Ligand_15799
293.11642672,4,2.5663000000000005,3,3,77.48,22,24,4,0,Ligand_15800
385.188922964,10,3.004520000000001,4,2,84.86,28,29,5,0,Ligand_15802
393.0960852,2,0.8401999999999995,8,1,135.86,29,32,4,0,Ligand_15803
406.1740011719999,8,1.3985999999999994,7,1,111.24000000000002,29,30,3,0,Ligand_15806
440.060898576,5,3.216700000000001,4,2,103.78000000000002,29,31,5,0,Ligand_15807
475.214092156,11,2.2518200000000004,6,2,96.97,33,35,2,0,Ligand_15808
480.0959682480001,5,3.861600000000003,9,1,100.43,31,34,2,0,Ligand_15809
433.203527472,11,3.3366000000000016,7,1,82.45,30,32,1,0,Ligand_15810
411.219177536,12,3.0345000000000013,4,3,104.37,28,28,1,0,Ligand_15811
498.19369106,11,4.246800000000004,9,1,104.69,35,37,1,0,Ligand_15812
475.087177392,10,3.230300000000001,9,2,127.59,32,34,1,0,Ligand_15813
538.101447552,13,2.2014,9,3,161.45,35,37,5,0,Ligand_15814
496.2209513639999,5,2.9884000000000013,7,0,86.77,36,40,5,0,Ligand_15818
461.107912836,10,3.8408000000000015,8,2,110.52,31,33,3,0,Ligand_15819
270.103813436,8,2.7528,4,2,79.29,18,18,4,0,Ligand_15821
447.11912491999993,13,2.745800000000001,4,2,78.51,26,26,3,0,Ligand_15824
370.0369740640001,3,2.6327000000000007,6,1,74.13,24,26,2,0,Ligand_15825
394.0769470560001,5,2.3717000000000006,8,1,92.59,26,28,2,0,Ligand_15826
407.242021156,11,1.8245000000000005,6,2,89.13,29,30,1,0,Ligand_15827
418.135113564,3,4.848100000000004,4,2,81.41999999999999,30,34,2,0,Ligand_15830
540.24401238,12,2.266500000000001,7,1,99.26,36,38,1,0,Ligand_15831
424.1910688800001,7,2.4861000000000004,4,3,88.66999999999999,31,34,5,0,Ligand_15832
389.195070964,5,1.3443999999999994,5,0,79.39,28,30,1,0,Ligand_15837
339.14953841600004,3,3.1543,6,2,77.99000000000001,25,28,4,0,Ligand_15842
353.16518848000004,4,3.5444000000000004,6,2,77.99000000000001,26,29,4,0,Ligand_15843
355.141972772,5,2.4010000000000007,4,1,76.07000000000001,26,29,4,0,Ligand_15844
382.1528718039999,6,3.1957000000000013,5,1,77.1,28,31,4,0,Ligand_15845
431.187877408,8,2.0965,5,1,78.94999999999999,30,32,4,0,Ligand_15846
453.22974222,11,2.661,5,3,113.6,31,32,3,0,Ligand_15849
478.224991188,10,1.8584,5,3,124.68,33,35,3,0,Ligand_15850
438.144712944,12,3.9574000000000025,4,2,75.27000000000001,29,30,3,0,Ligand_15851
281.0899372,4,-0.5838999999999994,5,1,93.14,20,22,3,0,Ligand_15852
469.221285712,6,2.4267000000000003,6,1,97.41,34,38,2,0,Ligand_15853
501.184603596,7,2.7183400000000013,6,1,98.84,35,38,3,0,Ligand_15854
516.184269248,8,3.3733400000000024,7,0,96.19,36,39,3,0,Ligand_15855
533.162056584,6,3.926300000000003,7,1,97.41,38,42,1,0,Ligand_15857
353.173941596,3,3.146020000000002,5,1,77.13,26,29,5,0,Ligand_15859
430.132885308,6,4.018900000000002,5,1,77.4,32,35,5,0,Ligand_15860
500.194736616,8,4.513840000000004,7,1,95.86,37,40,5,0,Ligand_15861
478.13402818,7,4.166600000000003,6,1,86.63,35,38,5,0,Ligand_15862
370.116486296,5,2.5642000000000005,7,1,87.61000000000001,27,30,5,0,Ligand_15864
370.152871804,6,3.1525200000000018,6,1,78.38000000000001,27,29,5,0,Ligand_15865
350.14778642399995,5,1.0641999999999994,7,0,78.82000000000001,25,27,2,0,Ligand_15866
377.23145647199993,7,1.3484000000000005,7,1,78.95,27,29,2,0,Ligand_15867
509.1176049279999,3,3.720800000000003,5,0,78.0,35,39,3,0,Ligand_15869
388.10929274,6,2.5290000000000017,6,1,88.85000000000001,27,29,1,0,Ligand_15872
356.17360724799994,5,2.4225400000000006,6,1,75.71000000000001,26,28,5,0,Ligand_15873
370.189257312,7,2.02512,6,1,75.71000000000001,27,29,2,0,Ligand_15874
464.12060637200005,3,4.054900000000004,4,0,74.76,33,37,4,0,Ligand_15875
405.168856216,6,2.29202,6,2,87.74000000000001,30,33,5,0,Ligand_15877
521.1784555959999,7,3.6049000000000015,5,1,78.95000000000002,37,41,3,0,Ligand_15880
531.2403069039999,9,3.5339000000000027,6,2,125.90000000000002,37,40,4,0,Ligand_15881
421.99359006,3,2.5982000000000003,4,1,83.55000000000001,25,27,1,0,Ligand_15882
412.07046262,3,2.8545000000000007,4,1,83.55000000000001,28,30,1,0,Ligand_15883
412.07046262,3,2.8545000000000007,4,1,83.55000000000001,28,30,1,0,Ligand_15884
445.176834056,7,2.3073,6,2,87.74000000000001,31,34,1,0,Ligand_15885
461.171748676,7,2.6382000000000003,7,2,96.97,32,35,5,0,Ligand_15886
479.2056356479999,10,1.7210000000000003,8,2,106.2,35,38,4,0,Ligand_15887
500.278741012,6,3.7102400000000015,6,1,72.96000000000001,37,41,5,0,Ligand_15888
376.15691162799993,9,2.3421200000000004,7,1,77.63,26,28,5,0,Ligand_15889
424.1746698679999,7,2.4877200000000004,8,1,100.0,31,34,4,0,Ligand_15892
463.221954408,7,2.942200000000001,8,0,85.22000000000001,34,38,5,0,Ligand_15893
395.130362532,4,2.655320000000001,5,1,81.06,28,31,4,0,Ligand_15897
443.126339772,8,1.0286999999999988,8,2,141.7,31,34,4,0,Ligand_15898
376.105921612,2,1.4610999999999998,5,1,91.06,28,32,2,0,Ligand_15899
393.04531258,5,2.04192,8,1,106.84,26,28,4,0,Ligand_15900
456.168521868,7,4.196820000000003,6,1,86.63,34,37,5,0,Ligand_15901
312.023848864,5,1.6564,5,2,98.49,20,21,5,0,Ligand_15903
370.065713676,8,1.3852,6,2,107.72,24,25,5,0,Ligand_15904
463.177502752,6,4.127400000000003,6,1,81.28999999999999,33,37,3,0,Ligand_15905
413.242689852,11,2.5657,7,1,90.51999999999998,30,32,4,0,Ligand_15906
503.2644879160001,9,2.535700000000001,9,0,97.86,37,41,4,0,Ligand_15907
469.1783753440001,11,2.789900000000001,9,1,99.75,33,36,5,0,Ligand_15908
376.189926008,2,3.2465400000000013,3,2,73.80000000000001,28,31,5,0,Ligand_15909
438.190319932,5,2.6555,6,2,101.49,32,35,2,0,Ligand_15910
451.258339916,8,2.676420000000001,6,1,78.01,33,36,3,0,Ligand_15911
410.19540531199993,6,1.9810199999999996,6,1,84.00000000000001,30,33,3,0,Ligand_15912
436.247440884,6,3.6267200000000015,5,1,74.77000000000001,32,35,3,0,Ligand_15913
464.25358888400007,6,3.1027000000000013,8,1,94.4,34,38,3,0,Ligand_15915
453.32160886800006,6,3.0073000000000008,7,1,79.18,33,37,3,0,Ligand_15916
491.245392284,10,2.6116,5,2,104.81,34,37,4,0,Ligand_15918
461.2063043440001,8,2.57514,8,1,100.27,34,37,3,0,Ligand_15919
407.232125168,4,3.5990400000000022,6,1,81.81,30,33,3,0,Ligand_15920
415.20082504,5,3.3848600000000024,6,1,81.81,31,34,3,0,Ligand_15921
459.227039788,8,3.517640000000002,7,1,91.04,34,37,3,0,Ligand_15922
421.247775232,5,3.989140000000004,6,1,81.81,31,34,3,0,Ligand_15923
461.2063043440001,8,2.922740000000001,8,1,100.27,34,37,3,0,Ligand_15924
444.227374136,7,2.971540000000001,7,1,85.05000000000001,33,36,3,0,Ligand_15925
445.211389724,8,4.016640000000003,7,1,91.04,33,36,3,0,Ligand_15926
445.211389724,8,3.304240000000002,7,1,91.04,33,36,3,0,Ligand_15927
480.03545487200006,6,3.2409000000000017,4,2,103.78000000000002,29,31,4,0,Ligand_15928
407.14025852,7,2.944500000000001,6,0,74.30000000000001,28,30,2,0,Ligand_15929
389.129693836,6,3.129900000000002,5,0,72.91,27,29,2,0,Ligand_15930
374.093642676,4,1.8443,5,1,92.78,26,28,1,0,Ligand_15931
447.17289604,6,3.5457600000000022,7,1,81.81,32,35,3,0,Ligand_15932
461.206304344,7,2.841060000000001,8,1,100.27,34,37,3,0,Ligand_15933
445.211389724,6,3.393460000000002,7,1,91.04,33,36,3,0,Ligand_15934
419.19573966,6,3.367960000000002,7,1,94.95000000000002,31,34,3,0,Ligand_15935
473.242689852,9,4.002760000000003,7,1,91.04,35,38,3,0,Ligand_15936
473.242689852,9,3.655160000000002,7,1,91.04,35,38,3,0,Ligand_15937
446.1511575519999,6,2.931540000000001,5,2,113.01,31,33,1,0,Ligand_15938
476.242355504,4,4.103900000000003,5,2,100.1,35,38,1,0,Ligand_15939
411.1365105320001,7,2.2904,8,1,90.51999999999998,29,32,5,0,Ligand_15940
396.08136374,9,1.9911000000000003,6,1,106.77,26,27,5,0,Ligand_15942
340.055148992,7,1.7242,5,2,98.49,22,23,5,0,Ligand_15943
482.16576206,7,1.4364400000000004,6,2,131.57,32,34,3,0,Ligand_15945
302.11790394,5,2.2425,6,1,75.28,22,24,3,0,Ligand_15946
477.189985584,8,3.842900000000003,7,1,99.22,35,38,1,0,Ligand_15947
423.170667784,4,2.2925000000000004,7,0,75.99000000000001,31,35,4,0,Ligand_15948
483.22703978800007,3,4.122020000000002,5,1,78.01,36,41,2,0,Ligand_15951
479.074025864,5,3.5920000000000023,5,1,86.79,31,34,1,0,Ligand_15953
459.12864828,5,2.962900000000001,5,0,78.0,31,34,1,0,Ligand_15954
445.1129982160001,5,2.938600000000001,5,1,86.79,30,33,1,0,Ligand_15955
317.08341234000005,3,1.677799999999999,5,1,73.1,22,24,4,0,Ligand_15956
428.1042073599999,7,3.1431000000000013,7,0,95.03,30,32,3,0,Ligand_15958
415.199487648,9,3.521600000000002,5,2,105.84,30,32,1,0,Ligand_15960
433.129215168,6,3.3211000000000013,5,2,105.84,30,33,3,0,Ligand_15961
415.199487648,7,3.438320000000002,5,2,105.84,30,32,3,0,Ligand_15962
447.144865232,6,3.709600000000002,5,2,105.84,31,34,3,0,Ligand_15963
401.137556088,0,2.862700000000001,6,1,109.56,30,34,4,0,Ligand_15965
415.18959166,0,3.8145200000000026,5,1,96.42000000000002,31,35,1,0,Ligand_15966
335.103669116,3,2.5332,3,2,78.51,23,25,5,0,Ligand_15967
488.15932542,14,0.8133000000000008,6,3,116.84,32,32,4,0,Ligand_15968
416.184840628,5,3.8275200000000025,4,2,95.16,31,34,4,0,Ligand_15969
380.054191656,8,-0.0623,7,5,131.61,24,24,4,0,Ligand_15970
447.123048896,4,3.5978400000000024,5,2,108.71,33,36,1,0,Ligand_15972
455.04806815600006,6,3.662600000000002,4,3,111.62,29,31,4,0,Ligand_15973
416.13722174,7,3.8030000000000017,4,3,104.73,31,33,1,0,Ligand_15974
492.068469252,8,4.0321000000000025,3,3,95.5,32,34,4,0,Ligand_15975
416.13069688,7,3.7542000000000018,4,3,86.88,30,33,2,0,Ligand_15976
552.3311705079999,12,3.5404000000000018,8,0,99.59,40,43,3,0,Ligand_15977
497.158685456,8,3.4796000000000014,5,4,129.75,37,41,2,0,Ligand_15978
538.1079724119999,12,1.8685999999999996,7,2,166.42999999999998,36,38,2,0,Ligand_15979
430.152871804,7,4.1114200000000025,4,3,104.73,32,34,1,0,Ligand_15980
405.1688562160001,5,3.7214000000000023,4,2,79.9,30,33,3,0,Ligand_15981
392.221226136,4,4.631120000000004,5,1,72.95,29,32,5,0,Ligand_15982
540.2372701239999,8,3.2456400000000007,7,2,111.43,40,44,1,0,Ligand_15983
445.15684756,6,4.418100000000004,5,2,84.22,31,35,1,0,Ligand_15984
461.12729702,5,5.372320000000005,5,2,84.22,31,35,4,0,Ligand_15985
460.166807616,9,2.1355000000000004,6,1,102.01,32,34,4,0,Ligand_15986
491.209006776,11,3.105520000000002,7,1,110.97,34,36,3,0,Ligand_15987
427.16626937199993,5,4.718920000000003,5,2,84.22,30,34,4,0,Ligand_15989
479.11787520799993,6,5.071500000000005,5,2,84.22,32,36,1,0,Ligand_15990
474.23793882000007,8,1.78192,8,1,93.76,35,39,1,0,Ligand_15991
508.198966468,9,2.5170000000000003,8,1,93.76,36,40,1,0,Ligand_15992
352.07470173600007,3,4.280820000000003,4,1,80.64999999999999,26,29,5,0,Ligand_15995
455.187877408,9,3.1834000000000016,5,1,80.64,32,35,3,0,Ligand_15998
425.01738358,5,1.66452,7,2,136.29,27,29,2,0,Ligand_15999
369.157622836,8,2.7160200000000003,4,2,84.86,27,29,5,0,Ligand_16001
399.204573028,5,3.2779000000000025,5,1,79.98,29,32,5,0,Ligand_16002
380.14845512,8,1.3837999999999997,6,2,114.18,28,30,5,0,Ligand_16003
453.215137712,9,4.728640000000004,5,2,109.75,33,36,4,0,Ligand_16004
173.014664084,1,0.5155000000000001,3,2,80.39,11,11,1,0,Ligand_16005
473.184811896,13,2.7217,5,2,87.74000000000001,31,31,4,0,Ligand_16007
435.0268856439999,6,3.4350000000000023,7,0,72.91,28,30,4,0,Ligand_16011
444.061377244,7,4.144000000000003,5,2,86.71000000000001,30,32,1,0,Ligand_16017
269.95357638400003,2,-0.3651999999999997,4,2,120.32,15,15,4,0,Ligand_16018
256.084792244,3,2.2193000000000005,3,3,92.42,19,20,2,0,Ligand_16020
275.03646214800006,3,2.0236,5,1,85.09,19,21,4,0,Ligand_16023
319.08782902400003,7,2.0046,3,1,74.68,22,23,3,0,Ligand_16028
427.15657728,7,3.2269200000000016,7,1,84.67,30,33,3,0,Ligand_16037
423.092262772,7,1.91104,8,1,99.0,28,30,4,0,Ligand_16038
423.092262772,7,2.2586400000000006,8,1,99.0,28,30,4,0,Ligand_16039
452.074360212,3,2.8455600000000008,7,0,74.99000000000001,29,32,4,0,Ligand_16040
349.05548334,4,1.85134,6,1,80.54,23,25,4,0,Ligand_16041
391.1024335320001,6,2.672440000000001,6,1,80.53999999999999,26,28,4,0,Ligand_16042
422.0882606880001,3,2.02284,7,0,74.99,28,31,4,0,Ligand_16043
342.07866130800005,5,2.4753,6,2,96.97,24,26,1,0,Ligand_16044
377.1157750880001,6,1.2368399999999995,8,1,107.71,26,28,2,0,Ligand_16045
359.14159591200007,4,2.1449000000000007,6,1,89.25,25,27,1,0,Ligand_16046
345.1259458480001,4,1.8364800000000003,6,1,89.25,24,26,1,0,Ligand_16047
373.15724597600007,6,2.418140000000001,6,1,89.25,26,28,2,0,Ligand_16048
391.20082504,8,4.037920000000002,7,1,73.57000000000001,29,32,5,0,Ligand_16050
428.151826248,3,1.6525599999999998,5,2,106.33999999999996,30,33,4,0,Ligand_16052
387.125277152,4,1.7608199999999998,6,0,81.38,27,29,3,0,Ligand_16053
387.088891644,2,0.8248999999999997,7,0,90.61,27,30,1,0,Ligand_16054
365.206304344,5,-0.5746999999999982,9,1,94.52,26,28,4,0,Ligand_16055
323.159354152,5,-1.3620999999999983,8,2,105.38,23,25,4,0,Ligand_16056
418.152016276,5,0.2393000000000007,8,2,99.39,29,32,4,0,Ligand_16057
359.159354152,8,0.2965999999999993,8,3,114.17,26,28,4,0,Ligand_16058
299.05738762,3,2.5680000000000005,5,1,72.7,21,23,4,0,Ligand_16070
297.102588224,4,2.112799999999999,5,1,72.7,22,24,5,0,Ligand_16071
257.07217896000003,5,1.4153000000000002,3,1,74.68,17,17,4,0,Ligand_16072
281.068807832,3,2.181,3,1,74.68,21,23,2,0,Ligand_16073
405.05757022,8,4.119900000000003,3,2,75.63,25,26,2,0,Ligand_16074
381.118792716,7,4.165720000000002,3,2,75.63,27,28,2,0,Ligand_16075
283.084457896,5,3.058200000000001,3,2,75.63,21,22,1,0,Ligand_16076
299.115758024,4,3.197540000000002,4,1,76.37,22,23,1,0,Ligand_16078
278.163042564,7,2.0224199999999994,3,3,78.43,20,20,4,0,Ligand_16079
264.1473925,7,1.7139999999999995,3,3,78.43,19,19,4,0,Ligand_16080
352.14230712,6,3.237700000000002,4,1,79.2,26,28,1,0,Ligand_16081
344.028934244,5,3.7253000000000016,5,2,79.29,23,25,2,0,Ligand_16082
392.173607248,8,4.128020000000003,4,2,80.56,29,31,1,0,Ligand_16083
412.118984832,8,4.4730000000000025,4,2,80.56,29,31,1,0,Ligand_16084
378.157957184,8,3.819600000000002,4,2,80.56,28,30,1,0,Ligand_16085
392.173607248,8,4.128020000000003,4,2,80.56,29,31,1,0,Ligand_16086
378.157957184,8,3.819600000000002,4,2,80.56,28,30,1,0,Ligand_16087
375.010620028,6,3.4834000000000023,3,2,83.47,23,24,1,0,Ligand_16088
357.194008344,6,4.1445000000000025,3,2,83.47,26,27,3,0,Ligand_16089
357.157622836,8,3.348120000000001,4,2,84.86,26,27,4,0,Ligand_16090
357.157622836,9,2.968600000000001,4,2,84.86,26,27,4,0,Ligand_16091
289.05211221200005,3,2.33202,5,1,85.09,20,22,4,0,Ligand_16092
303.06776227600005,4,2.5860000000000003,5,1,85.09,21,23,4,0,Ligand_16093
391.1453439,6,2.7995600000000014,5,0,76.82,27,29,2,0,Ligand_16094
377.129693836,6,2.491140000000001,5,0,76.82,26,28,2,0,Ligand_16095
397.07507142,6,2.83612,5,0,76.82,26,28,2,0,Ligand_16096
377.129693836,6,2.491140000000001,5,0,76.82,26,28,2,0,Ligand_16097
307.110295784,3,1.2253999999999998,6,0,80.98,21,23,2,0,Ligand_16098
422.184171932,9,4.136620000000003,5,2,89.79,31,33,1,0,Ligand_16099
297.11134134,6,3.905300000000002,4,2,91.12,22,23,5,0,Ligand_16100
325.1174893400001,5,1.9318,7,1,91.16,24,26,4,0,Ligand_16101
402.124942804,6,1.6452999999999998,5,1,92.78,28,30,2,0,Ligand_16102
320.17360724799994,9,2.0476999999999994,3,3,95.5,23,23,4,0,Ligand_16103
374.126657056,6,3.8183000000000016,3,3,95.5,28,30,1,0,Ligand_16104
320.173607248,8,2.3648,3,3,95.5,23,23,4,0,Ligand_16105
338.12665705599994,5,3.047200000000001,3,3,95.5,25,26,1,0,Ligand_16106
422.130028184,7,3.4160200000000023,3,2,95.83,30,32,3,0,Ligand_16107
335.082743644,3,1.2723,5,1,93.45,23,25,1,0,Ligand_16109
309.08956034000005,6,0.5016999999999996,7,1,99.0,21,23,2,0,Ligand_16110
459.16916183199993,13,2.6333,4,3,98.74,30,30,4,0,Ligand_16113
201.009578704,2,0.0321999999999999,3,2,97.46,13,13,3,0,Ligand_16114
193.037507704,3,0.2709999999999998,3,2,83.47,14,14,4,0,Ligand_16120
381.07832696,5,2.9297000000000013,6,1,88.6,27,30,1,0,Ligand_16123
295.14197277200003,5,2.7357000000000005,4,2,84.86,21,21,2,0,Ligand_16124
265.09502258000003,6,1.8242,3,3,103.7,19,19,1,0,Ligand_16125
250.06367994,4,-0.2556999999999998,7,2,98.72,17,18,4,0,Ligand_16128
387.108303294,9,1.5417000000000003,6,2,130.44,26,26,1,0,Ligand_16129
239.079372516,5,0.5181999999999998,4,2,84.86,17,17,5,0,Ligand_16133
432.998341092,6,3.9460000000000033,4,1,76.38,26,28,4,0,Ligand_16134
296.127325752,5,3.127900000000001,5,1,72.95,22,24,5,0,Ligand_16135
310.142975816,5,3.436320000000001,5,1,72.95,23,25,5,0,Ligand_16136
237.10010796,6,0.9219,4,2,89.62000000000002,17,17,1,0,Ligand_16142
280.105921612,7,0.6314999999999991,4,3,118.72,20,20,1,0,Ligand_16143
305.07217896000003,6,1.6608000000000005,3,2,83.47,21,22,5,0,Ligand_16144
353.173941596,9,2.8327000000000013,4,3,90.79,26,27,3,0,Ligand_16146
266.126657056,8,1.5520999999999998,4,3,99.52,19,19,4,0,Ligand_16148
457.167141964,5,2.5859000000000005,5,1,96.02,32,35,1,0,Ligand_16150
456.0797026320001,8,3.211900000000001,4,3,99.66,29,31,2,0,Ligand_16151
429.152240848,3,3.5947000000000022,5,1,81.06,30,35,4,0,Ligand_16153
428.091914556,3,5.512340000000004,3,3,91.3,29,31,1,0,Ligand_16154
366.131467664,3,-0.1030400000000004,8,4,129.59,26,28,1,0,Ligand_16155
366.131467664,3,-0.1030400000000004,8,4,129.59,26,28,1,0,Ligand_16156
424.14951774,7,1.166299999999999,9,3,142.62,31,34,2,0,Ligand_16162
485.198442092,8,3.5396000000000027,6,1,89.87,34,37,3,0,Ligand_16163
372.14203234799993,7,-1.1120000000000008,9,5,138.07000000000002,26,27,1,0,Ligand_16164
369.08956034,5,2.9406000000000008,9,0,83.66000000000001,26,29,3,0,Ligand_16165
369.08956034,5,2.9406000000000008,9,0,83.66000000000001,26,29,3,0,Ligand_16166
404.140592868,6,3.130700000000002,5,1,84.94,28,30,5,0,Ligand_16167
326.137890436,7,2.3668000000000005,6,1,82.17999999999999,24,26,3,0,Ligand_16168
454.160082424,8,1.1748999999999994,10,3,151.85,33,36,2,0,Ligand_16169
546.247834808,9,3.117700000000002,8,2,111.13,40,44,4,0,Ligand_16170
524.209341124,12,3.6014000000000017,8,2,111.55,37,40,5,0,Ligand_16175
384.204907376,6,3.134400000000001,4,2,84.5,28,31,1,0,Ligand_16176
463.157720152,5,3.1576400000000016,5,1,96.02,32,34,1,0,Ligand_16177
449.198442092,8,2.2082999999999995,6,1,97.71,31,33,5,0,Ligand_16178
518.292676824,12,3.7336000000000023,6,1,91.72,36,38,2,0,Ligand_16180
447.219177536,8,3.4582000000000024,5,0,79.69,31,33,4,0,Ligand_16181
536.1303338,13,5.982500000000006,5,1,79.62,35,37,4,0,Ligand_16182
425.2348276,13,3.4246000000000016,4,3,104.37,29,29,1,0,Ligand_16183
469.2068986000001,11,2.447,5,3,118.36,31,32,4,0,Ligand_16184
285.10347908800003,6,1.77262,3,2,83.47,19,19,5,0,Ligand_16185
297.15896022800007,3,2.9100400000000013,3,2,79.27,22,23,1,0,Ligand_16186
394.113332564,5,1.91642,6,1,82.61,26,28,5,0,Ligand_16187
277.09502258000003,3,1.8271,6,1,73.86000000000001,20,21,4,0,Ligand_16191
325.19026035600007,2,3.546140000000002,3,2,79.27,24,25,1,0,Ligand_16192
193.085126592,3,0.5478999999999997,4,2,74.58000000000001,14,14,3,0,Ligand_16195
300.111006992,6,1.6769999999999998,5,1,77.52,22,23,5,0,Ligand_16197
326.137890436,6,1.3603999999999994,5,2,92.68,24,25,5,0,Ligand_16198
326.137890436,6,1.3603999999999994,5,2,92.68,24,25,5,0,Ligand_16199
255.112010036,4,1.6661,5,2,83.03,19,20,4,0,Ligand_16201
307.062676896,5,0.6821999999999996,6,2,104.91,21,22,5,0,Ligand_16204
314.083746688,5,2.7067200000000007,5,2,83.28,22,24,1,0,Ligand_16208
420.056211612,5,1.0340199999999995,8,1,126.4,28,30,1,0,Ligand_16216
345.11471246800005,5,2.5448400000000007,4,3,87.30000000000001,24,25,2,0,Ligand_16217
356.094311372,4,2.1676200000000003,6,1,92.26,25,27,1,0,Ligand_16219
358.00653769200005,2,2.05372,5,1,80.64,22,24,2,0,Ligand_16222
446.00482344000005,6,3.2211000000000007,5,2,101.05,27,29,3,0,Ligand_16223
350.104876056,5,2.4626400000000004,6,2,110.28,24,25,4,0,Ligand_16228
352.10929273999994,8,1.6614999999999995,5,2,97.64,24,25,2,0,Ligand_16229
389.0438731,5,3.800930000000002,8,1,72.7,25,27,5,0,Ligand_16230
343.164439532,5,0.2151199999999999,8,2,94.08,25,27,2,0,Ligand_16231
355.1215291640001,6,2.5967200000000004,9,2,111.73,25,27,2,0,Ligand_16236
380.14193026,5,3.5328100000000013,5,4,106.54999999999998,27,29,2,0,Ligand_16238
345.024183212,3,2.0304,5,1,88.49,23,25,3,0,Ligand_16241
343.090309288,5,2.7470000000000008,6,1,72.7,24,26,3,0,Ligand_16244
329.08341234000005,5,3.0258200000000013,6,1,73.34,23,25,1,0,Ligand_16247
290.03612780000003,2,1.5349199999999998,6,0,82.17,20,22,2,0,Ligand_16248
379.03935460800005,5,2.987120000000001,6,1,102.16,25,27,5,0,Ligand_16250
379.039354608,5,2.9871200000000018,6,1,102.16,25,27,5,0,Ligand_16251
379.039354608,6,2.3564000000000007,6,1,102.16,25,27,5,0,Ligand_16252
329.056718924,4,3.650900000000002,5,1,77.25,23,25,3,0,Ligand_16256
344.104003464,4,3.7503600000000015,5,1,72.95,24,26,5,0,Ligand_16259
324.085854864,4,1.7902999999999998,7,1,99.37,24,27,2,0,Ligand_16262
376.095373992,5,1.2876199999999998,8,3,138.57999999999998,26,28,3,0,Ligand_16263
367.046061528,3,2.6211600000000006,6,1,80.53999999999999,24,26,4,0,Ligand_16264
387.088891644,5,1.6971,5,3,117.36,27,29,5,0,Ligand_16266
318.067427928,3,2.2407200000000005,5,1,81.31,22,24,5,0,Ligand_16267
347.13822478400004,4,2.3425199999999995,7,0,74.83,26,29,5,0,Ligand_16269
372.1256115000001,8,2.426100000000001,6,2,89.13000000000001,26,28,3,0,Ligand_16271
311.126991404,6,2.8870200000000006,5,1,81.16000000000001,23,25,5,0,Ligand_16275
324.1222403720001,6,2.7115,6,1,90.14,24,26,2,0,Ligand_16276
329.08341234000005,5,2.5235200000000004,5,1,85.09,23,25,4,0,Ligand_16279
315.06776227600005,3,2.3253200000000005,6,1,72.69999999999999,22,24,5,0,Ligand_16281
300.111006992,6,2.7575000000000003,4,3,87.49000000000001,22,24,3,0,Ligand_16288
351.034747896,4,1.87382,7,1,89.76999999999998,23,25,1,0,Ligand_16290
347.05759151600006,5,2.2571,6,2,114.29,24,26,4,0,Ligand_16293
335.03760502,4,1.9698,5,2,105.06,23,25,5,0,Ligand_16294
365.023704544,4,2.792520000000001,5,2,105.06,24,26,5,0,Ligand_16295
331.062676896,4,2.1391199999999992,5,2,105.06,23,25,5,0,Ligand_16296
424.9503453440001,5,2.7394000000000007,5,2,91.92,24,26,2,0,Ligand_16297
312.16985926,7,2.0337,7,2,76.89,23,25,1,0,Ligand_16298
361.05548334,6,2.6365000000000007,7,1,72.7,24,26,3,0,Ligand_16300
376.100539624,7,2.590020000000001,7,2,93.18,26,28,4,0,Ligand_16303
374.093642676,6,3.468020000000002,6,1,90.66,26,28,2,0,Ligand_16304
282.122909068,3,1.4286199999999998,6,2,84.72999999999999,21,23,4,0,Ligand_16309
328.09716849600005,4,0.7871999999999997,5,2,91.4,24,26,2,0,Ligand_16317
415.065901616,3,1.7445999999999997,7,1,90.92,28,30,2,0,Ligand_16320
363.125277152,8,1.417199999999999,5,1,88.60000000000001,25,26,5,0,Ligand_16321
203.069476528,2,1.1527000000000005,4,2,81.14000000000001,15,16,2,0,Ligand_16324
187.085795288,1,0.7030000000000001,5,2,90.71,14,15,1,0,Ligand_16327
494.1432953,10,4.541700000000004,7,0,111.64999999999998,33,34,5,0,Ligand_16328
398.130028184,4,3.6278400000000026,6,0,72.64,28,31,3,0,Ligand_16329
299.08274364400006,5,2.3683200000000006,6,1,81.7,20,20,4,0,Ligand_16334
396.168521868,9,3.4989000000000026,5,1,84.94000000000001,29,31,1,0,Ligand_16336
331.08560076799995,4,2.651200000000001,5,1,81.7,24,25,4,0,Ligand_16338
229.096359972,3,0.8770199999999997,4,2,83.03,17,18,5,0,Ligand_16340
482.15452868,12,4.004000000000003,8,2,110.8,32,33,1,0,Ligand_16341
424.063383872,5,3.491200000000002,5,1,77.10000000000001,26,28,3,0,Ligand_16342
411.16818752,7,2.2528000000000006,6,0,89.97999999999999,30,33,1,0,Ligand_16347
373.152537456,9,2.9845000000000006,5,2,94.09000000000002,27,28,1,0,Ligand_16348
347.126991404,6,2.7619000000000007,4,2,84.22999999999999,26,28,3,0,Ligand_16350
385.152537456,7,1.8423,6,0,89.97999999999999,28,31,1,0,Ligand_16352
432.13213636,6,3.7653000000000025,6,1,94.17000000000002,32,35,5,0,Ligand_16353
227.072847656,4,1.02242,6,1,78.1,15,15,5,0,Ligand_16354
391.108958392,5,2.2437200000000006,6,0,82.14,27,29,1,0,Ligand_16355
354.157957184,4,3.392500000000002,4,2,84.5,26,27,2,0,Ligand_16359
423.1827920280001,4,2.5241,5,1,96.02,29,31,3,0,Ligand_16361
433.09301172,6,3.717360000000003,6,1,81.06,29,31,4,0,Ligand_16362
380.117235244,6,3.8369000000000018,4,2,80.57000000000001,28,30,4,0,Ligand_16363
384.168521868,4,3.163280000000002,7,1,103.8,28,30,4,0,Ligand_16364
365.08341234000005,4,3.6587000000000014,4,3,83.37,26,28,4,0,Ligand_16366
386.1338676760001,7,-0.2194999999999988,8,2,147.24,28,30,4,0,Ligand_16368
460.1270509799999,7,3.5317000000000016,6,3,123.19,34,37,1,0,Ligand_16370
378.0786613080001,3,3.918020000000002,6,2,93.19,27,30,3,0,Ligand_16372
295.095691276,4,1.7064,4,1,79.37,22,24,1,0,Ligand_16375
292.063011244,4,1.2358,5,2,101.05,20,21,3,0,Ligand_16377
306.157957184,6,0.6491,4,2,76.66,22,23,5,0,Ligand_16379
351.121906024,5,2.3662,4,2,95.58,26,28,1,0,Ligand_16380
468.226036744,13,3.7394000000000025,6,0,93.22,34,35,3,0,Ligand_16381
434.147786424,8,3.860400000000002,7,1,102.1,32,35,3,0,Ligand_16383
379.20082504,2,2.065079999999999,7,1,95.48,28,31,2,0,Ligand_16386
384.161997008,2,2.73158,7,1,82.59,27,30,2,0,Ligand_16387
478.246772188,9,4.002740000000004,6,1,79.31,35,38,1,0,Ligand_16388
266.02960294,4,1.8511,6,2,80.9,17,18,3,0,Ligand_16389
349.109627088,5,2.0532,5,2,99.07,24,25,3,0,Ligand_16390
374.130028184,8,2.1647,4,1,75.71000000000001,26,28,4,0,Ligand_16391
362.07365618,5,2.1112999999999995,5,1,84.82999999999998,25,27,1,0,Ligand_16395
429.080396348,8,3.838600000000003,7,1,81.18,27,28,1,0,Ligand_16396
323.13688739199995,6,2.0978,5,2,101.93,23,23,1,0,Ligand_16397
466.156242932,8,4.444500000000004,7,0,77.43,33,36,3,0,Ligand_16399
328.10929274,4,1.1579999999999997,5,0,76.15,22,23,4,0,Ligand_16400
434.103334768,6,4.756220000000003,3,3,95.5,31,33,1,0,Ligand_16401
420.044978232,5,2.668940000000001,8,1,113.87,28,30,5,0,Ligand_16403
357.157622836,3,2.795500000000001,6,1,87.85000000000001,26,28,4,0,Ligand_16405
382.1099614360001,6,2.7670200000000014,5,2,101.05,27,29,3,0,Ligand_16409
432.188544016,4,3.8237400000000017,6,2,76.77000000000001,31,34,2,0,Ligand_16410
496.3049557599999,14,3.0416000000000016,6,2,83.14,36,38,4,0,Ligand_16411
452.0153881240001,7,2.837400000000001,6,2,106.23000000000002,27,29,3,0,Ligand_16412
374.18550932400007,4,3.7241000000000017,6,2,84.73,28,31,4,0,Ligand_16413
286.08546094,1,2.949380000000001,3,2,81.57,22,25,1,0,Ligand_16415
293.08341234000005,3,1.69534,5,1,81.06,20,21,2,0,Ligand_16417
347.97383316,3,2.7419400000000005,5,1,89.26,21,22,2,0,Ligand_16418
370.164105184,7,1.91856,8,1,122.88,27,29,2,0,Ligand_16421
383.093977024,4,3.048020000000001,5,2,91.65,27,30,4,0,Ligand_16422
419.070654736,3,1.8333,5,0,78.0,28,31,2,0,Ligand_16424
493.091926336,7,4.639100000000003,8,1,91.8,34,37,5,0,Ligand_16425
253.11748934,3,-0.5275999999999992,7,1,91.68,18,19,4,0,Ligand_16426
448.123897248,8,1.38508,6,1,110.57999999999998,30,32,3,0,Ligand_16428
393.1259458480001,5,4.1206400000000025,7,1,81.41,28,31,1,0,Ligand_16430
407.141595912,5,4.509140000000003,7,1,81.41000000000001,29,32,3,0,Ligand_16431
243.121906024,3,-0.9205999999999984,4,2,87.74000000000001,17,17,2,0,Ligand_16433
451.11774716,9,4.605100000000004,6,1,77.25,31,33,2,0,Ligand_16434
336.111006992,5,3.7928000000000015,4,2,80.57,25,27,1,0,Ligand_16435
325.142641468,6,2.4346000000000005,5,2,76.38,24,26,2,0,Ligand_16436
424.1569116280001,7,3.595900000000002,7,1,76.58,30,33,1,0,Ligand_16437
344.13069688,4,1.64972,5,2,73.8,24,26,1,0,Ligand_16438
397.088555208,5,3.139100000000001,7,1,95.18,28,30,1,0,Ligand_16439
270.06742792800003,2,-0.0339999999999999,4,3,95.5,18,19,1,0,Ligand_16441
427.12019177200006,8,2.991500000000001,6,2,108.3,30,32,2,0,Ligand_16446
311.130362532,4,1.2071,4,2,87.63,21,22,1,0,Ligand_16447
295.139287404,6,-0.0928000000000002,10,2,133.98,21,22,2,0,Ligand_16449
324.087684704,3,2.0595,5,1,79.2,22,23,2,0,Ligand_16450
432.11437812,5,4.177600000000004,5,1,75.71,31,34,1,0,Ligand_16451
383.18450628,8,4.524400000000003,4,3,96.53,28,29,5,0,Ligand_16452
265.04087883200003,4,1.2027,3,2,83.47,18,19,4,0,Ligand_16455
280.074244624,4,0.7894399999999999,8,2,119.82,19,20,5,0,Ligand_16459
320.04016762400005,4,1.87322,6,1,84.84,21,23,1,0,Ligand_16461
394.088889556,4,1.835,5,2,100.63,28,30,2,0,Ligand_16464
425.156240844,4,3.114200000000002,5,1,88.6,30,32,5,0,Ligand_16465
349.070796968,4,1.9443,4,2,78.51,23,24,2,0,Ligand_16466
343.03353886800005,2,2.29828,3,2,81.99000000000001,23,24,3,0,Ligand_16467
425.152160596,8,1.293,5,2,94.64,30,32,4,0,Ligand_16468
493.121604924,4,2.815300000000001,5,1,88.18,34,37,4,0,Ligand_16469
316.10929273999994,6,1.4649,5,1,77.10000000000001,21,22,3,0,Ligand_16470
340.07184780800003,2,1.0644,8,2,110.08,22,24,2,0,Ligand_16471
404.12174924400006,5,2.5791000000000013,6,1,84.94,27,29,5,0,Ligand_16474
458.1565751920001,4,3.193100000000001,5,1,92.26,33,36,4,0,Ligand_16476
343.07799052400003,3,0.6893000000000005,5,2,97.39,24,25,4,0,Ligand_16477
323.093977024,6,2.3264,6,2,93.31,22,23,2,0,Ligand_16478
376.174669868,6,1.2880799999999994,7,1,104.13,27,28,1,0,Ligand_16479
337.11748934,5,1.3851999999999995,7,1,91.16,25,28,5,0,Ligand_16480
323.13036253200005,7,1.8771399999999996,5,1,73.22,22,23,5,0,Ligand_16484
348.129691748,7,1.7425999999999997,5,2,76.66,24,24,5,0,Ligand_16485
383.13373366,10,3.1877000000000013,6,1,89.02,25,26,4,0,Ligand_16495
406.076947056,8,2.3971,7,2,110.28,27,29,5,0,Ligand_16496
507.200550268,8,3.6738000000000026,8,1,108.45000000000002,37,40,1,0,Ligand_16498
372.1519065,8,1.9117,4,1,75.71000000000001,25,26,3,0,Ligand_16502
379.135447912,6,4.1206400000000025,5,2,75.11,27,29,5,0,Ligand_16505
394.152871804,5,2.4076000000000004,5,1,77.10000000000001,29,33,3,0,Ligand_16511
394.131090804,5,0.9186999999999996,7,1,114.63,27,30,4,0,Ligand_16512
400.12052612,5,1.9399,6,1,105.4,28,31,4,0,Ligand_16513
371.136887392,5,2.9731000000000014,6,1,83.09000000000002,27,29,2,0,Ligand_16514
363.125277152,6,2.8584000000000014,7,0,77.69000000000001,25,27,2,0,Ligand_16517
365.104541708,6,1.7047,8,0,86.92,25,27,2,0,Ligand_16518
387.131802012,9,2.5016000000000007,7,1,100.16,28,29,4,0,Ligand_16520
380.105146336,7,2.1952,5,1,88.33,26,28,5,0,Ligand_16521
409.0863048,5,2.7830000000000013,5,1,88.60000000000001,27,29,3,0,Ligand_16524
383.093977024,8,2.983200000000001,7,1,94.32,27,29,2,0,Ligand_16525
464.1729556159999,9,2.5201,9,1,116.02,32,34,2,0,Ligand_16526
420.045917208,7,3.5229000000000017,6,2,97.12,28,30,2,0,Ligand_16527
428.131839752,7,3.794760000000003,6,2,97.12,30,32,2,0,Ligand_16528
424.185903248,9,1.836299999999999,8,3,133.39,31,33,2,0,Ligand_16529
484.207032616,11,1.5059,10,3,151.85,35,37,2,0,Ligand_16530
376.199821996,5,1.1704999999999994,5,1,84.94,27,30,3,0,Ligand_16531
455.205635648,7,2.7905000000000006,6,3,117.20000000000002,33,35,2,0,Ligand_16532
489.193356712,9,2.944500000000001,6,2,114.04,34,36,3,0,Ligand_16534
450.103161804,9,1.6879,8,1,110.72,30,32,5,0,Ligand_16535
390.0820324360001,7,1.6706999999999996,6,1,92.26,26,28,5,0,Ligand_16536
463.0968694839999,8,3.4651400000000026,6,1,101.74,31,33,5,0,Ligand_16537
420.2082785039999,12,3.803820000000002,5,1,79.62,29,30,4,0,Ligand_16538
460.062648164,8,3.0124000000000013,6,1,88.85000000000001,29,31,4,0,Ligand_16539
442.119857424,7,3.298540000000002,7,1,115.57,31,33,2,0,Ligand_16540
449.162056584,6,2.17394,7,0,110.02,31,33,2,0,Ligand_16541
469.235686324,8,2.964060000000001,7,1,78.66000000000001,33,36,2,0,Ligand_16543
469.184900204,10,2.684300000000001,7,1,114.48,34,36,4,0,Ligand_16544
467.209006776,9,1.7639000000000002,6,1,105.25,32,34,1,0,Ligand_16545
397.0844749600001,4,3.045100000000001,6,3,114.87000000000002,28,31,1,0,Ligand_16546
439.157720152,5,1.8836,5,1,96.02,30,32,1,0,Ligand_16548
483.1940254080001,6,3.4145400000000024,8,0,89.27,34,37,2,0,Ligand_16550
473.11128396400005,9,2.2121200000000005,9,1,105.67,30,32,3,0,Ligand_16552
454.0803181840001,9,2.776620000000002,9,1,111.02,29,31,3,0,Ligand_16553
479.041011484,8,2.1670000000000007,9,1,105.67,29,31,3,0,Ligand_16554
383.18450628,6,2.4562,5,1,80.64,28,30,1,0,Ligand_16555
285.07495583200006,2,2.5475000000000003,4,3,93.11,21,23,4,0,Ligand_16563
383.059421356,6,2.5277000000000003,5,0,76.82,25,27,2,0,Ligand_16564
350.174275944,5,2.8126200000000017,4,2,76.02000000000001,26,28,2,0,Ligand_16567
325.1174893400001,6,1.6883999999999997,7,1,91.16,24,26,1,0,Ligand_16569
273.12257472000005,4,0.5710999999999997,6,1,81.92999999999999,20,22,5,0,Ligand_16577
295.10692465600005,4,1.9232,6,1,81.92999999999999,22,24,4,0,Ligand_16578
375.136510532,4,3.347500000000002,7,2,96.45,26,28,3,0,Ligand_16579
398.184171932,8,2.5683000000000007,5,1,77.10000000000001,29,31,1,0,Ligand_16584
445.130756456,7,1.892,6,1,106.53,31,33,4,0,Ligand_16587
395.115106392,4,0.4258000000000006,6,0,97.74,27,29,5,0,Ligand_16588
437.062774212,5,2.0333999999999994,8,1,108.64,29,32,4,0,Ligand_16590
443.9925445040001,4,3.117600000000002,6,1,92.26,25,27,4,0,Ligand_16591
426.103161804,6,2.3723,8,1,110.72,28,30,5,0,Ligand_16592
382.113332564,8,3.128000000000002,6,1,92.26,25,26,1,0,Ligand_16593
377.1409272160001,5,2.378920000000001,5,1,80.63999999999999,26,28,5,0,Ligand_16594
377.140927216,4,1.91514,5,1,80.64000000000001,26,28,5,0,Ligand_16595
446.19877644,4,1.6252399999999998,6,0,75.09,31,34,5,0,Ligand_16596
481.25767122,7,3.8721000000000014,5,1,80.34000000000002,35,38,3,0,Ligand_16599
392.08644912,5,2.6323000000000008,5,1,75.71000000000001,26,28,3,0,Ligand_16600
434.097013804,7,2.608100000000001,6,2,101.57,29,31,2,0,Ligand_16601
445.163770836,7,3.7538000000000022,6,1,97.83,33,36,2,0,Ligand_16602
435.1034961520001,9,1.6889999999999998,9,1,115.55,29,31,3,0,Ligand_16605
461.107912836,7,3.2703000000000007,6,3,121.44,31,33,2,0,Ligand_16608
471.182792028,7,2.25392,5,1,96.02,33,36,1,0,Ligand_16609
475.14132114,7,0.7579,7,1,114.48,33,36,1,0,Ligand_16610
373.163770836,6,1.7509999999999994,7,0,77.27000000000001,27,30,1,0,Ligand_16611
455.12479848400005,6,3.589100000000002,7,0,77.27,32,36,1,0,Ligand_16612
405.22770848400006,3,3.111220000000002,7,1,88.83,30,34,3,0,Ligand_16614
415.154349024,8,2.646700000000001,5,1,88.18,30,32,4,0,Ligand_16616
485.1984420920001,10,3.5396000000000027,6,1,89.86999999999999,34,37,3,0,Ligand_16618
386.116109436,7,1.499099999999999,8,3,124.15999999999998,27,29,2,0,Ligand_16619
384.11437812,3,3.854560000000003,5,0,72.64,27,30,5,0,Ligand_16622
389.1773127240001,5,3.044560000000001,3,2,82.27,27,29,3,0,Ligand_16623
405.172227344,6,2.3650400000000005,5,1,80.63999999999999,28,30,3,0,Ligand_16624
425.117604928,4,2.8769600000000013,5,1,80.64000000000001,28,30,4,0,Ligand_16626
419.187877408,5,3.038540000000002,5,1,80.63999999999999,29,31,4,0,Ligand_16627
448.258674264,8,4.239440000000004,7,1,85.17,33,36,1,0,Ligand_16628
431.2069730400001,7,2.6108,8,1,91.8,32,36,3,0,Ligand_16630
482.21000982,8,2.481,9,1,93.88,34,38,1,0,Ligand_16631
415.16781066,6,2.5750200000000003,6,1,108.09,29,31,2,0,Ligand_16632
466.156242932,6,4.406020000000003,5,1,84.94,33,36,4,0,Ligand_16633
401.08792634,4,2.05064,6,0,89.33999999999999,26,28,4,0,Ligand_16634
380.13069688,7,3.620600000000002,5,2,76.02000000000001,27,29,3,0,Ligand_16639
375.0823667840001,7,2.8307200000000003,8,1,81.93,25,27,1,0,Ligand_16640
335.093977024,4,2.1015,5,1,92.51,23,25,4,0,Ligand_16641
358.098728056,4,2.3313,4,1,75.71,25,28,5,0,Ligand_16642
480.146740868,8,2.656500000000001,8,1,109.66,34,37,5,0,Ligand_16645
394.1133325639999,8,2.9467000000000008,7,2,97.55,26,27,3,0,Ligand_16647
287.062757148,3,1.6985,3,1,74.67999999999999,19,20,4,0,Ligand_16649
432.076690872,4,3.117700000000002,4,1,75.71000000000001,29,31,2,0,Ligand_16650
444.115520992,8,3.5737000000000023,5,2,93.73,31,33,3,0,Ligand_16651
321.06709358,6,1.8719,4,2,92.7,22,23,3,0,Ligand_16652
319.08782902400003,6,2.2705200000000003,3,1,74.68,22,23,1,0,Ligand_16653
381.043771292,6,3.609600000000001,4,2,100.54,25,26,4,0,Ligand_16654
314.130028184,9,0.8161200000000002,4,2,84.5,21,21,3,0,Ligand_16656
470.16576206,9,0.6042000000000023,7,1,99.26,31,33,1,0,Ligand_16661
447.182792028,9,2.8625000000000007,6,2,96.97,31,33,5,0,Ligand_16662
468.204255744,7,1.042300000000002,6,1,108.49,32,34,3,0,Ligand_16663
389.166079344,6,4.155620000000003,4,1,76.38,27,29,2,0,Ligand_16665
361.134779216,6,3.375420000000002,4,1,76.38,25,27,2,0,Ligand_16666
374.0871178160001,7,3.3122200000000017,7,1,77.0,25,27,1,0,Ligand_16669
404.21336388399993,8,3.778000000000003,3,2,75.27000000000001,28,30,3,0,Ligand_16671
398.120189684,5,2.689700000000001,8,1,87.5,28,30,5,0,Ligand_16675
349.019097832,5,1.7955,6,2,109.25,23,25,2,0,Ligand_16678
405.178752204,6,1.8109999999999995,7,2,119.00000000000004,29,30,4,0,Ligand_16680
402.138006024,9,2.577400000000001,4,2,84.5,26,27,4,0,Ligand_16681
436.166807616,12,2.2662000000000004,6,2,102.96,30,31,2,0,Ligand_16682
391.1453439,9,3.594920000000003,5,1,81.69999999999999,27,28,1,0,Ligand_16684
439.16310214,7,3.1667000000000014,7,2,105.53000000000002,32,35,1,0,Ligand_16687
418.109961436,6,4.543420000000003,7,2,101.14,30,33,5,0,Ligand_16692
385.109627088,5,2.6943400000000013,7,0,89.46000000000001,27,29,4,0,Ligand_16693
316.201159388,2,2.21924,5,2,82.51,23,25,4,0,Ligand_16695
336.15862588,1,3.518800000000001,6,2,79.52000000000001,25,29,5,0,Ligand_16696
419.115106392,7,2.2817000000000003,9,2,122.08,29,31,5,0,Ligand_16697
325.028789924,4,2.4942,4,2,88.16,21,22,3,0,Ligand_16703
458.126005424,8,2.863920000000001,8,2,128.74,32,34,3,0,Ligand_16704
339.0711334040001,6,2.9285000000000005,5,2,88.16,22,23,3,0,Ligand_16708
418.0769470560001,7,2.896700000000001,7,2,110.28,28,30,5,0,Ligand_16711
344.094311372,5,1.9713,6,1,92.26,24,26,1,0,Ligand_16712
354.161328312,8,2.6148000000000007,4,1,75.71000000000001,24,25,4,0,Ligand_16718
356.039769208,5,1.9853999999999992,3,2,89.25999999999999,23,24,2,0,Ligand_16721
369.081698088,9,2.4750000000000005,8,1,82.57000000000002,24,25,1,0,Ligand_16723
263.039833276,7,0.8614999999999999,7,1,73.34000000000002,16,16,3,0,Ligand_16724
325.0554833400001,5,2.0739,6,1,89.02000000000001,21,22,5,0,Ligand_16726
354.121571676,4,2.4155,5,1,77.1,26,29,4,0,Ligand_16728
407.187877408,4,2.4467,4,1,86.78999999999999,28,30,3,0,Ligand_16729
429.2627566,8,2.5178200000000004,4,1,78.95000000000002,31,33,3,0,Ligand_16730
412.043060084,7,2.9216000000000006,7,1,84.42,26,28,1,0,Ligand_16731
387.101954864,6,1.0745,4,1,100.78,25,26,1,0,Ligand_16736
394.19262844,6,2.9349000000000007,4,1,75.71000000000001,27,29,3,0,Ligand_16738
421.062982512,6,1.4788999999999997,4,1,100.78,26,27,3,0,Ligand_16741
473.195070964,7,3.483500000000003,6,1,94.29999999999998,35,39,2,0,Ligand_16742
360.11437812,6,3.074320000000002,5,2,98.49,25,26,3,0,Ligand_16746
207.064391148,2,1.53174,5,1,81.16000000000001,15,16,1,0,Ligand_16749
324.11437812,4,2.28352,5,1,75.71,22,23,5,0,Ligand_16751
223.084457896,5,1.4985,3,2,75.63,16,16,5,0,Ligand_16756
314.03783782,4,1.376,5,1,72.68,18,19,4,0,Ligand_16757
311.079372516,3,2.2824,5,0,72.91,23,25,4,0,Ligand_16758
381.132470708,8,1.673099999999999,5,3,117.09,28,29,1,0,Ligand_16759
424.199821996,11,3.219100000000002,5,1,84.94000000000001,31,33,1,0,Ligand_16761
351.158291532,7,2.6305000000000005,4,2,79.78999999999999,26,27,1,0,Ligand_16764
480.1299434399999,8,0.3562199999999992,9,5,150.07,33,35,1,0,Ligand_16765
352.10929273999994,7,0.9506999999999995,7,1,98.93,24,25,2,0,Ligand_16766
463.199487648,4,4.119200000000003,7,1,94.84,34,38,3,0,Ligand_16768
370.138953056,5,0.2322000000000004,9,1,116.42,27,29,1,0,Ligand_16770
311.115758024,3,2.6499000000000006,5,2,81.78,23,25,5,0,Ligand_16776
290.079038168,6,2.4663000000000004,6,0,74.97,21,22,4,0,Ligand_16778
400.1495177400001,7,-0.2090999999999987,9,1,136.38,29,31,4,0,Ligand_16780
428.140592868,10,2.7886000000000006,5,3,104.73,30,31,4,0,Ligand_16781
432.13213636,6,4.041800000000002,6,2,110.8,32,34,4,0,Ligand_16784
480.273655632,7,3.4068000000000023,6,2,85.35000000000001,35,38,5,0,Ligand_16786
367.20082504,4,2.2266000000000004,7,1,73.85,27,30,1,0,Ligand_16787
374.1082471840001,9,1.4009999999999996,8,2,110.28,24,24,3,0,Ligand_16788
339.11067264400003,5,3.1275200000000014,5,1,77.77000000000001,25,27,5,0,Ligand_16789
180.064725496,0,-1.0397000000000003,5,1,72.68,13,14,4,0,Ligand_16790
328.14230712,7,2.3044,5,1,83.14,24,25,5,0,Ligand_16791
342.144038436,5,-0.4688999999999999,8,2,116.94,25,27,1,0,Ligand_16792
357.180089596,7,0.4706999999999988,8,2,94.08,26,28,4,0,Ligand_16793
422.151157552,10,1.8373,6,1,94.17,29,30,3,0,Ligand_16794
316.105921612,5,1.2408,5,3,96.89,23,24,2,0,Ligand_16795
256.094688232,3,-1.1347000000000005,6,4,99.38,18,19,1,0,Ligand_16796
492.1930223639999,10,2.4806,7,1,103.40000000000002,34,36,3,0,Ligand_16799
453.1203818,5,2.4762000000000004,9,1,92.31,32,36,2,0,Ligand_16800
341.18517497600004,6,1.6939999999999995,7,1,73.85,25,27,3,0,Ligand_16801
435.090601664,7,1.6928999999999998,8,1,83.08000000000001,27,29,3,0,Ligand_16802
337.163770836,10,0.3095000000000016,5,3,119.75,24,24,4,0,Ligand_16804
265.09502258000003,5,1.7505,4,2,84.86,19,20,1,0,Ligand_16806
432.171892996,8,2.4634,5,1,84.94000000000001,30,32,3,0,Ligand_16807
462.1824576799999,9,2.4719999999999995,6,1,94.17000000000002,32,34,3,0,Ligand_16808
414.20423868,4,3.633200000000002,6,1,97.74,30,32,1,0,Ligand_16809
358.152871804,8,2.3130000000000006,6,1,92.37,26,27,5,0,Ligand_16811
237.063722452,5,1.1881000000000002,3,3,103.7,17,17,4,0,Ligand_16812
385.109627088,6,1.5632999999999997,5,2,96.86,27,29,1,0,Ligand_16813
331.05144351600006,4,2.6024000000000003,5,1,85.60999999999999,23,25,4,0,Ligand_16814
381.168856216,8,2.639100000000001,5,2,89.02,28,29,1,0,Ligand_16816
370.132885308,7,2.1148,3,3,95.5,27,28,4,0,Ligand_16817
344.06761795600005,1,0.9555799999999997,7,1,103.04,24,26,2,0,Ligand_16820
395.148120772,7,2.1568,5,3,109.52,29,31,2,0,Ligand_16821
380.1042073599999,7,0.7286999999999997,8,1,116.0,26,27,2,0,Ligand_16824
271.084457896,0,1.8327,5,1,82.53,20,22,2,0,Ligand_16825
398.184171932,8,2.4242,5,1,77.1,29,31,4,0,Ligand_16826
369.180089596,6,1.1627999999999994,8,0,82.13,27,29,1,0,Ligand_16828
548.3362558880001,8,3.5109200000000023,5,2,90.98,40,45,3,0,Ligand_16833
540.2503333440001,7,3.363900000000002,5,2,90.98,38,43,3,0,Ligand_16834
530.2529201880001,8,3.2185000000000006,6,2,109.86,39,44,3,0,Ligand_16835
354.157957184,6,2.742700000000001,4,2,76.66000000000001,26,28,2,0,Ligand_16837
505.1849002039999,9,2.685900000000001,8,2,120.88,37,40,4,0,Ligand_16838
438.128313932,8,2.5249000000000006,6,1,84.94000000000001,29,31,3,0,Ligand_16839
317.09464572,2,0.7041000000000001,8,1,87.84,22,24,1,0,Ligand_16841
388.143449992,5,1.4177199999999994,5,1,84.94,28,31,3,0,Ligand_16842
380.147117728,5,0.2326199999999995,8,4,129.59,27,29,1,0,Ligand_16843
536.2886369999999,5,3.0440000000000014,7,4,128.45,39,44,2,0,Ligand_16845
556.234014584,4,3.768500000000002,7,4,128.45,39,44,2,0,Ligand_16846
420.14519958,10,2.8446000000000007,5,2,85.89,29,30,1,0,Ligand_16848
340.145678248,6,1.3730999999999998,4,1,75.71000000000001,23,24,3,0,Ligand_16849
391.1453439,9,2.5349200000000005,5,1,81.7,27,28,3,0,Ligand_16858
426.091928424,9,0.8653000000000007,6,2,132.63,28,29,1,0,Ligand_16859
374.07251330800005,4,4.913800000000002,4,2,79.28999999999999,27,30,4,0,Ligand_16870
325.09502258,4,3.062500000000001,5,1,77.77000000000001,24,26,5,0,Ligand_16881
338.126657056,5,3.919520000000002,5,1,73.59,25,27,1,0,Ligand_16882
416.140592868,6,2.902700000000001,5,1,92.78,29,31,3,0,Ligand_16888
322.152871804,7,1.2266000000000004,5,2,93.73,23,23,4,0,Ligand_16890
297.024183212,4,1.9023,5,2,88.16,19,20,3,0,Ligand_16891
310.132885308,4,2.093600000000001,4,2,78.87,22,23,2,0,Ligand_16894
332.092083116,5,1.3696999999999993,8,2,110.37,24,26,3,0,Ligand_16896
358.22564282,7,3.938900000000003,3,2,75.27000000000001,26,27,3,0,Ligand_16898
348.168521868,8,1.8049,6,1,78.79000000000002,25,26,4,0,Ligand_16899
325.142641468,5,3.0711000000000013,4,2,76.24,24,26,3,0,Ligand_16901
323.093977024,4,0.89524,4,2,103.1,22,23,3,0,Ligand_16902
289.109627088,6,0.1823200000000001,4,2,103.1,19,19,3,0,Ligand_16903
392.11544074,4,0.0851200000000012,6,2,123.41,27,29,4,0,Ligand_16904
511.1599484080001,9,3.945000000000003,6,2,95.58,35,38,3,0,Ligand_16905
420.146740868,5,0.9734200000000004,5,3,132.2,29,31,5,0,Ligand_16906
529.1606745920001,4,1.1399200000000005,6,2,126.64999999999998,36,39,4,0,Ligand_16907
480.167870236,8,1.20842,7,3,150.65999999999997,33,35,5,0,Ligand_16908
529.1606745920001,4,1.1399200000000005,6,2,126.64999999999998,36,39,4,0,Ligand_16909
436.141655488,6,0.0973200000000015,6,3,141.42999999999998,30,32,1,0,Ligand_16910
411.125277152,8,2.4987000000000004,5,2,97.39,29,31,3,0,Ligand_16911
360.11437812,4,2.7951000000000006,4,1,75.71000000000001,25,27,3,0,Ligand_16913
462.100933548,7,1.3533199999999996,6,3,141.42999999999998,32,34,5,0,Ligand_16914
484.141655488,6,1.1604199999999996,6,2,132.64,34,37,5,0,Ligand_16915
486.157305552,8,2.22116,6,3,141.42999999999998,34,36,5,0,Ligand_16916
502.152220172,10,2.00302,7,3,150.65999999999997,35,37,5,0,Ligand_16917
486.157305552,8,2.22116,6,3,141.42999999999998,34,36,5,0,Ligand_16918
490.107768516,7,2.15356,5,3,132.2,33,35,5,0,Ligand_16919
470.162390932,4,1.6458399999999995,7,1,110.48,33,36,2,0,Ligand_16922
314.126657056,7,2.700400000000001,5,1,77.52000000000001,23,24,2,0,Ligand_16924
416.11544074,6,1.278399999999999,6,1,110.19,29,31,4,0,Ligand_16926
390.9393019920001,4,2.8891,5,2,94.31,21,22,1,0,Ligand_16927
462.0572529360001,7,0.8964000000000003,7,2,131.69,27,28,3,0,Ligand_16928
388.189926008,5,3.794200000000002,5,2,76.02,29,32,2,0,Ligand_16932
406.180504196,5,3.933300000000002,5,2,76.02,30,33,2,0,Ligand_16936
439.1298838640001,5,3.108900000000002,6,0,75.88000000000001,31,35,1,0,Ligand_16940
424.174669868,9,1.7481999999999995,7,2,123.15,31,33,5,0,Ligand_16942
436.043060084,4,2.3453,7,2,100.51999999999998,28,31,1,0,Ligand_16943
439.214092156,7,2.0086999999999997,5,1,88.17999999999999,30,32,3,0,Ligand_16945
439.214092156,7,2.0086999999999997,5,1,88.18,30,32,3,0,Ligand_16946
487.11403954,6,2.762600000000001,4,1,78.95,29,31,3,0,Ligand_16947
452.209341124,6,1.3421200000000009,5,1,99.26,31,33,3,0,Ligand_16948
482.219905808,8,1.4324000000000014,6,1,108.49,33,35,3,0,Ligand_16949
456.184269248,6,1.1728000000000005,5,1,99.26,31,33,3,0,Ligand_16950
498.214820428,8,1.0509000000000022,7,1,117.72,34,36,3,0,Ligand_16951
546.1147678119999,7,1.8048,6,1,108.49,33,35,3,0,Ligand_16952
473.267190348,8,0.7095000000000025,6,1,102.5,32,34,1,0,Ligand_16953
381.172227344,6,1.3639999999999994,4,1,78.95,26,28,3,0,Ligand_16955
474.214820428,4,0.0828000000000039,7,0,108.93,32,35,5,0,Ligand_16956
549.298490476,9,1.1062000000000043,7,1,94.66,38,42,4,0,Ligand_16957
548.3032415079999,9,2.243100000000001,6,1,91.42,38,42,4,0,Ligand_16958
494.25629131599993,9,1.4204000000000034,6,1,91.42,34,37,4,0,Ligand_16959
332.1194635,7,2.01132,4,1,76.13,23,24,3,0,Ligand_16960
437.198442092,6,2.072,5,1,96.02,30,32,4,0,Ligand_16963
397.05798544,5,-0.5313799999999997,8,2,147.85999999999996,27,29,2,0,Ligand_16968
395.1645197840001,7,3.4907200000000014,5,1,73.22,29,31,3,0,Ligand_16969
486.05725293600005,10,1.4708000000000003,7,3,132.64,29,30,4,0,Ligand_16970
442.2216200599999,9,1.9072,7,2,92.37,32,34,1,0,Ligand_16971
332.1194635,7,2.5561000000000007,3,2,75.27,23,24,3,0,Ligand_16982
401.13755608800005,6,3.9914000000000014,5,2,105.23,30,32,2,0,Ligand_16985
338.126657056,5,2.859470000000001,5,2,84.55000000000001,25,27,5,0,Ligand_16986
391.087829024,3,3.879640000000003,4,1,80.31,28,31,4,0,Ligand_16988
431.98131112400006,7,2.4561,5,1,75.71000000000001,24,25,4,0,Ligand_16989
463.0968694839999,8,3.4651400000000026,6,1,101.74,31,33,5,0,Ligand_16990
459.14640652,9,3.532740000000002,7,1,110.97,32,34,5,0,Ligand_16991
464.092118452,5,1.4582199999999994,7,1,110.48000000000002,31,33,4,0,Ligand_16992
460.160282756,8,3.733540000000003,6,1,84.30000000000001,31,33,5,0,Ligand_16993
295.15320615200005,3,1.67234,4,2,83.66,21,22,3,0,Ligand_16995
351.044439988,5,3.2809000000000017,6,1,81.17999999999999,23,24,3,0,Ligand_16996
445.167141964,7,1.9296,5,1,96.02,31,33,3,0,Ligand_16998
372.984422344,5,0.8263999999999999,5,2,108.04999999999998,21,22,4,0,Ligand_16999
401.140927216,5,2.2448999999999995,4,1,86.79,28,30,3,0,Ligand_17000
441.112519548,8,2.06674,6,2,106.5,29,30,5,0,Ligand_17001
384.216140756,3,1.8359,4,1,72.96000000000001,28,31,5,0,Ligand_17003
367.075740116,7,2.0619999999999994,4,1,79.37,24,25,5,0,Ligand_17004
352.10929273999994,8,1.6151999999999993,5,1,88.85000000000001,24,25,5,0,Ligand_17005
340.089306244,7,1.7456999999999996,4,1,79.62,23,24,5,0,Ligand_17006
394.099870928,6,2.246200000000001,5,1,84.94,27,29,4,0,Ligand_17007
397.0863048,8,2.0705999999999998,5,1,88.60000000000001,26,27,5,0,Ligand_17008
377.140927216,9,1.8072999999999992,5,1,88.60000000000001,26,27,5,0,Ligand_17009
380.140592868,9,2.31372,5,1,88.85000000000001,26,27,5,0,Ligand_17010
391.15657728,9,2.115719999999999,5,1,88.60000000000001,27,28,5,0,Ligand_17011
367.164439532,3,2.3682800000000004,6,2,107.78,27,29,4,0,Ligand_17013
351.06776227600005,4,3.356700000000002,6,1,77.13,25,28,4,0,Ligand_17014
341.148789468,2,1.3637999999999997,7,1,85.15,25,28,2,0,Ligand_17015
405.0929314680001,3,1.2787399999999998,8,0,87.88,27,30,4,0,Ligand_17016
349.142641468,5,3.609720000000002,5,1,73.22,26,28,3,0,Ligand_17017
259.062676896,2,-0.4315800000000001,5,2,103.36,17,18,1,0,Ligand_17019
427.199487648,6,3.364620000000002,5,2,105.84,31,34,3,0,Ligand_17020
469.203527472,5,3.2622000000000018,4,1,86.79,33,36,4,0,Ligand_17021
432.26375964400006,5,3.436420000000002,6,1,75.94,32,36,3,0,Ligand_17022
337.1426414680001,6,3.4272000000000027,6,1,73.34,25,27,1,0,Ligand_17024
391.250477664,11,1.7099000000000009,4,1,78.95,26,26,4,0,Ligand_17028
480.27702676,12,2.0840000000000023,5,1,82.19,33,35,2,0,Ligand_17029
440.231122124,10,3.943900000000003,5,1,77.10000000000001,32,34,3,0,Ligand_17030
380.184840628,4,0.9273999999999996,5,0,73.82000000000001,28,32,1,0,Ligand_17031
367.1314251520001,6,0.0515000000000013,8,2,141.5,25,26,4,0,Ligand_17035
398.1511575519999,5,0.9633,6,0,85.38000000000001,27,29,3,0,Ligand_17037
380.176978376,6,2.5448000000000004,4,1,75.71000000000001,26,28,3,0,Ligand_17038
396.171892996,7,1.7811999999999997,5,1,84.94000000000001,27,29,3,0,Ligand_17039
410.18754306,7,2.089619999999999,5,1,84.94000000000001,28,30,3,0,Ligand_17040
396.171892996,7,1.7811999999999997,5,1,84.94000000000001,27,29,3,0,Ligand_17041
423.1019548640001,6,2.460700000000001,5,1,88.60000000000001,28,30,3,0,Ligand_17042
339.9629586280001,2,2.1451200000000004,6,1,80.76,19,21,4,0,Ligand_17046
291.110672644,3,1.7413999999999998,5,0,76.82,21,23,2,0,Ligand_17055
239.036462148,4,1.2154199999999995,6,1,95.15,16,17,4,0,Ligand_17058
317.08341234000005,4,1.2787999999999995,5,1,79.37,22,25,4,0,Ligand_17061
304.105921612,3,1.6063,5,2,85.89,22,24,3,0,Ligand_17065
350.050333892,6,1.357,4,2,92.34,22,22,1,0,Ligand_17066
223.120843404,5,1.7339,3,2,72.55,16,16,4,0,Ligand_17070
320.98613659600005,2,2.04052,6,1,85.32000000000001,19,21,1,0,Ligand_17071
248.079706864,4,0.5546,4,2,92.16,18,19,3,0,Ligand_17074
211.095691276,3,-0.2338800000000004,5,2,98.07,15,15,3,0,Ligand_17075
267.067762276,5,2.039,6,1,81.00999999999999,18,19,2,0,Ligand_17076
343.110295784,4,2.13324,7,1,97.73,24,26,5,0,Ligand_17080
295.076847652,2,0.6145,5,1,73.1,21,22,2,0,Ligand_17081
249.063722452,3,1.2434999999999998,4,2,88.62,18,19,3,0,Ligand_17084
325.028789924,2,1.9125,5,1,81.06,21,23,4,0,Ligand_17085
310.05581768800005,3,1.3196399999999997,6,1,84.31,20,21,5,0,Ligand_17086
217.073893212,3,2.1035,3,2,76.46,16,17,2,0,Ligand_17089
339.044439988,3,2.3026,5,1,81.06,22,24,4,0,Ligand_17092
300.083410252,2,2.2353,5,2,86.08000000000001,21,23,1,0,Ligand_17094
235.106924656,2,0.6591199999999997,6,2,92.41,17,18,4,0,Ligand_17098
256.096025624,3,1.4912999999999998,5,1,72.95,19,21,5,0,Ligand_17101
360.216140756,4,1.6324000000000003,5,2,85.13,26,27,3,0,Ligand_17110
337.098393708,7,1.93812,5,1,85.61,23,24,4,0,Ligand_17117
224.079706864,5,0.3817999999999997,4,3,99.52,16,16,4,0,Ligand_17119
290.126657056,6,1.1815999999999995,4,2,80.56,21,22,4,0,Ligand_17120
256.084792244,4,1.6767,3,2,95.41,19,20,3,0,Ligand_17124
349.10625596000006,1,1.6871000000000005,6,1,109.56,26,29,4,0,Ligand_17132
564.331170508,9,3.355200000000001,6,2,100.20999999999998,41,46,3,0,Ligand_17134
550.3155204440001,8,2.680200000000001,6,2,100.20999999999998,40,45,3,0,Ligand_17135
528.237270124,5,4.435800000000004,6,1,83.58000000000001,39,44,2,0,Ligand_17136
428.194736616,7,2.003399999999999,6,1,94.17,31,34,2,0,Ligand_17137
400.163436488,7,0.6565000000000003,6,1,94.17,29,32,3,0,Ligand_17140
504.217283628,7,3.239600000000001,6,2,92.67,37,41,4,0,Ligand_17141
520.187733088,7,3.7539000000000025,6,2,92.67,37,41,4,0,Ligand_17142
340.1535405,3,1.99748,4,2,102.3,25,27,1,0,Ligand_17143
307.141972772,5,2.5333,4,2,84.86,22,23,4,0,Ligand_17150
255.085520516,6,0.2970999999999996,6,2,110.64,18,18,4,0,Ligand_17156
283.08782902400003,7,2.1190999999999995,4,2,75.63,19,19,1,0,Ligand_17157
351.143035392,8,-0.2932999999999974,6,3,122.83,25,25,4,0,Ligand_17161
267.096753896,2,-1.6575000000000002,8,4,139.28,19,21,2,0,Ligand_17163
231.100776656,2,1.15532,4,2,77.24,17,18,5,0,Ligand_17166
326.92346190000006,6,1.6537,4,2,83.47,16,16,3,0,Ligand_17167
307.066757144,4,1.3366999999999991,5,2,84.86,21,21,4,0,Ligand_17168
297.06709358,2,1.4561,5,1,76.07000000000001,20,22,4,0,Ligand_17169
348.0878885999999,10,0.8436999999999999,9,2,111.52000000000002,23,23,4,0,Ligand_17172
247.03145702,4,0.5307999999999999,3,1,74.68,16,16,5,0,Ligand_17174
255.100776656,4,2.751080000000001,4,1,78.92,19,20,5,0,Ligand_17177
333.04377129200003,4,1.8339,4,1,83.91000000000001,21,22,3,0,Ligand_17179
273.06709358,6,0.8367000000000002,4,2,92.7,18,18,5,0,Ligand_17182
301.01909783200006,6,0.8343999999999999,6,2,109.25,19,20,5,0,Ligand_17184
339.05096484800004,5,1.5067199999999998,5,2,105.84,23,24,4,0,Ligand_17191
353.06661491200003,5,1.8952199999999997,5,2,105.84,24,25,4,0,Ligand_17192
376.0729072319999,5,1.487,6,1,102.01,26,28,1,0,Ligand_17194
406.099870928,5,2.404100000000001,5,1,92.78,28,30,2,0,Ligand_17198
557.3002047279999,8,4.009120000000003,6,2,105.44000000000004,41,45,2,0,Ligand_17200
490.22162006,11,3.440220000000002,7,1,102.88,36,39,4,0,Ligand_17201
483.200550268,12,1.6060999999999996,9,1,117.86,35,37,1,0,Ligand_17203
368.016845336,3,3.007900000000001,6,1,74.13,23,25,2,0,Ligand_17206
546.093638444,6,2.655800000000001,6,0,90.89,34,38,1,0,Ligand_17207
337.064488464,3,1.38664,7,2,109.48,23,25,3,0,Ligand_17208
423.2158064080001,10,4.540500000000004,6,2,81.71000000000001,31,33,1,0,Ligand_17209
412.141655488,8,-0.9895999999999968,8,1,119.71,28,29,4,0,Ligand_17211
469.167141964,4,2.6000000000000005,6,0,92.83,33,37,3,0,Ligand_17212
419.077361656,4,2.436000000000001,6,2,87.63,28,31,1,0,Ligand_17214
401.086783468,3,2.927620000000001,6,2,87.63,27,30,1,0,Ligand_17215
419.077361656,4,2.6872000000000007,6,2,87.63,28,31,1,0,Ligand_17216
445.112998216,6,2.9468000000000014,7,2,96.86,30,33,1,0,Ligand_17217
363.21580640799993,7,0.9583000000000006,7,1,78.95,26,28,2,0,Ligand_17218
476.107578488,5,1.97342,6,0,101.06,32,35,5,0,Ligand_17219
397.15724597600007,4,2.3006400000000005,7,1,79.60000000000001,28,31,2,0,Ligand_17220
417.10262356,4,2.64562,7,1,79.60000000000001,28,31,2,0,Ligand_17221
364.0663823720001,5,2.14112,6,2,92.57,24,26,3,0,Ligand_17222
372.11437812,5,3.223620000000002,5,1,79.73,26,28,5,0,Ligand_17224
396.1797552480001,8,2.278,6,2,94.48000000000002,29,31,3,0,Ligand_17225
312.089225992,6,0.4000999999999997,7,2,109.98,21,22,4,0,Ligand_17226
372.089225992,7,2.879600000000001,8,1,99.37,26,28,2,0,Ligand_17229
261.041941452,2,-1.503599999999999,6,2,112.59,17,18,1,0,Ligand_17230
396.1597687520001,5,3.7394000000000025,6,1,80.49000000000001,29,32,3,0,Ligand_17233
424.0318267040001,6,2.8644000000000016,5,2,92.34,27,29,2,0,Ligand_17234
388.0915345,7,3.1274200000000016,5,1,76.13,26,28,3,0,Ligand_17236
471.182792028,6,2.4187000000000003,5,1,96.02,33,36,1,0,Ligand_17237
488.130045248,9,1.4546,9,2,141.45,33,36,5,0,Ligand_17238
431.19573966,7,3.626540000000002,7,1,91.04,32,35,3,0,Ligand_17240
385.076612708,4,0.7578400000000001,7,0,98.57,25,27,4,0,Ligand_17243
322.03066556,4,1.1419199999999996,7,3,116.42,21,23,1,0,Ligand_17245
294.100442308,3,2.1636999999999995,3,3,82.19,22,24,5,0,Ligand_17247
502.178709692,5,3.070940000000001,8,1,100.43,36,40,5,0,Ligand_17251
502.178709692,5,3.070940000000001,8,1,100.43,36,40,5,0,Ligand_17252
236.036796496,4,0.839,6,1,80.9,16,17,4,0,Ligand_17253
406.119857424,6,1.977,6,1,94.17,28,30,5,0,Ligand_17254
319.0956912760001,4,2.948100000000001,5,1,81.17999999999999,24,26,4,0,Ligand_17255
374.02660444,5,2.7547000000000006,3,2,75.27000000000001,23,24,1,0,Ligand_17258
258.111675688,3,1.6307999999999998,4,2,76.02000000000001,19,20,2,0,Ligand_17261
358.098728056,8,3.300600000000001,6,1,73.58,25,27,3,0,Ligand_17263
341.162708216,8,3.665820000000002,3,2,75.63,25,26,2,0,Ligand_17264
284.083077992,3,0.6658999999999997,4,1,75.71000000000001,19,20,5,0,Ligand_17269
287.115758024,4,2.1566,3,2,75.63,21,23,2,0,Ligand_17271
361.1426414680001,6,3.9849000000000014,4,2,80.32000000000001,27,29,2,0,Ligand_17272
355.14534389999994,8,1.7936,5,1,81.69999999999999,24,25,2,0,Ligand_17281
231.053157768,3,2.2301,3,2,79.54,17,18,5,0,Ligand_17282
396.11437812,7,3.7536000000000014,5,1,79.2,28,30,4,0,Ligand_17283
386.137890436,5,4.278320000000003,5,2,89.16000000000001,29,32,5,0,Ligand_17286
402.136176184,6,1.3065199999999997,5,2,100.1,28,30,3,0,Ligand_17289
407.1732729,3,3.9601000000000033,6,1,85.60999999999999,30,33,3,0,Ligand_17291
300.111006992,5,1.2575999999999996,4,4,98.66,22,23,4,0,Ligand_17292
218.06914218,2,1.0598800000000002,4,1,79.19,16,16,2,0,Ligand_17295
342.07866130799994,6,2.6614000000000004,7,1,90.13,24,26,4,0,Ligand_17296
400.163436488,8,1.7853799999999995,6,2,114.71,29,30,2,0,Ligand_17297
340.14230712,5,1.8309,4,1,75.71000000000001,25,28,1,0,Ligand_17299
413.137556088,4,4.006320000000002,4,2,95.58,31,34,2,0,Ligand_17302
502.21038668,7,3.630900000000003,6,0,93.22,37,41,1,0,Ligand_17303
414.02151906,5,4.555300000000003,4,2,80.57000000000001,26,28,1,0,Ligand_17309
426.1361761840001,7,3.2201600000000017,6,2,110.28,30,32,4,0,Ligand_17311
392.184840628,6,2.1826399999999992,5,1,84.30000000000001,29,31,5,0,Ligand_17314
391.15657728,5,2.29638,8,0,84.67999999999999,27,29,3,0,Ligand_17316
418.156242932,9,2.1813,5,1,84.94000000000001,29,31,2,0,Ligand_17319
270.111675688,4,0.4091999999999989,4,2,83.98,20,21,3,0,Ligand_17320
422.1067058960001,8,2.826100000000001,4,1,75.71000000000001,28,30,2,0,Ligand_17321
413.1773127240001,5,3.9775800000000032,6,2,83.38,29,31,1,0,Ligand_17323
362.1841719319999,9,2.6830000000000007,5,2,85.89000000000001,26,27,5,0,Ligand_17325
362.1412615640001,7,2.9605200000000016,5,2,101.05,25,26,3,0,Ligand_17326
410.206638692,3,0.3993400000000005,8,0,85.37,30,33,5,0,Ligand_17327
312.11437812,5,1.4460999999999995,4,1,75.71000000000001,21,22,5,0,Ligand_17329
420.168521868,5,3.8018000000000023,5,1,84.94,31,34,4,0,Ligand_17330
329.173941596,5,2.769000000000001,4,2,74.42999999999999,24,26,5,0,Ligand_17332
344.173607248,4,3.143600000000001,4,3,87.66,25,27,3,0,Ligand_17334
337.200156344,8,0.6423000000000005,6,2,74.27000000000001,24,25,1,0,Ligand_17336
394.152871804,5,3.107200000000001,5,1,84.94,29,32,2,0,Ligand_17337
400.145678248,9,3.152300000000001,5,1,75.71,28,29,1,0,Ligand_17338
351.158291532,4,3.270220000000002,3,3,79.46000000000001,26,28,4,0,Ligand_17342
396.168521868,6,2.49852,6,1,83.22,29,32,2,0,Ligand_17343
527.2090067759999,10,2.627600000000002,7,1,107.46,37,40,3,0,Ligand_17345
387.08889164400006,6,3.0447200000000008,6,2,110.53,27,29,2,0,Ligand_17346
329.126322708,5,2.3247,4,2,92.7,24,26,2,0,Ligand_17347
401.104541708,7,3.109740000000002,6,2,110.53000000000002,28,30,5,0,Ligand_17348
342.103813436,3,3.192880000000002,6,2,82.35,24,26,2,0,Ligand_17350
483.11339214,8,1.1207999999999996,7,1,122.32,32,34,4,0,Ligand_17351
381.157622836,6,2.9627200000000014,5,2,87.07000000000001,28,30,1,0,Ligand_17353
358.06234254799995,5,2.2126,6,1,96.8,25,27,2,0,Ligand_17354
354.110338296,4,3.548720000000002,6,0,78.88000000000001,26,29,2,0,Ligand_17358
358.164105184,7,0.7016000000000004,8,0,80.28,26,28,4,0,Ligand_17362
377.12546718,5,0.9280999999999996,8,2,94.08,26,28,2,0,Ligand_17366
273.097422592,3,-0.3416000000000001,8,3,137.88,20,22,5,0,Ligand_17368
370.019033764,5,2.2888,3,2,95.82999999999998,24,25,3,0,Ligand_17369
304.14230712,4,2.4745,3,3,95.5,22,23,3,0,Ligand_17371
416.10420736,7,1.7331999999999996,6,1,109.85,29,31,1,0,Ligand_17372
330.078661308,4,1.8962,6,1,92.26,23,25,1,0,Ligand_17374
256.088163372,7,2.3627,4,2,79.29,17,17,4,0,Ligand_17375
326.130028184,6,0.8499000000000005,4,1,75.71000000000001,22,23,3,0,Ligand_17377
338.130028184,5,1.3744999999999996,4,1,75.71000000000001,23,25,3,0,Ligand_17381
421.12200334,4,-0.2753999999999996,6,2,111.17999999999998,29,31,5,0,Ligand_17386
451.15657728,8,3.609720000000003,6,1,84.66,32,35,1,0,Ligand_17387
276.074621484,5,-0.1265,4,2,103.78,20,21,3,0,Ligand_17391
451.072572884,6,3.416900000000002,6,1,118.05,32,35,4,0,Ligand_17392
416.140592868,6,2.9372000000000016,5,1,92.78,29,31,1,0,Ligand_17393
291.074287136,5,2.2473,5,2,98.0,21,22,1,0,Ligand_17397
383.14159591200007,8,3.4895000000000023,7,1,81.93,27,29,2,0,Ligand_17398
312.111006992,5,2.631900000000001,5,1,73.47,23,25,1,0,Ligand_17399
366.048584304,4,2.138100000000001,4,1,83.55000000000001,25,27,2,0,Ligand_17400
423.2158064080001,8,3.2000400000000013,4,2,87.74000000000001,31,33,1,0,Ligand_17404
412.166807616,8,1.5538,6,1,102.01,28,29,4,0,Ligand_17405
446.23179082,5,4.660800000000004,6,1,76.58000000000001,33,37,1,0,Ligand_17407
320.094311372,6,1.8845,6,2,96.97,22,23,1,0,Ligand_17408
455.084453664,5,3.618400000000002,4,2,74.43,29,32,3,0,Ligand_17416
344.083077992,4,1.45592,4,1,83.55000000000001,24,26,5,0,Ligand_17419
325.082933672,3,1.2354000000000005,4,2,87.74000000000001,22,23,2,0,Ligand_17420
439.12898054,7,4.030920000000003,7,0,77.05,30,32,2,0,Ligand_17424
396.0816157480001,5,1.53072,7,2,118.35,27,29,2,0,Ligand_17425
308.10554475200007,4,2.0918,9,2,105.94,21,22,2,0,Ligand_17426
434.047733808,8,2.0471000000000004,5,2,93.73,27,28,4,0,Ligand_17427
350.104876056,6,1.4791399999999997,6,2,110.28,24,25,4,0,Ligand_17430
321.07832696,6,1.4672999999999998,5,2,97.39,22,23,3,0,Ligand_17431
410.126657056,5,4.502600000000004,5,0,72.64,31,35,1,0,Ligand_17432
384.111006992,2,3.9518200000000014,5,1,83.64,29,33,1,0,Ligand_17433
329.126322708,7,2.6496000000000004,4,2,84.86,24,25,4,0,Ligand_17434
307.0739102760001,6,0.9533199999999996,8,1,113.11,21,22,4,0,Ligand_17435
314.185509324,5,2.1919000000000004,7,2,89.19,23,25,4,0,Ligand_17436
369.1371792280001,6,2.905140000000001,9,2,111.73,26,28,2,0,Ligand_17437
342.04410564,6,2.230700000000001,5,1,77.52000000000001,22,23,3,0,Ligand_17441
325.082933672,3,1.2354000000000005,4,2,87.74000000000001,22,23,2,0,Ligand_17443
355.15320615200005,7,2.2122,6,1,93.35,26,27,4,0,Ligand_17444
424.10929274,5,4.655420000000003,6,1,98.5,30,33,1,0,Ligand_17445
420.11437812,3,4.936900000000004,5,1,89.27,30,34,1,0,Ligand_17446
332.07970686399995,2,3.042020000000001,4,1,87.57,25,28,1,0,Ligand_17447
375.088891644,4,0.0796000000000001,5,2,126.64,26,29,3,0,Ligand_17449
354.10158518000003,5,3.9319000000000015,4,2,80.57,26,28,1,0,Ligand_17450
305.1487894680001,8,0.5700999999999998,7,3,115.3,22,23,5,0,Ligand_17452
304.043024748,2,1.85082,6,1,76.36000000000001,21,23,3,0,Ligand_17455
404.10420736,4,1.731,6,1,94.17,28,31,3,0,Ligand_17456
466.134461932,8,1.7226000000000008,5,1,107.09999999999998,31,33,5,0,Ligand_17458
416.184840628,3,2.86252,6,2,85.13,31,34,5,0,Ligand_17459
305.0679523040001,2,1.7619199999999997,5,2,88.91,21,23,2,0,Ligand_17460
367.221954408,9,0.6672000000000005,8,3,114.17000000000002,26,27,5,0,Ligand_17461
376.099396752,3,2.8797000000000006,7,1,93.93,27,30,5,0,Ligand_17462
344.13722174,4,1.7854999999999996,5,2,93.73,25,27,2,0,Ligand_17463
341.11240396000005,3,0.1133199999999994,6,3,121.75,25,27,3,0,Ligand_17464
272.127325752,5,1.028099999999999,4,2,76.02,20,21,1,0,Ligand_17468
371.130362532,6,3.7425200000000025,5,0,76.30000000000001,26,28,1,0,Ligand_17470
328.09716849600005,1,0.4412799999999998,7,1,103.04,24,26,5,0,Ligand_17471
307.139287404,5,0.0049999999999996,10,1,125.19,22,24,2,0,Ligand_17472
429.135841836,5,1.3335999999999997,6,0,87.22999999999999,30,33,3,0,Ligand_17473
413.1142338,4,2.4923,5,1,81.16,29,32,3,0,Ligand_17474
345.11471246800005,5,1.7961000000000005,4,1,79.36999999999999,24,26,1,0,Ligand_17476
285.10347908800003,9,2.0,3,2,83.47,19,19,4,0,Ligand_17477
401.10454170800006,6,1.76432,6,1,101.61,28,30,1,0,Ligand_17481
302.0361278,5,3.320100000000001,6,1,89.36,21,23,2,0,Ligand_17484
434.1424044360001,6,0.8869000000000009,5,2,98.82,30,32,5,0,Ligand_17488
367.062676896,6,2.973480000000001,7,1,105.22,26,28,4,0,Ligand_17489
401.0867834680001,8,3.5420000000000016,6,2,80.32000000000001,27,29,2,0,Ligand_17492
321.16885621600005,6,0.0216000000000005,6,2,82.11,23,24,1,0,Ligand_17493
475.210721028,5,4.358880000000003,8,2,118.04,35,38,2,0,Ligand_17495
400.14230712000005,5,4.181520000000003,5,1,79.73,30,33,1,0,Ligand_17497
260.102173624,1,-0.8435999999999999,8,0,79.64,19,21,1,0,Ligand_17498
423.1034961520001,8,1.5481999999999996,9,2,105.68,28,30,3,0,Ligand_17499
204.089877624,0,1.35368,4,1,76.11000000000001,15,16,4,0,Ligand_17502
552.150111996,9,3.2233000000000027,7,2,131.15999999999997,38,41,1,0,Ligand_17503
371.116900896,5,3.331900000000002,5,1,76.07000000000001,27,29,5,0,Ligand_17504
305.067952304,2,0.5303999999999996,7,0,74.71000000000001,21,23,2,0,Ligand_17505
292.117154992,6,0.6414999999999997,7,2,112.5,21,22,2,0,Ligand_17506
416.000047908,6,2.2276000000000007,5,2,115.56,26,27,4,0,Ligand_17507
393.08169808800005,5,1.5398000000000005,6,2,115.72,26,28,5,0,Ligand_17508
261.11134134,3,0.485,4,3,111.35,19,20,2,0,Ligand_17510
428.07661062000005,5,1.6774999999999998,8,1,99.12,29,31,1,0,Ligand_17511
486.201553312,7,3.445340000000002,8,2,122.47,36,39,4,0,Ligand_17517
281.119797848,4,1.61932,4,2,74.85,19,20,3,0,Ligand_17519
322.098728056,8,1.6544999999999994,4,2,88.41,22,23,5,0,Ligand_17522
308.19607400800004,3,-1.8257999999999948,8,2,74.54,22,24,3,0,Ligand_17523
219.053157768,2,1.0007,3,1,74.68,16,17,2,0,Ligand_17524
361.120860468,6,0.6616999999999997,7,1,106.84,25,26,3,0,Ligand_17526
395.108581532,8,2.55994,9,1,106.96,26,27,2,0,Ligand_17529
402.136176184,8,2.5893000000000006,8,0,96.2,28,30,3,0,Ligand_17531
393.168856216,5,1.85762,5,1,78.95000000000002,29,32,4,0,Ligand_17533
361.1080858,8,3.613400000000001,3,2,75.63,25,26,4,0,Ligand_17537
330.121571676,4,0.9525999999999996,6,0,76.15,24,26,2,0,Ligand_17539
365.1124039600001,2,1.0361199999999997,8,1,111.87,27,30,1,0,Ligand_17540
293.1276601,5,1.6565,5,1,72.7,22,24,5,0,Ligand_17541
387.16818752,9,3.031640000000001,5,2,94.09,28,29,4,0,Ligand_17542
339.125277152,4,0.8637000000000004,6,0,73.54,23,25,1,0,Ligand_17546
365.148789468,7,2.7390800000000013,7,1,102.06,27,29,4,0,Ligand_17548
297.12123732800006,4,-0.8990000000000009,7,5,119.25,21,22,1,0,Ligand_17551
300.071467752,4,0.6625199999999999,6,1,89.18,19,20,1,0,Ligand_17552
360.087684704,6,3.244200000000002,3,3,95.5,25,26,3,0,Ligand_17554
362.104876056,6,1.5948,8,1,93.65,25,27,2,0,Ligand_17555
349.065379328,5,0.5114000000000001,6,0,89.98,22,23,3,0,Ligand_17558
284.090940244,4,1.3672999999999995,7,0,79.13000000000001,21,23,5,0,Ligand_17559
323.1052104040001,4,0.8454999999999997,7,0,90.21,22,24,5,0,Ligand_17562
407.0368347759999,3,2.970800000000001,5,0,76.82,25,27,4,0,Ligand_17564
337.11748934,4,2.0159199999999995,7,1,91.16,25,28,3,0,Ligand_17565
338.14778642399995,6,0.7610999999999997,7,1,86.33000000000001,24,25,1,0,Ligand_17566
397.2001563440001,8,2.860500000000001,6,2,101.15,29,31,3,0,Ligand_17568
311.163376912,4,2.8847000000000014,4,2,74.85,23,25,3,0,Ligand_17569
414.158642944,7,0.9507,10,0,103.85,29,32,3,0,Ligand_17570
331.13207678400005,5,3.110100000000002,4,1,75.00999999999999,25,27,5,0,Ligand_17571
361.163770836,8,2.089139999999999,7,1,91.68,26,27,1,0,Ligand_17572
367.13436252800005,7,2.358739999999999,6,1,82.45,26,27,3,0,Ligand_17573
329.173941596,7,2.634340000000001,5,1,73.22,24,25,1,0,Ligand_17575
251.090605896,1,-0.8755999999999999,7,1,86.23000000000002,18,19,2,0,Ligand_17577
423.092262772,5,1.2047999999999992,5,1,103.86,28,30,2,0,Ligand_17579
373.082933672,6,3.337200000000002,6,1,86.48,26,28,5,0,Ligand_17580
359.148120772,9,1.9447,6,2,110.64,26,27,2,0,Ligand_17581
400.07761575199993,4,2.37868,10,1,119.71,27,30,4,0,Ligand_17583
234.07529018,4,0.2140999999999995,7,0,79.13000000000001,17,18,5,0,Ligand_17585
438.203383152,7,2.1015,6,2,97.13,30,32,4,0,Ligand_17586
352.105921612,2,1.9842,5,0,83.97,26,29,3,0,Ligand_17587
276.122240372,6,0.6763999999999999,6,2,89.27,20,21,4,0,Ligand_17588
347.13036253200005,8,1.628799999999999,4,2,88.16,24,25,3,0,Ligand_17589
479.154863028,6,3.4903400000000024,5,2,112.65,32,34,3,0,Ligand_17590
263.138224784,6,1.2294999999999996,7,1,74.09,19,20,2,0,Ligand_17594
324.11100699199994,5,2.5167,5,1,81.42999999999999,24,26,5,0,Ligand_17595
329.060090052,7,1.9136999999999995,5,1,73.22,21,22,5,0,Ligand_17596
221.11642672,1,0.7544999999999995,5,1,77.98,16,17,4,0,Ligand_17598
376.145678248,7,2.2637,5,2,84.5,26,27,2,0,Ligand_17599
204.064725496,2,0.66892,5,1,80.9,15,16,1,0,Ligand_17600
326.090271548,3,1.35888,7,2,118.71,24,26,5,0,Ligand_17602
369.14886972,4,2.10352,3,2,78.51,27,29,2,0,Ligand_17607
461.140927216,6,4.337690000000004,6,1,76.56,33,36,2,0,Ligand_17610
468.146740868,5,2.402990000000001,7,2,119.65,33,36,3,0,Ligand_17611
425.140927216,6,3.1766900000000016,6,2,85.35,30,33,5,0,Ligand_17612
470.162390932,8,2.499000000000001,8,2,111.55000000000004,33,36,5,0,Ligand_17613
426.17256169199993,8,2.6298400000000006,6,1,84.30000000000001,30,32,5,0,Ligand_17614
448.1780409959999,6,1.3367400000000005,8,1,102.76000000000002,31,34,5,0,Ligand_17615
453.201218964,9,0.810500000000002,8,2,114.79,33,35,2,0,Ligand_17616
442.140782896,8,2.6938000000000004,6,2,102.32000000000002,31,33,2,0,Ligand_17617
429.178752204,8,3.5834000000000032,6,2,105.53,31,33,5,0,Ligand_17618
386.23179082,11,1.355900000000001,5,2,83.44,28,29,2,0,Ligand_17619
434.19540531199993,6,2.5730000000000004,6,2,102.32,32,35,2,0,Ligand_17623
463.1855689,6,0.8480000000000003,7,2,136.61999999999998,34,37,2,0,Ligand_17624
505.2689046,10,2.8949000000000025,7,2,105.56000000000004,37,40,2,0,Ligand_17625
409.152537456,7,1.8643,6,0,89.97999999999999,30,34,1,0,Ligand_17628
429.2627566,9,2.6515000000000004,4,2,87.74000000000001,31,33,5,0,Ligand_17630
533.1766610919999,9,2.20222,9,1,113.84,36,39,5,0,Ligand_17631
517.1453609639999,5,1.1361199999999996,9,0,105.05,35,39,5,0,Ligand_17632
520.1086411079999,6,0.74352,10,1,129.06,35,39,5,0,Ligand_17633
497.2130465999999,10,2.03512,8,1,104.61,33,35,5,0,Ligand_17634
456.113726488,6,0.4762199999999998,9,1,127.67,30,32,5,0,Ligand_17635
379.03935460800005,5,2.987120000000001,6,1,102.16,25,27,5,0,Ligand_17637
440.242355504,10,3.130600000000001,5,3,94.14,32,34,2,0,Ligand_17638
482.0765090720001,6,2.9924000000000017,4,3,84.91000000000001,30,32,2,0,Ligand_17639
320.04669248399995,4,0.7404999999999999,5,1,96.69,22,24,1,0,Ligand_17640
368.08644912,9,2.1316,5,2,84.5,24,25,3,0,Ligand_17643
452.040540252,6,3.2353000000000023,4,1,75.71000000000001,27,29,3,0,Ligand_17644
436.1668076159999,5,2.7971200000000014,6,1,98.08,30,33,4,0,Ligand_17646
409.203527472,9,3.2984000000000018,6,2,97.39,28,29,4,0,Ligand_17647
340.236207504,8,2.022899999999999,4,2,84.5,24,24,4,0,Ligand_17649
437.2348276,9,2.3499000000000008,4,3,118.36,30,31,4,0,Ligand_17650
386.075884436,6,3.787320000000002,4,2,75.27000000000001,26,28,5,0,Ligand_17651
402.070799056,7,4.199900000000002,5,2,84.5,27,29,3,0,Ligand_17652
451.2107210279999,6,3.0096000000000016,7,0,73.24000000000001,33,36,4,0,Ligand_17653
429.26275659999993,8,3.136400000000002,6,1,72.80000000000001,31,33,4,0,Ligand_17654
458.097013804,8,3.561700000000001,7,1,98.5,31,34,1,0,Ligand_17657
472.1126638679999,8,3.8701200000000022,7,1,98.5,32,35,1,0,Ligand_17658
382.152871804,6,3.233100000000002,5,2,93.73,28,30,3,0,Ligand_17659
374.184171932,5,2.2194,5,1,84.94000000000001,27,29,3,0,Ligand_17660
354.157957184,6,3.4551000000000016,4,2,76.66000000000001,26,28,3,0,Ligand_17661
462.247834808,12,1.105900000000002,8,2,114.89,33,35,2,0,Ligand_17662
409.163770836,8,2.1636999999999995,6,2,98.66,30,32,4,0,Ligand_17663
413.195070964,7,1.3095,6,1,97.71,30,32,5,0,Ligand_17664
413.195070964,7,1.3095,6,1,97.71,30,32,5,0,Ligand_17665
208.059640116,1,-0.4873800000000001,6,1,89.35,15,16,2,0,Ligand_17666
519.284554664,10,3.389820000000002,7,2,96.03,38,41,4,0,Ligand_17668
386.052562148,7,3.0208000000000013,4,2,75.27,24,25,2,0,Ligand_17670
394.102099184,6,2.4738000000000007,5,1,75.71000000000001,26,28,3,0,Ligand_17671
392.1284686240001,4,3.530820000000002,6,1,82.06,29,32,3,0,Ligand_17673
404.14845512,5,3.4003200000000016,7,1,91.29,30,33,3,0,Ligand_17674
380.128468624,5,4.187640000000003,6,1,86.09,28,31,4,0,Ligand_17676
330.067427928,5,3.672600000000002,6,1,73.59,23,25,3,0,Ligand_17677
437.104541708,6,2.869800000000001,8,1,91.56,31,34,5,0,Ligand_17681
477.11068970800005,7,1.5803999999999996,10,1,120.61,34,38,1,0,Ligand_17682
364.12052612,7,1.7909,8,1,85.81,25,27,2,0,Ligand_17683
368.070989084,5,2.35402,7,1,76.58,24,26,2,0,Ligand_17684
410.184171932,7,2.6961000000000013,5,1,77.10000000000001,30,33,3,0,Ligand_17687
465.145533928,9,3.944600000000003,6,1,86.24,33,36,1,0,Ligand_17689
454.2216200599999,11,2.1576000000000004,7,2,115.34,33,35,1,0,Ligand_17690
380.14059286800006,5,2.639540000000001,7,0,87.49000000000001,26,27,5,0,Ligand_17691
422.133399312,8,3.1578000000000017,5,2,84.5,28,30,3,0,Ligand_17693
324.11437812,7,1.4085999999999996,4,2,88.25999999999999,22,23,5,0,Ligand_17695
400.145678248,6,2.982960000000001,4,2,88.25999999999999,28,30,5,0,Ligand_17696
446.0541034360001,6,3.4651000000000014,9,1,86.10999999999999,29,32,1,0,Ligand_17697
377.140927216,7,3.294800000000002,7,1,86.48,26,28,2,0,Ligand_17702
471.1560986119999,6,4.0077000000000025,7,2,102.68,33,38,1,0,Ligand_17705
431.115106392,9,2.3808000000000007,8,1,120.62,30,32,3,0,Ligand_17706
374.093642676,6,3.034200000000001,6,2,97.64,26,28,3,0,Ligand_17707
396.1797552480001,4,1.9744999999999997,7,1,77.72999999999999,29,32,1,0,Ligand_17709
358.07203464,5,3.505600000000002,5,2,80.57000000000001,25,27,2,0,Ligand_17710
334.062342548,4,2.23892,5,2,101.4,23,25,2,0,Ligand_17713
421.076612708,7,2.662100000000001,6,2,116.14,28,30,2,0,Ligand_17718
390.136176184,8,2.1591,7,2,106.35,27,29,2,0,Ligand_17719
398.061567272,6,2.5066000000000006,6,1,88.33,26,28,2,0,Ligand_17720
452.05214546,8,3.339700000000001,6,2,97.12,30,32,2,0,Ligand_17721
508.098346704,11,3.260300000000001,8,2,115.58,34,36,2,0,Ligand_17722
368.061296992,6,1.0119999999999998,8,1,97.56,24,26,2,0,Ligand_17723
400.0663823719999,6,2.7425000000000006,7,1,88.33,27,30,2,0,Ligand_17724
418.040561548,7,2.520600000000001,9,2,115.58,28,31,2,0,Ligand_17725
402.082032436,9,2.512100000000001,7,2,97.12,27,29,2,0,Ligand_17726
379.029662516,7,2.7330000000000005,9,1,107.46,25,27,2,0,Ligand_17727
402.099790676,9,2.722100000000001,8,2,119.49,28,30,2,0,Ligand_17728
432.1103553599999,10,2.0182999999999995,9,2,128.72,30,32,2,0,Ligand_17729
444.171892996,7,2.888820000000001,5,1,92.78,31,33,1,0,Ligand_17731
405.168856216,6,1.6885999999999992,5,1,80.76,30,34,4,0,Ligand_17734
291.074287136,5,0.6889999999999994,5,1,100.98,21,22,3,0,Ligand_17735
407.1514919,6,2.729540000000001,6,1,101.74,28,30,5,0,Ligand_17738
422.162390932,6,2.0831399999999998,6,2,113.62000000000002,29,31,5,0,Ligand_17739
426.21547206,11,3.0587000000000018,5,1,77.10000000000001,31,33,2,0,Ligand_17740
503.209006776,12,2.4202999999999992,6,2,114.04,35,37,4,0,Ligand_17741
443.19573966,5,1.8749,8,0,82.13,33,37,2,0,Ligand_17743
429.176066836,5,-1.5299999999999965,10,1,141.60000000000002,31,34,4,0,Ligand_17744
430.196467932,6,-0.3688999999999978,10,0,107.74,31,34,4,0,Ligand_17745
363.227039788,6,0.7021000000000011,8,0,74.28999999999999,26,28,2,0,Ligand_17746
426.23793882,7,-0.2136999999999973,9,1,88.53,31,34,4,0,Ligand_17747
355.09906240400005,5,3.050200000000001,5,2,80.2,25,27,1,0,Ligand_17748
500.10489312,9,1.5241199999999997,11,3,160.53999999999996,34,37,2,0,Ligand_17750
472.178040996,8,3.1965600000000016,7,1,102.76,33,35,5,0,Ligand_17751
428.151826248,8,2.5468400000000004,5,2,104.39,30,32,5,0,Ligand_17752
443.1514919,7,3.750880000000003,6,1,101.74,31,33,5,0,Ligand_17753
488.2457266319999,7,2.4208000000000007,6,1,91.72,34,37,5,0,Ligand_17754
431.187877408,3,2.7293000000000003,5,0,79.69,30,33,5,0,Ligand_17755
515.172621268,8,1.5490999999999997,8,1,116.17,36,39,5,0,Ligand_17756
454.167476312,5,2.4282000000000004,6,1,101.37,32,35,5,0,Ligand_17757
487.1332549920001,5,3.542500000000002,5,1,88.48000000000002,33,36,5,0,Ligand_17758
459.219177536,5,3.6486000000000023,5,1,88.48,32,35,5,0,Ligand_17759
419.1514919,4,1.2783000000000004,6,0,88.92,29,32,5,0,Ligand_17760
520.2719413799999,11,2.3861000000000017,7,1,100.95,36,38,5,0,Ligand_17761
488.245726632,10,2.823800000000001,6,1,91.71999999999998,34,36,5,0,Ligand_17762
447.182792028,8,2.128399999999999,6,1,97.71,31,33,5,0,Ligand_17763
348.11437812,6,2.15184,5,1,89.27,24,26,2,0,Ligand_17764
405.172227344,6,2.03734,6,0,83.72000000000001,28,30,2,0,Ligand_17765
414.124942804,7,3.5205400000000022,6,1,98.5,29,31,2,0,Ligand_17766
419.187877408,8,2.473740000000001,6,1,92.51,29,31,2,0,Ligand_17767
448.214426504,9,1.6269400000000005,7,1,95.75,31,33,2,0,Ligand_17768
461.2348276,9,3.6424400000000015,6,1,92.51,32,34,2,0,Ligand_17769
465.209755724,10,3.4747200000000014,6,1,92.51,32,34,2,0,Ligand_17770
425.162056584,7,0.7393000000000007,6,1,105.25,29,31,1,0,Ligand_17772
337.142641468,5,2.742320000000001,5,1,73.22,25,27,1,0,Ligand_17773
353.1487894680001,5,2.09904,7,1,98.48,26,28,3,0,Ligand_17775
369.180089596,6,2.638060000000001,7,1,90.64,27,29,2,0,Ligand_17777
467.253254536,10,3.5800600000000022,8,1,107.71,34,36,2,0,Ligand_17778
457.167141964,6,2.2796000000000003,6,1,101.62,32,35,5,0,Ligand_17779
460.1668076159999,10,3.4445000000000023,5,1,104.22,32,34,1,0,Ligand_17780
392.10891588,9,2.0411,9,1,86.86,26,28,3,0,Ligand_17781
474.157305552,8,-0.1211999999999999,8,1,121.92000000000002,33,35,1,0,Ligand_17782
458.162390932,7,0.5250200000000007,7,1,110.48000000000002,32,34,4,0,Ligand_17783
376.072907232,5,2.109,7,1,107.61,26,28,5,0,Ligand_17784
392.061296992,5,1.4109,10,0,96.08,26,28,1,0,Ligand_17787
370.164105184,5,0.8995199999999999,7,1,89.6,27,30,5,0,Ligand_17788
370.200490692,8,2.29922,6,1,80.37,27,29,5,0,Ligand_17789
503.205635648,10,4.468700000000005,6,1,97.41,37,40,4,0,Ligand_17792
521.196213836,10,4.260200000000004,6,1,97.41,38,41,4,0,Ligand_17793
409.167141964,6,1.7906999999999995,6,0,92.83,28,30,1,0,Ligand_17796
484.1780409960001,4,1.881,7,0,96.07,34,38,4,0,Ligand_17797
311.126991404,5,1.8996,5,1,72.81,23,25,3,0,Ligand_17798
341.13755608800005,6,1.9082,6,1,82.03999999999999,25,27,3,0,Ligand_17801
430.119857424,7,2.3402000000000003,6,2,110.8,30,32,5,0,Ligand_17802
347.07851698799993,5,1.2527999999999997,8,0,91.9,24,26,2,0,Ligand_17804
390.144038436,5,1.9329199999999995,8,1,103.92999999999998,29,32,5,0,Ligand_17805
368.103316496,5,1.0256999999999994,8,1,107.84,27,30,2,0,Ligand_17806
373.0554833400001,7,3.0618000000000016,8,0,74.08,25,27,5,0,Ligand_17807
356.17360724799994,5,2.4225400000000006,6,1,75.71000000000001,26,28,5,0,Ligand_17808
396.089225992,6,3.137700000000001,8,1,98.73000000000002,28,31,5,0,Ligand_17811
415.102433532,3,3.236040000000001,6,2,87.63,28,31,1,0,Ligand_17812
429.118083596,5,2.647820000000001,6,2,87.63,29,32,1,0,Ligand_17813
458.2430242,6,2.09782,7,1,79.16,34,38,2,0,Ligand_17814
406.124132192,5,3.2992000000000017,5,1,76.88,30,33,4,0,Ligand_17815
462.19369106,8,2.241019999999999,7,1,104.98,32,34,1,0,Ligand_17816
447.110021012,8,1.6152999999999995,8,2,136.71,31,33,5,0,Ligand_17817
403.120191772,6,2.05544,6,2,110.41000000000004,28,30,5,0,Ligand_17818
522.287591444,13,2.8510000000000018,6,1,99.26,36,38,1,0,Ligand_17819
542.256291316,11,2.8610000000000007,6,1,99.26,38,41,1,0,Ligand_17821
510.251205936,13,1.4513000000000018,7,1,108.49,35,37,1,0,Ligand_17822
536.303241508,12,3.097000000000002,6,1,99.26,37,39,1,0,Ligand_17823
439.177706648,7,0.8412000000000011,6,1,105.25,30,32,1,0,Ligand_17825
363.080825496,4,3.3413200000000014,4,2,74.85,24,26,1,0,Ligand_17826
427.16626937199993,6,4.279000000000004,5,2,84.22,30,34,1,0,Ligand_17827
391.20082504,8,4.037920000000002,7,1,73.57000000000001,29,32,5,0,Ligand_17829
467.187877408,8,3.6445000000000025,5,2,97.39,33,36,3,0,Ligand_17830
377.23145647199993,7,1.3484000000000005,7,1,78.95,27,29,2,0,Ligand_17831
384.168521868,7,2.46072,5,2,85.89000000000001,28,30,4,0,Ligand_17833
490.123228552,5,2.28184,6,0,101.06,33,36,5,0,Ligand_17835
480.082506612,5,1.8041,6,0,101.06,32,35,5,0,Ligand_17837
373.098393708,6,2.4179000000000004,5,0,72.91,26,28,2,0,Ligand_17839
403.1089583919999,6,2.669900000000001,6,0,82.14,28,30,5,0,Ligand_17840
402.124942804,6,2.6633000000000004,5,1,84.94000000000001,28,30,5,0,Ligand_17842
377.1487894680001,5,1.67762,7,1,90.52,28,31,3,0,Ligand_17843
442.249252452,8,1.6306200000000004,7,1,74.88,32,35,4,0,Ligand_17844
298.086603812,3,3.519700000000001,4,2,80.05,22,24,5,0,Ligand_17845
436.21105537599993,9,3.6884000000000015,7,1,90.77,32,35,3,0,Ligand_17846
348.12561150000005,5,1.8517,6,1,88.18,24,26,2,0,Ligand_17847
386.042870056,4,2.2880200000000004,7,0,84.40999999999998,24,26,3,0,Ligand_17851
416.05343474,6,2.2787200000000007,8,1,102.43,26,28,3,0,Ligand_17852
444.08473486800006,6,2.429120000000001,8,1,104.64,28,30,3,0,Ligand_17853
457.1163693440001,7,2.6099200000000016,8,0,87.64999999999998,29,31,3,0,Ligand_17854
402.0741701839999,8,3.289920000000002,7,1,93.2,25,26,3,0,Ligand_17855
468.0959682480001,10,3.166720000000001,9,1,111.02,30,32,3,0,Ligand_17856
375.158291532,3,3.5778000000000025,5,1,81.06,28,31,5,0,Ligand_17857
407.18450628,7,2.654000000000001,6,2,91.65,30,33,5,0,Ligand_17858
473.242689852,7,2.46474,7,1,81.39000000000001,35,39,5,0,Ligand_17861
397.157245976,4,2.5532200000000005,7,1,79.60000000000001,28,31,2,0,Ligand_17862
485.209675472,9,2.83212,9,1,98.06,34,37,2,0,Ligand_17863
399.227039788,6,2.319819999999999,7,1,84.78,29,32,2,0,Ligand_17864
392.184840628,8,3.159900000000002,6,1,81.53999999999999,29,32,4,0,Ligand_17865
453.26275659999993,8,3.774600000000003,6,2,87.74000000000001,33,36,5,0,Ligand_17867
441.24277010399993,7,3.192700000000002,5,2,78.51,32,35,1,0,Ligand_17868
377.1157750880001,6,1.2368399999999995,8,1,107.71,26,28,2,0,Ligand_17869
384.11437812,8,4.5881000000000025,6,2,80.67999999999999,27,29,5,0,Ligand_17875
448.145678248,7,5.043020000000006,5,1,79.73,32,35,5,0,Ligand_17876
357.14370408800005,6,1.06222,8,2,110.61,26,28,2,0,Ligand_17878
288.08585486399994,3,0.7015199999999999,7,1,102.49,21,23,2,0,Ligand_17879
406.211724072,4,2.881400000000001,5,2,82.5,30,33,3,0,Ligand_17880
412.258674264,4,2.6916,5,2,82.5,30,33,3,0,Ligand_17881
451.221954408,7,2.2635,7,1,88.93,33,36,3,0,Ligand_17882
444.171892996,5,2.750220000000001,5,0,76.15,31,34,3,0,Ligand_17885
427.008905776,6,2.636800000000001,5,0,76.82,25,27,2,0,Ligand_17887
391.1453439,7,3.143900000000002,5,0,76.82,27,29,2,0,Ligand_17888
464.049208084,8,3.4752,8,2,126.83,30,32,3,0,Ligand_17890
354.169190564,7,2.8774000000000006,5,2,89.16,26,28,2,0,Ligand_17896
333.058340464,5,2.3542000000000005,5,1,85.09,23,25,4,0,Ligand_17900
345.07832696,6,2.2237,6,1,94.32,24,26,4,0,Ligand_17901
453.099456328,5,3.759360000000002,7,2,131.51,32,35,1,0,Ligand_17903
329.1739415960001,7,3.1267000000000014,5,1,77.25,24,26,3,0,Ligand_17905
343.1895916600001,7,3.5168000000000026,5,1,77.25,25,27,3,0,Ligand_17906
410.159019804,9,2.8141000000000007,7,2,129.57,30,32,2,0,Ligand_17908
275.05738762,2,1.5247199999999996,5,1,76.46000000000001,19,21,4,0,Ligand_17910
353.1124039600001,6,1.4663999999999997,8,1,108.23,26,28,1,0,Ligand_17918
394.121194816,4,2.02964,8,1,98.46,28,31,4,0,Ligand_17920
317.056718924,4,3.474000000000002,5,1,81.16000000000001,22,24,3,0,Ligand_17923
259.08693816,2,1.42272,6,1,76.72,19,21,4,0,Ligand_17926
321.114712468,5,3.1790200000000013,6,1,81.16,22,24,5,0,Ligand_17930
354.078661308,6,3.0650000000000013,7,1,97.98,25,27,1,0,Ligand_17931
325.15387484800004,1,1.58194,6,1,75.92000000000002,24,27,2,0,Ligand_17935
369.180089596,5,0.9533999999999998,8,0,74.29,27,30,5,0,Ligand_17936
259.106924656,2,0.1346999999999998,6,0,73.14,19,21,3,0,Ligand_17937
449.1605152959999,8,4.173400000000003,5,2,105.84,31,33,2,0,Ligand_17939
348.15862588,2,2.24072,4,2,73.8,26,29,2,0,Ligand_17941
418.211724072,4,3.9468200000000015,8,1,100.33,31,34,4,0,Ligand_17942
282.111675688,3,2.57744,4,2,83.8,21,23,1,0,Ligand_17943
347.057591516,3,1.4871,5,2,112.21,24,26,4,0,Ligand_17948
373.07324158,4,1.9841,5,1,109.05,26,28,4,0,Ligand_17949
423.14640652,4,0.9797,6,0,104.3,29,31,4,0,Ligand_17951
338.093642676,6,1.2988,6,1,86.63,23,24,3,0,Ligand_17952
426.13954731199993,9,3.382600000000002,7,1,101.49,28,29,1,0,Ligand_17955
368.0976825,5,2.5745400000000007,6,1,92.26,24,25,1,0,Ligand_17956
388.066382372,6,2.6111000000000004,6,1,92.26,26,28,5,0,Ligand_17957
440.0517736320001,8,2.1434,5,2,105.39,26,27,5,0,Ligand_17959
363.121906024,3,1.7372999999999996,5,1,84.4,27,30,2,0,Ligand_17960
393.13584183600005,6,2.0791,6,1,89.86999999999998,27,29,5,0,Ligand_17961
397.0863048,4,2.26012,5,1,80.64000000000001,26,28,5,0,Ligand_17964
446.19877644,4,1.6252399999999998,6,0,75.09,31,34,5,0,Ligand_17965
393.13584183600005,5,1.61532,6,1,89.87,27,29,5,0,Ligand_17966
390.124942804,5,2.6557000000000013,5,0,76.15,27,29,4,0,Ligand_17967
440.131839752,2,2.4759,6,0,75.51,31,35,2,0,Ligand_17968
401.060090052,3,2.9578000000000007,5,1,81.06,27,30,4,0,Ligand_17969
395.130362532,3,3.947720000000003,6,1,81.06,28,31,5,0,Ligand_17970
392.13069688,4,3.6632000000000033,6,0,78.99000000000001,28,31,4,0,Ligand_17971
411.215806408,4,3.713820000000003,4,1,75.02000000000001,30,33,2,0,Ligand_17976
349.10625596,4,2.790000000000001,6,1,86.35999999999999,26,29,2,0,Ligand_17978
459.14640652,6,1.7431999999999996,6,2,114.04,32,35,4,0,Ligand_17980
329.148789468,4,0.9198999999999996,8,0,78.2,24,27,5,0,Ligand_17981
383.19573966,6,1.6473,8,0,74.29,28,31,5,0,Ligand_17982
422.097013804,7,2.6575000000000006,6,2,93.73,28,30,2,0,Ligand_17983
442.081027304,5,3.1472200000000017,5,2,101.57,30,32,2,0,Ligand_17984
396.027219992,6,2.272500000000001,6,2,92.34,25,27,2,0,Ligand_17985
426.051955432,5,3.200000000000001,5,2,92.34,28,30,2,0,Ligand_17986
383.070654736,4,1.9656,5,1,82.71000000000001,25,27,5,0,Ligand_17987
389.1773127240001,7,2.940400000000001,3,2,82.27000000000001,27,29,3,0,Ligand_17988
485.198442092,6,3.378700000000002,5,1,96.02,34,37,1,0,Ligand_17989
483.219177536,5,4.103400000000004,4,1,86.79,34,37,1,0,Ligand_17990
425.1157750880001,6,0.6555000000000002,7,2,128.56,30,33,1,0,Ligand_17991
410.1954053120001,6,2.2310999999999988,7,0,85.91,30,33,1,0,Ligand_17993
410.1145681480001,6,3.730100000000002,6,1,77.63,29,32,1,0,Ligand_17994
398.130028184,6,3.558600000000002,5,2,76.66000000000001,28,30,2,0,Ligand_17995
398.130028184,6,3.558600000000002,5,2,76.66000000000001,28,30,2,0,Ligand_17996
442.156242932,8,3.609700000000002,6,2,85.89000000000001,31,33,2,0,Ligand_17997
389.140927216,4,1.9575,5,2,101.73,27,29,2,0,Ligand_17998
446.235161948,9,2.767500000000001,6,2,73.91000000000001,31,33,2,0,Ligand_18000
435.1034961520001,9,1.60892,9,1,115.55,29,31,3,0,Ligand_18005
465.114060836,10,1.6975999999999996,10,1,124.78000000000002,31,33,3,0,Ligand_18006
326.039498928,6,1.3341,5,2,98.49,21,22,5,0,Ligand_18007
420.171892996,5,2.338,5,0,83.99000000000001,29,32,4,0,Ligand_18008
445.167141964,6,2.560320000000001,5,1,96.02,31,33,3,0,Ligand_18009
447.219177536,3,2.6433,4,0,78.0,31,34,4,0,Ligand_18010
461.2348276,3,2.8893000000000004,4,0,78.0,32,35,4,0,Ligand_18011
421.203527472,6,2.4914999999999994,4,2,95.58,29,31,4,0,Ligand_18012
433.147155468,6,2.7387200000000007,4,2,95.58,30,32,3,0,Ligand_18013
457.167141964,8,2.6899000000000006,5,2,104.81,32,35,3,0,Ligand_18014
495.219177536,6,3.433500000000002,4,0,78.0,35,39,4,0,Ligand_18015
450.0885572959999,5,3.327400000000001,6,3,125.55999999999996,32,35,3,0,Ligand_18016
478.1198574239999,6,3.889800000000002,6,3,125.56,34,37,3,0,Ligand_18017
434.093642676,4,3.627220000000001,5,3,116.32999999999998,31,34,3,0,Ligand_18018
464.1042073599999,5,3.6358200000000016,6,3,125.55999999999996,33,36,3,0,Ligand_18019
473.162056584,7,1.1002200000000002,6,1,105.25,33,36,1,0,Ligand_18020
461.162056584,6,2.0504199999999995,6,1,109.16,32,35,1,0,Ligand_18021
461.162056584,6,2.0842,6,0,100.37000000000002,32,35,5,0,Ligand_18022
489.139212964,7,1.81352,6,1,96.02,33,36,1,0,Ligand_18023
479.098491024,6,1.6017,6,1,96.02,32,35,1,0,Ligand_18024
475.1235629,7,2.2348,6,1,96.02,32,35,1,0,Ligand_18025
475.1235629,7,2.2348,6,1,96.02,32,35,1,0,Ligand_18026
484.214426504,6,3.4109200000000017,5,2,108.47,34,37,4,0,Ligand_18027
483.219177536,7,3.385200000000002,4,2,95.58,34,37,4,0,Ligand_18028
487.23318778800007,8,3.039400000000001,9,1,97.12,36,40,1,0,Ligand_18029
388.222288756,7,1.360999999999999,8,1,101.71999999999998,28,30,1,0,Ligand_18030
479.3008734240001,9,3.7211000000000025,8,1,91.8,35,39,1,0,Ligand_18031
479.280886928,8,3.214700000000001,7,1,78.66,35,39,2,0,Ligand_18032
451.23318778800007,6,1.2509,9,0,88.33,33,37,1,0,Ligand_18033
395.14159591200007,7,2.3243,7,1,81.29,28,31,5,0,Ligand_18034
410.15249494400007,8,2.5498000000000003,8,1,94.18,29,32,5,0,Ligand_18035
304.14230712,6,2.900100000000001,5,1,77.5,22,24,3,0,Ligand_18036
438.146072172,6,1.3714999999999995,7,1,119.08,30,32,1,0,Ligand_18037
501.193356712,6,3.040700000000002,6,1,105.25,35,38,4,0,Ligand_18038
461.29030874,7,3.0173000000000005,7,1,79.18,34,38,3,0,Ligand_18040
381.216475104,6,2.116,5,2,83.02000000000001,28,31,5,0,Ligand_18044
360.15862588,5,2.5451200000000007,4,2,79.78,27,30,5,0,Ligand_18045
336.11437812,6,1.8937,5,1,77.4,23,24,5,0,Ligand_18048
415.154349024,8,2.646700000000001,5,1,88.18,30,32,4,0,Ligand_18049
456.171892996,8,2.8630000000000013,5,1,92.78,32,35,4,0,Ligand_18050
432.208278504,6,3.2329000000000017,4,1,83.55000000000001,30,33,4,0,Ligand_18051
358.098728056,6,3.137120000000002,5,1,81.42999999999999,25,27,4,0,Ligand_18052
431.19573966,6,3.085040000000001,7,1,91.04,32,35,3,0,Ligand_18056
461.2063043440001,7,3.093640000000001,8,1,100.27,34,37,3,0,Ligand_18057
431.19573966,6,3.7974400000000026,7,1,91.04,32,35,3,0,Ligand_18058
405.180089596,5,2.7252800000000006,7,1,94.95,30,33,3,0,Ligand_18059
435.263425296,6,3.982560000000003,6,1,81.81,32,35,2,0,Ligand_18060
489.237604472,9,3.621260000000002,8,1,100.27,36,39,3,0,Ligand_18061
479.253254536,7,3.089360000000001,8,0,99.32000000000002,35,38,2,0,Ligand_18062
396.179755248,4,1.98792,6,1,97.29,29,32,1,0,Ligand_18063
419.187877408,7,3.594940000000003,5,2,91.5,29,31,3,0,Ligand_18064
491.242021156,7,4.549400000000004,6,1,84.24999999999999,36,40,3,0,Ligand_18066
447.182792028,6,2.532140000000001,7,0,88.92000000000002,31,33,4,0,Ligand_18067
356.08644912000005,6,2.3586400000000003,6,1,77.4,23,24,4,0,Ligand_18068
380.140592868,7,3.0181400000000016,6,1,86.63,26,27,5,0,Ligand_18069
493.089675928,4,4.120520000000003,5,2,95.58,32,35,4,0,Ligand_18070
473.1442983440001,6,2.8789000000000007,5,2,95.58,32,35,4,0,Ligand_18071
404.10420736,6,2.2510200000000005,7,1,107.61,28,30,3,0,Ligand_18072
434.114772044,8,1.6288999999999996,8,1,116.84,30,32,2,0,Ligand_18073
378.070799056,5,3.320400000000002,5,2,84.5,25,27,2,0,Ligand_18074
402.124942804,7,3.4541400000000024,6,1,90.66,28,30,4,0,Ligand_18080
402.124942804,8,3.535820000000002,6,1,90.66,28,30,1,0,Ligand_18081
412.1569116280001,5,3.118320000000001,6,0,79.54,29,32,4,0,Ligand_18084
416.140592868,8,3.708120000000002,6,1,90.66,29,31,4,0,Ligand_18085
425.1773127240001,7,4.609020000000003,5,1,75.44,30,33,1,0,Ligand_18086
408.146740868,7,1.7708599999999997,6,2,121.46,28,29,3,0,Ligand_18087
340.10929273999994,8,2.385300000000001,5,1,92.61,23,24,5,0,Ligand_18089
331.12019177200006,6,-0.577799999999999,7,1,89.87,22,23,5,0,Ligand_18090
449.198442092,9,2.0532999999999992,7,1,89.87,31,33,3,0,Ligand_18091
421.167141964,8,2.05356,5,2,108.57,29,30,2,0,Ligand_18092
408.11437812,5,3.2959000000000023,5,1,75.71000000000001,29,32,1,0,Ligand_18093
484.175596384,4,3.3972400000000027,4,1,76.72,33,36,4,0,Ligand_18094
389.1773127240001,6,3.0783400000000016,3,1,73.48,27,29,3,0,Ligand_18095
405.135841836,5,2.454940000000001,5,2,108.56999999999998,28,30,3,0,Ligand_18096
449.198442092,8,2.795840000000001,5,2,100.73,31,33,1,0,Ligand_18097
365.140927216,5,2.32914,4,2,95.40999999999998,25,27,3,0,Ligand_18098
433.203527472,6,3.145240000000001,5,1,80.63999999999999,30,32,3,0,Ligand_18100
433.203527472,6,3.145240000000002,5,1,80.63999999999999,30,32,3,0,Ligand_18101
424.20230226,6,2.8261400000000005,7,1,85.17000000000002,31,34,1,0,Ligand_18103
420.227374136,6,2.9954600000000013,7,1,85.17,31,34,1,0,Ligand_18104
420.227374136,6,2.9954600000000013,7,1,85.17,31,34,1,0,Ligand_18105
406.211724072,6,2.6870400000000005,7,1,85.17000000000002,30,33,1,0,Ligand_18106
406.131090804,7,1.4829999999999997,7,1,110.59999999999998,28,30,3,0,Ligand_18107
389.104541708,6,2.04504,5,3,121.27,27,29,3,0,Ligand_18109
366.121571676,5,3.595900000000002,6,2,89.8,27,30,2,0,Ligand_18110
398.1300281839999,7,3.558600000000001,5,2,76.66000000000001,28,30,2,0,Ligand_18112
487.177706648,7,2.082299999999999,6,1,105.25,34,37,4,0,Ligand_18113
495.143961908,4,3.796300000000002,4,1,86.79,34,37,4,0,Ligand_18114
491.128169612,5,3.4395000000000024,5,1,96.01999999999998,33,36,4,0,Ligand_18115
487.1599484080001,6,3.177100000000002,5,1,86.78999999999999,33,36,4,0,Ligand_18116
393.172227344,5,1.6171,4,0,78.0,27,29,4,0,Ligand_18117
422.170253184,9,2.9179000000000013,9,2,115.81,31,34,5,0,Ligand_18118
423.20188766000007,5,1.7423199999999994,9,1,106.77,31,35,1,0,Ligand_18119
452.217203376,7,1.7251999999999994,9,1,103.11,33,37,1,0,Ligand_18120
466.196467932,6,1.8254999999999997,10,1,120.18,34,38,1,0,Ligand_18121
348.12561150000005,4,1.1336,6,0,75.51,24,26,3,0,Ligand_18124
439.15657728,6,3.738500000000003,6,0,75.88,31,35,5,0,Ligand_18125
426.161328312,5,4.955240000000004,5,2,88.41,30,33,4,0,Ligand_18126
382.034036688,6,1.7452199999999998,10,1,102.14,24,26,3,0,Ligand_18127
316.1535405,4,2.1452400000000003,5,2,85.25,23,24,2,0,Ligand_18129
365.148789468,4,3.1157200000000014,7,2,94.21,27,30,5,0,Ligand_18130
335.1382247840001,3,3.10712,6,2,84.98,25,28,5,0,Ligand_18131
422.070320388,5,2.975420000000001,5,1,92.78,28,30,4,0,Ligand_18132
488.1893546280001,7,1.7552199999999998,5,1,90.03,34,37,3,0,Ligand_18133
488.1893546280001,7,1.7552199999999998,5,1,90.03,34,37,3,0,Ligand_18134
397.112998216,4,2.15754,6,0,89.33999999999999,26,28,4,0,Ligand_18135
383.060962644,6,1.8224,7,1,105.67,25,26,4,0,Ligand_18137
366.107184564,5,3.5515200000000027,5,1,76.13,24,25,3,0,Ligand_18138
411.00173351600006,5,1.3561000000000003,7,2,136.29,26,28,2,0,Ligand_18139
413.140927216,5,3.169520000000002,6,0,75.88,29,32,5,0,Ligand_18140
473.162056584,5,1.3941999999999994,7,0,88.62,33,37,5,0,Ligand_18143
428.1439639959999,4,1.7564000000000002,5,0,91.83,28,30,1,0,Ligand_18144
353.13755608800005,4,1.8881999999999997,6,1,82.33000000000001,26,28,3,0,Ligand_18148
364.0993967520001,6,3.4720000000000013,6,1,84.84,26,28,3,0,Ligand_18149
487.157720152,7,3.0317000000000016,7,1,84.25000000000001,34,38,3,0,Ligand_18151
463.17433552,6,2.48482,9,1,114.9,34,37,3,0,Ligand_18155
492.204255744,8,1.4543400000000013,8,1,110.17999999999998,34,36,4,0,Ligand_18157
421.16714196400005,8,1.72176,6,2,106.5,29,30,5,0,Ligand_18158
379.060232284,4,4.085000000000001,5,2,75.11,26,28,2,0,Ligand_18159
353.137556088,6,1.4048999999999998,5,2,93.19,26,28,2,0,Ligand_18163
335.17461029200007,5,2.43884,5,2,85.83,25,27,1,0,Ligand_18165
415.102433532,4,2.6053200000000007,6,2,87.63,28,31,1,0,Ligand_18166
429.118083596,4,3.742600000000002,6,2,87.63,29,32,1,0,Ligand_18167
485.198442092,9,3.7252000000000023,6,2,106.09,34,37,2,0,Ligand_18168
485.1984420920001,9,3.725200000000002,6,2,106.09,34,37,2,0,Ligand_18169
365.030411464,3,2.6678000000000006,5,2,87.63,24,26,4,0,Ligand_18170
502.17084744,9,2.720800000000001,9,1,85.69000000000001,34,38,5,0,Ligand_18171
486.17593282,8,3.4844000000000017,8,1,76.46000000000001,33,37,5,0,Ligand_18172
344.13069688,5,1.9068,4,2,73.80000000000001,24,26,4,0,Ligand_18173
361.109627088,5,1.85819,6,1,84.4,25,27,1,0,Ligand_18174
466.167476312,8,3.010190000000001,6,2,96.43,33,36,1,0,Ligand_18175
386.14126156399993,8,2.08758,7,1,97.01,27,29,5,0,Ligand_18176
548.170511004,10,4.221500000000003,7,2,102.32,38,41,5,0,Ligand_18177
415.120191772,8,2.7749000000000006,8,1,95.59,29,32,3,0,Ligand_18178
502.142324184,4,2.588490000000001,9,1,105.58,36,41,2,0,Ligand_18179
477.1470752160001,5,3.4631000000000016,9,1,105.9,34,38,2,0,Ligand_18180
361.109627088,2,1.4245899999999998,6,1,76.56,25,28,5,0,Ligand_18181
413.140927216,8,2.34019,6,2,87.56,29,31,1,0,Ligand_18182
389.05039796,5,3.2681900000000006,7,2,85.35000000000001,26,29,2,0,Ligand_18183
449.08792634,10,3.972900000000004,7,2,101.29,30,32,5,0,Ligand_18184
397.0863048,4,2.737400000000001,6,1,90.29,26,28,4,0,Ligand_18186
373.07324158,4,2.1546000000000003,7,1,103.42999999999998,26,29,4,0,Ligand_18187
427.0838062639999,4,2.2903,8,1,108.75,30,34,1,0,Ligand_18188
361.14601259599993,4,2.902140000000001,5,1,81.06,25,27,4,0,Ligand_18189
296.035459104,5,1.9603,5,1,93.81,20,21,4,0,Ligand_18192
533.1344598439999,9,3.5958000000000023,8,2,111.13,37,40,3,0,Ligand_18193
338.126657056,6,1.9977,4,1,75.71000000000001,25,27,1,0,Ligand_18194
401.97074644,7,2.495400000000001,4,2,75.27,22,23,1,0,Ligand_18195
407.1514919,6,1.4210999999999998,5,1,99.78,28,30,5,0,Ligand_18196
520.079901496,6,2.536,8,2,130.17,35,39,3,0,Ligand_18197
349.09839370800006,7,2.4979200000000006,4,2,92.7,24,25,2,0,Ligand_18200
331.141972772,6,2.24634,5,1,77.77,24,25,2,0,Ligand_18204
381.1688562160001,8,2.9963000000000006,4,3,104.37,28,29,2,0,Ligand_18205
362.130028184,8,2.241,4,2,84.5,25,26,2,0,Ligand_18207
408.171892996,3,1.7612199999999998,5,0,76.15,28,31,4,0,Ligand_18208
409.203527472,6,2.000099999999999,4,1,78.95,28,30,3,0,Ligand_18211
464.176978376,9,5.441920000000004,5,2,76.66000000000001,33,35,4,0,Ligand_18214
484.181412124,10,0.994300000000002,7,1,99.26,32,34,1,0,Ligand_18221
508.217797632,8,2.538100000000001,6,1,90.03,34,37,1,0,Ligand_18222
370.156242932,7,1.3817,5,1,84.94000000000001,25,26,3,0,Ligand_18223
453.22974222,7,2.2547000000000006,5,1,88.17999999999999,31,33,3,0,Ligand_18224
360.171892996,5,0.849800000000001,5,0,83.99000000000001,24,25,5,0,Ligand_18227
453.193356712,6,1.1071000000000009,6,1,97.41,31,34,3,0,Ligand_18229
405.160993964,10,3.023620000000001,5,1,81.7,28,29,3,0,Ligand_18230
403.177706648,3,-0.3590999999999966,6,0,88.62,27,30,5,0,Ligand_18231
397.134779216,8,3.6755200000000015,4,1,76.38,28,30,1,0,Ligand_18233
433.155908584,7,3.1183200000000024,6,0,93.89,30,32,1,0,Ligand_18234
446.223928568,9,3.8008200000000034,5,1,79.62,31,33,4,0,Ligand_18235
524.24909776,13,3.3183000000000025,6,1,90.02999999999999,35,37,1,0,Ligand_18236
435.255563044,9,3.009500000000002,4,2,78.51,30,32,3,0,Ligand_18240
451.286863172,11,3.544660000000002,4,2,78.51,31,32,3,0,Ligand_18241
435.219177536,9,2.2084200000000003,4,2,95.57999999999998,30,32,3,0,Ligand_18242
392.213363884,6,3.4662000000000024,3,2,75.27000000000001,27,29,3,0,Ligand_18243
483.222548664,13,3.769300000000002,5,3,104.37,32,33,3,0,Ligand_18244
466.261376696,10,1.692300000000002,5,1,82.19,32,34,2,0,Ligand_18245
417.10462196,8,3.4723000000000024,5,1,85.61,29,31,3,0,Ligand_18246
466.16930615199993,9,4.145800000000004,5,1,79.62,31,33,4,0,Ligand_18249
372.216140756,8,1.2417000000000005,5,1,74.24000000000001,27,29,3,0,Ligand_18250
440.176978376,10,3.8138200000000033,5,1,79.62,31,33,4,0,Ligand_18251
497.24606098,13,3.836900000000002,6,2,104.29,35,37,2,0,Ligand_18252
504.046688252,4,2.948440000000001,7,1,93.53,31,34,5,0,Ligand_18253
424.236207504,3,4.017300000000003,5,2,78.87,31,34,1,0,Ligand_18254
366.121571676,4,2.3857,6,2,89.79,27,30,1,0,Ligand_18255
237.10010796,2,1.136,4,2,79.39,17,18,3,0,Ligand_18256
430.131090804,7,1.84694,8,2,111.55000000000004,30,32,5,0,Ligand_18257
362.06694926,5,2.9038000000000013,6,1,82.7,25,27,1,0,Ligand_18258
337.109627088,6,1.228339999999999,5,1,92.51,23,24,5,0,Ligand_18261
486.057252936,10,2.5308,7,3,132.64,29,30,4,0,Ligand_18262
356.151826248,5,0.66202,6,1,95.75,24,25,1,0,Ligand_18263
473.198442092,9,3.0547000000000013,5,3,113.6,33,35,3,0,Ligand_18264
410.130028184,6,3.5870200000000025,4,1,79.62,29,32,2,0,Ligand_18265
456.093739992,6,0.4181000000000008,6,2,129.87999999999997,30,32,5,0,Ligand_18266
451.096869484,5,2.0562,6,1,88.18,30,33,5,0,Ligand_18267
368.13722174,5,1.6088999999999998,5,1,92.78,27,30,1,0,Ligand_18271
452.2059699959999,8,1.855,8,1,94.92,33,36,2,0,Ligand_18273
438.22670543999993,10,2.8646000000000003,7,1,85.69,32,34,2,0,Ligand_18274
315.158291532,3,2.1882200000000003,3,2,78.51,23,25,5,0,Ligand_18280
373.109627088,5,2.534840000000001,7,0,81.62,26,28,4,0,Ligand_18286
372.089225992,5,1.6597,8,1,115.48,26,28,5,0,Ligand_18287
325.10625596,4,2.1926,5,2,93.31,24,26,3,0,Ligand_18288
342.216809452,6,2.9705000000000013,7,2,89.19,25,27,4,0,Ligand_18289
375.1365105320001,6,1.2962999999999991,6,2,114.2,26,28,2,0,Ligand_18297
431.220891788,0,4.232500000000003,5,1,96.42000000000002,32,36,1,0,Ligand_18300
268.05177786400003,4,1.7924199999999997,5,1,81.43,18,19,2,0,Ligand_18321
377.05039796,5,3.0641000000000007,6,2,97.39,25,27,5,0,Ligand_18322
354.082032436,4,2.5948,6,2,101.05,23,24,5,0,Ligand_18324
412.1126638679999,9,2.667600000000001,5,1,92.78,27,28,5,0,Ligand_18325
396.1256115000001,7,3.4097000000000017,5,2,101.05,28,30,3,0,Ligand_18327
346.135113564,7,2.1865,3,2,89.25999999999999,24,25,2,0,Ligand_18329
298.098728056,5,1.0559999999999998,4,1,75.71,20,21,3,0,Ligand_18331
342.115046816,5,3.952320000000003,6,1,80.91000000000001,24,26,5,0,Ligand_18332
285.024183212,5,1.4853,6,1,81.18,18,19,1,0,Ligand_18333
321.114712468,6,2.859900000000001,6,1,73.34,22,23,1,0,Ligand_18334
324.150763628,6,2.310699999999999,3,2,89.25999999999999,22,23,2,0,Ligand_18336
270.06742792800003,3,0.4514999999999995,4,2,98.49,18,19,4,0,Ligand_18337
234.100442308,3,0.9029999999999998,3,2,81.42,17,18,3,0,Ligand_18338
401.140927216,5,3.071900000000001,4,2,95.58,28,30,5,0,Ligand_18339
286.05244656,3,2.75382,6,1,80.91000000000001,20,22,5,0,Ligand_18340
294.067427928,5,1.53652,5,1,89.27,20,21,5,0,Ligand_18341
434.0615672720001,6,3.559520000000002,5,2,101.05,29,31,3,0,Ligand_18344
339.071133404,8,2.675300000000001,7,1,73.34,22,23,4,0,Ligand_18346
468.138878616,11,2.6693000000000007,6,1,109.85,31,32,5,0,Ligand_18354
353.0867834680001,7,2.605100000000001,6,1,89.02000000000001,23,24,5,0,Ligand_18355
279.05652889600003,5,1.3697,4,1,76.38,19,20,5,0,Ligand_18357
386.130028184,8,2.4502000000000006,4,2,88.25999999999999,27,29,4,0,Ligand_18361
424.022134612,5,2.4206200000000004,7,1,110.26999999999998,27,29,2,0,Ligand_18362
446.071861676,8,2.0799000000000003,7,2,135.19,30,32,3,0,Ligand_18363
307.09906240400005,7,2.2644,6,1,73.34000000000002,21,22,2,0,Ligand_18364
427.15657728,5,2.852800000000002,4,1,86.79,30,33,4,0,Ligand_18367
477.112519548,5,2.660920000000001,5,1,96.02,32,35,4,0,Ligand_18371
380.070989084,5,2.6379200000000003,6,1,84.42,25,27,2,0,Ligand_18372
484.1580545,9,3.314900000000001,7,1,93.65,34,37,1,0,Ligand_18373
424.1039107520001,9,2.4454,7,1,84.42,28,30,1,0,Ligand_18374
369.1147124680001,3,3.688620000000002,5,1,75.44,26,29,5,0,Ligand_18375
435.2158064080001,5,3.233820000000001,4,1,78.95,32,35,3,0,Ligand_18376
465.226371092,6,3.242420000000002,5,1,88.17999999999999,34,37,3,0,Ligand_18377
281.04548554400003,4,1.8729,4,1,82.53,19,20,2,0,Ligand_18382
463.199487648,8,4.408400000000003,5,2,105.84,34,37,2,0,Ligand_18384
322.11782368800004,4,1.873,6,2,101.8,24,26,2,0,Ligand_18385
335.08274364400006,6,2.28352,4,1,83.91000000000001,23,24,1,0,Ligand_18387
376.10929274,7,2.2848,5,2,93.73,26,28,4,0,Ligand_18390
368.140592868,6,1.3830999999999998,5,1,84.94000000000001,25,27,3,0,Ligand_18393
435.162805532,7,2.8029,5,1,78.95000000000002,30,32,3,0,Ligand_18394
416.176978376,8,2.844900000000001,4,1,75.71000000000001,29,31,3,0,Ligand_18395
402.161328312,7,2.8024000000000004,4,1,75.71000000000001,28,30,3,0,Ligand_18396
388.145678248,6,3.187120000000001,4,1,75.71,27,29,3,0,Ligand_18398
441.193356712,8,0.552900000000002,7,1,97.41,30,32,3,0,Ligand_18399
439.214092156,8,1.2428200000000016,6,1,88.18,30,32,3,0,Ligand_18400
437.117604928,7,2.8508000000000004,5,1,88.60000000000001,29,31,3,0,Ligand_18401
406.1198574239999,8,1.7508999999999997,6,1,94.17000000000002,28,30,3,0,Ligand_18403
426.065235008,7,2.0142,6,1,94.17000000000002,28,30,5,0,Ligand_18404
402.161328312,7,2.6470200000000004,4,1,75.71,28,30,3,0,Ligand_18405
408.115520992,6,2.17252,5,1,84.94,28,30,3,0,Ligand_18406
408.115520992,6,2.17252,5,1,84.94,28,30,3,0,Ligand_18407
384.135507488,5,0.2535200000000011,6,0,85.38,26,28,3,0,Ligand_18408
437.117604928,7,2.8508000000000004,5,1,88.60000000000001,29,31,3,0,Ligand_18409
416.11727058,5,1.9982,5,0,76.15,27,29,3,0,Ligand_18410
478.21038668,7,2.929100000000001,7,1,88.54,35,39,2,0,Ligand_18411
343.153206152,5,1.6847,5,1,75.02000000000001,25,27,4,0,Ligand_18418
338.130028184,4,1.3798999999999997,4,1,75.71000000000001,23,25,1,0,Ligand_18424
403.15657728,6,1.5613,5,1,78.94999999999999,28,30,5,0,Ligand_18425
488.163059628,4,3.0497400000000017,9,0,86.53,35,39,1,0,Ligand_18430
335.07621878400005,5,1.8630999999999995,3,3,84.22,22,23,2,0,Ligand_18431
375.169524912,4,3.822440000000002,4,2,88.5,28,30,2,0,Ligand_18432
306.111675688,3,2.7944000000000004,3,2,93.51,23,25,4,0,Ligand_18434
401.15061930799993,10,3.416400000000001,4,3,89.37,28,30,2,0,Ligand_18437
388.005133288,6,2.449600000000001,4,2,98.49,24,25,4,0,Ligand_18438
323.126991404,5,2.9068000000000005,3,3,86.97999999999999,24,26,2,0,Ligand_18439
390.124942804,5,2.7586000000000013,5,1,84.93999999999998,27,29,2,0,Ligand_18440
344.03007711600003,5,0.9516,4,2,106.32999999999998,22,23,5,0,Ligand_18442
352.064841084,6,1.8888000000000005,3,2,89.25999999999999,23,24,2,0,Ligand_18443
496.16258096,5,1.6863999999999997,9,0,98.51000000000002,35,39,4,0,Ligand_18445
313.15387484800004,6,1.9908,6,2,84.31,23,25,5,0,Ligand_18446
366.121571676,7,3.5580000000000016,5,2,89.8,27,29,1,0,Ligand_18447
410.184171932,10,3.4852000000000025,6,1,88.96000000000001,30,32,1,0,Ligand_18449
418.200490692,8,2.9692000000000016,6,1,77.63,31,34,3,0,Ligand_18451
396.1256115000001,5,3.4549600000000016,5,2,101.05,28,30,2,0,Ligand_18459
359.073990528,5,3.6137000000000015,6,1,73.34,25,27,1,0,Ligand_18460
417.099456328,7,3.053320000000001,7,2,119.76,29,31,2,0,Ligand_18462
428.11544074,9,2.693600000000001,7,2,119.51,30,32,3,0,Ligand_18463
419.060962644,8,2.9700000000000006,7,2,106.62,28,30,3,0,Ligand_18464
363.125277152,5,3.302620000000002,5,2,101.3,25,27,2,0,Ligand_18465
435.0493524040001,7,3.0815400000000013,8,2,113.94,28,30,3,0,Ligand_18466
396.1256115000001,6,3.0754400000000013,5,2,101.05,28,30,4,0,Ligand_18467
412.12052612,6,3.155140000000002,6,2,110.28,29,31,4,0,Ligand_18468
412.12052612,7,2.775620000000001,6,2,110.28,29,31,3,0,Ligand_18469
416.08644912,6,3.336800000000002,4,0,74.76,28,30,1,0,Ligand_18471
400.093832704,4,2.843400000000001,6,1,89.60000000000001,28,31,4,0,Ligand_18472
467.16925014,10,3.186300000000001,9,1,117.98,34,36,5,0,Ligand_18473
407.148120772,8,3.169100000000001,7,1,99.51999999999998,30,32,5,0,Ligand_18474
394.113332564,5,2.0237,6,1,82.61,26,28,4,0,Ligand_18476
371.093977024,3,2.7628400000000006,6,1,94.2,26,29,4,0,Ligand_18477
355.153206152,4,2.901200000000001,6,1,90.41,26,28,1,0,Ligand_18478
402.0553390200001,5,3.4915200000000013,5,2,101.05,27,29,3,0,Ligand_18479
306.078661308,5,1.6259,5,2,101.05,21,22,3,0,Ligand_18482
322.073575928,6,0.8622999999999993,6,2,110.28,22,23,3,0,Ligand_18484
374.130028184,6,2.2788000000000004,4,1,75.71000000000001,26,28,5,0,Ligand_18493
377.152160596,4,0.6941999999999999,8,0,90.09000000000002,26,28,2,0,Ligand_18494
381.093640588,4,3.218900000000001,7,0,74.95,27,29,4,0,Ligand_18495
401.037503472,5,3.1674200000000017,4,1,79.37,25,27,4,0,Ligand_18497
405.183460724,5,1.3302999999999996,8,0,90.09000000000002,28,30,2,0,Ligand_18498
406.125275064,4,4.397300000000003,6,2,81.32,29,32,2,0,Ligand_18499
407.1593541520001,5,2.928500000000001,8,3,110.53000000000002,30,33,5,0,Ligand_18501
419.1957396600001,5,3.8397400000000017,7,2,90.3,31,34,5,0,Ligand_18504
420.0369120840001,6,4.368220000000003,4,2,75.27000000000001,27,29,3,0,Ligand_18505
422.104876056,5,3.8927400000000016,6,2,114.19,30,33,2,0,Ligand_18506
426.22670544,8,2.207019999999999,6,2,83.14,31,33,1,0,Ligand_18507
440.2059699959999,8,2.008799999999999,7,2,92.37,32,35,5,0,Ligand_18509
453.27398998,10,2.7362,6,2,77.15,33,35,1,0,Ligand_18510
460.0972038320001,9,4.036920000000002,6,2,110.28,31,33,5,0,Ligand_18512
527.2267650159998,11,1.7354999999999998,10,1,119.25,38,41,2,0,Ligand_18513
192.075958876,0,-1.0392800000000009,7,1,99.58,14,15,4,0,Inactive_1
371.232125168,3,3.433600000000002,7,0,82.67,27,30,2,0,Inactive_2
261.047359092,0,-0.6074000000000002,7,0,82.67,18,19,2,0,Inactive_3
248.127325752,1,1.22652,4,2,83.53999999999999,18,20,2,0,Inactive_4
246.09054632,1,2.944500000000001,4,0,43.08,19,22,4,0,Inactive_5
247.085795288,1,2.3395,5,0,55.97,19,22,4,0,Inactive_6
275.047695528,1,0.1022999999999998,8,0,82.67,19,21,2,0,Inactive_7
291.04261014800005,1,-0.6593000000000002,8,0,96.71999999999998,20,22,2,0,Inactive_8
309.12257472000005,3,1.0271,7,0,82.67,23,25,2,0,Inactive_9
61.052763844,1,-0.1033999999999998,2,1,35.25,4,3,1,0,Inactive_10
75.068413908,1,0.2851,2,1,35.25,5,4,1,0,Inactive_11
137.084063972,3,1.1193999999999995,2,1,35.25,10,10,1,0,Inactive_12
89.084063972,3,0.6768000000000002,2,1,35.25,6,5,1,0,Inactive_13
103.099714036,3,0.9228,2,1,35.25,7,6,1,0,Inactive_14
123.068413908,2,1.0769,2,1,35.25,9,9,1,0,Inactive_15
224.017496968,2,2.969500000000001,3,1,38.91,14,15,2,0,Inactive_16
207.056325,2,2.167,3,1,43.84,14,15,1,0,Inactive_17
177.10144535199998,2,0.2471,5,1,61.66,13,14,1,0,Inactive_18
337.07865922,1,1.0595999999999997,7,0,82.67,24,26,2,0,Inactive_19
269.09127459200005,1,0.0407999999999997,7,0,82.67,20,22,2,0,Inactive_20
313.081103832,1,-0.2305000000000003,9,0,101.13,23,26,2,0,Inactive_21
303.05230224,1,0.6941999999999994,7,0,82.67,21,23,2,0,Inactive_22
509.26784198,6,6.461900000000006,5,1,61.88,38,42,1,0,Inactive_23
312.1473925,2,2.4609999999999994,3,2,69.64,23,26,3,0,Inactive_24
177.10144535199998,2,0.2471,5,1,61.66,13,14,1,0,Inactive_25
241.08268198,2,2.532400000000001,3,1,43.84,17,18,1,0,Inactive_26
263.101839276,1,-1.1222999999999992,8,0,91.9,19,21,2,0,Inactive_27
180.064725496,0,-1.0397000000000003,5,1,72.68,13,14,3,0,Inactive_28
241.017352648,2,2.820400000000001,3,1,43.84,15,16,1,0,Inactive_29
274.97838029599995,2,3.4738000000000007,3,1,43.84,16,17,3,0,Inactive_30
494.982335376,4,4.366820000000002,7,0,82.67000000000002,31,34,5,0,Inactive_31
495.1129940400001,4,3.7908200000000023,7,0,82.67000000000002,35,38,5,0,Inactive_32
275.13822478400004,1,0.6988199999999996,7,0,82.67000000000002,20,22,1,0,Inactive_34
247.143310164,1,1.3386199999999997,6,0,65.6,18,20,1,0,Inactive_35
193.059974464,0,-1.2797800000000008,6,1,93.53,14,15,2,0,Inactive_36
289.15387484800004,2,1.5033999999999996,6,1,93.53,21,23,2,0,Inactive_37
206.08037556,0,-0.7127800000000004,6,0,69.78,15,16,4,0,Inactive_38
266.101504928,2,-1.0149999999999997,7,1,96.76,19,20,4,0,Inactive_39
264.085854864,2,-0.8445000000000005,8,0,96.08,19,20,4,0,Inactive_40
236.054554736,1,-1.3229999999999995,7,1,107.08,17,18,4,0,Inactive_41
220.096025624,0,-0.40436,6,0,69.78,16,17,4,0,Inactive_42
316.11471038,1,1.9473,5,1,72.68,22,24,2,0,Inactive_43
262.067760188,0,-0.0104999999999999,6,0,61.82,18,19,2,0,Inactive_44
280.07832487200005,2,-0.8863000000000003,6,1,76.34,19,19,2,0,Inactive_45
228.064725496,0,0.1215999999999992,5,1,80.64,17,19,5,0,Inactive_46
302.083746688,1,0.9876999999999996,7,0,59.6,21,23,4,0,Inactive_47
270.111675688,1,0.6376999999999999,6,0,61.82,20,22,4,0,Inactive_48
316.189926008,2,2.965800000000001,4,2,83.53999999999999,23,26,2,0,Inactive_49
300.137496512,3,3.7288000000000014,4,1,56.73,23,26,1,0,Inactive_50
187.110947416,3,1.7079999999999995,3,1,43.84,14,15,3,0,Inactive_51
201.12659748,4,2.0981,3,1,43.84,15,16,3,0,Inactive_53
201.090211972,3,1.3481999999999998,4,1,60.91,15,16,5,0,Inactive_54
235.05123962,3,2.0016,4,1,60.91,16,17,5,0,Inactive_55
207.056325,2,2.167,3,1,43.84,14,15,2,0,Inactive_56
215.105862036,3,1.8898,3,1,46.92,16,17,5,0,Inactive_57
245.11642672,4,1.8984,4,1,56.15,18,19,5,0,Inactive_58
283.093246664,3,2.9086000000000007,3,1,46.92,20,21,5,0,Inactive_59
249.066889684,3,2.543200000000001,3,1,46.92,17,18,5,0,Inactive_60
293.067952304,3,1.7849999999999997,4,3,102.04,20,21,5,0,Inactive_61
235.087625128,4,3.0166000000000013,3,1,29.85,16,17,5,0,Inactive_62
263.118925256,5,3.431000000000002,3,0,21.06,18,19,5,0,Inactive_63
192.045425968,2,2.5847999999999995,2,0,17.82,13,14,2,0,Inactive_64
220.040340588,3,2.3973000000000004,3,0,34.89,15,16,1,0,Inactive_65
222.055990652,3,2.0771,3,1,38.05,15,16,1,0,Inactive_66
317.942073936,2,3.189400000000002,2,0,17.82,14,15,1,0,Inactive_67
241.017352648,2,2.820400000000001,3,1,43.84,15,16,3,0,Inactive_68
257.071975064,2,3.3202000000000016,3,1,43.84,18,20,3,0,Inactive_69
291.03300271200004,2,3.973600000000002,3,1,43.84,19,21,3,0,Inactive_70
257.071975064,2,3.3202000000000016,3,1,43.84,18,20,4,0,Inactive_71
291.03300271200004,2,3.973600000000002,3,1,43.84,19,21,4,0,Inactive_72
246.09054632,1,2.944500000000001,4,0,43.08,19,22,4,0,Inactive_75
246.09054632,1,2.944500000000001,4,0,43.08,19,22,4,0,Inactive_77
247.085795288,1,2.3394999999999992,5,0,55.97,19,22,4,0,Inactive_79
288.137496512,2,3.6155000000000017,4,0,33.43000000000001,22,25,5,0,Inactive_81
203.105862036,3,1.5222,4,1,53.07,15,16,5,0,Inactive_83
317.067952304,2,0.6179999999999998,7,0,82.67,22,24,3,0,Inactive_84
313.11748934,3,-0.0268000000000001,8,0,91.9,23,25,3,0,Inactive_85
281.091274592,2,0.5821999999999996,6,1,93.53,21,23,2,0,Inactive_86
261.032045464,1,0.1402999999999996,7,1,93.53,18,20,2,0,Inactive_87
337.01332988800004,1,1.3475999999999997,7,0,82.67,22,24,2,0,Inactive_88
255.075624528,1,0.0787999999999995,6,1,93.53,19,21,2,0,Inactive_89
289.036652176,1,0.7321999999999995,6,1,93.53,20,22,2,0,Inactive_90
179.0443244,0,-1.588200000000001,6,1,93.53,13,14,3,0,Inactive_91
322.99767982400004,1,1.3855999999999995,6,1,93.53,21,23,2,0,Inactive_92
285.086189212,2,0.0873999999999997,7,1,102.76,21,23,2,0,Inactive_93
315.096753896,3,0.0959999999999996,8,1,111.99,23,25,2,0,Inactive_94
275.047695528,1,0.1506999999999999,8,0,82.66999999999999,19,21,2,0,Inactive_95
182.105527688,1,1.64472,3,1,55.12,13,13,4,0,Inactive_96
227.950994888,0,2.2014000000000005,2,0,17.82,11,11,2,0,Inactive_97
154.07422756,2,0.90962,3,1,55.120000000000005,11,11,4,0,Inactive_98
111.079647288,1,0.4852000000000001,3,1,43.84,8,8,4,0,Inactive_99
276.01803312400006,2,2.8656000000000006,4,1,55.120000000000005,18,19,2,0,Inactive_100
161.095297352,1,1.1689,3,1,41.62,12,13,2,0,Inactive_101
218.035923904,1,1.97958,4,1,67.63,15,16,5,0,Inactive_102
108.043596128,0,-0.1364200000000001,3,2,78.49,8,8,2,0,Inactive_103
175.095691276,4,-1.2825999999999986,3,4,104.45,12,11,4,0,Inactive_104
146.06914218,3,-1.4655999999999991,3,3,92.42,10,9,4,0,Inactive_105
115.04940978,2,-1.4100000000000006,5,2,89.71,8,8,1,0,Inactive_106
150.115698448,2,1.2113,2,1,29.26,11,11,4,0,Inactive_107
161.047678464,1,0.99,3,0,38.66,12,13,4,0,Inactive_108
161.047678464,0,1.49642,3,0,43.1,12,13,5,0,Inactive_109
162.06807956,2,1.8747,1,1,37.3,12,13,3,0,Inactive_110
163.099714036,2,1.4763,2,0,12.47,12,13,4,0,Inactive_111
164.131348512,0,2.08468,2,2,52.04,12,12,4,0,Inactive_112
223.099714036,1,2.8895000000000017,1,0,20.31,17,19,2,0,Inactive_113
196.14632988,2,1.2694,2,2,40.46,14,16,4,0,Inactive_114
199.099714036,0,2.8818400000000013,2,0,22.12,15,17,5,0,Inactive_115
154.053098192,0,2.1064799999999995,2,0,36.68,12,13,5,0,Inactive_116
201.12659748,1,2.2861400000000005,3,1,43.84,15,16,4,0,Inactive_117
217.11027872,2,2.6278200000000007,3,1,38.33,16,17,1,0,Inactive_118
262.146998576,3,4.215240000000003,2,0,17.82,20,22,2,0,Inactive_119
173.095297352,2,1.5136,3,1,43.84,13,14,4,0,Inactive_120
216.137496512,3,1.5796,4,1,47.08,16,17,4,0,Inactive_121
173.095297352,2,1.5136,3,1,43.84,13,14,2,0,Inactive_122
174.09054632,2,0.9086,4,1,56.73,13,14,2,0,Inactive_123
207.075624528,3,0.5730999999999998,6,0,78.78,15,16,1,0,Inactive_124
207.075624528,3,0.5730999999999997,6,0,78.78,15,16,1,0,Inactive_125
241.08268198,2,2.532400000000001,3,1,43.84,17,18,2,0,Inactive_126
208.051573968,2,1.562,4,1,56.73,14,15,2,0,Inactive_127
313.049715396,3,1.8648,6,0,56.07000000000001,20,22,1,0,Inactive_128
277.109423192,3,2.3651,5,0,46.84,19,21,1,0,Inactive_129
193.059974464,0,-1.5778,7,0,82.66999999999999,14,15,2,0,Inactive_130
180.064725496,0,-1.0397,5,1,72.68,13,14,1,0,Inactive_131
152.033425368,0,-1.0605000000000004,3,3,94.4,11,12,3,0,Inactive_132
217.101525604,0,2.3061000000000007,2,2,54.17,16,18,4,0,Inactive_133
327.01062002799995,2,2.8371200000000023,5,2,71.69,19,20,4,0,Inactive_134
359.070403044,2,5.452020000000003,4,0,30.19,25,28,4,0,Inactive_135
216.072119384,0,3.404840000000002,3,0,17.82,15,17,4,0,Inactive_136
297.055656304,2,4.341800000000003,3,0,39.19,21,23,2,0,Inactive_137
325.037795048,4,-0.0564999999999995,5,3,120.07,22,23,5,0,Inactive_138
291.155606164,5,-0.7611599999999987,9,2,128.9,21,22,3,0,Inactive_139
390.078661308,6,3.5026600000000023,8,1,125.93000000000002,28,30,5,0,Inactive_140
294.132805056,6,1.7311400000000003,7,1,91.41,21,22,5,0,Inactive_141
178.049075432,0,-0.9832000000000004,5,1,80.64,13,14,3,0,Inactive_142
298.106590308,1,-0.0021000000000002,7,0,78.89,22,24,4,0,Inactive_143
164.033425368,0,-0.9936000000000004,4,2,91.5,12,13,3,0,Inactive_144
178.049075432,0,-0.9832000000000009,5,1,80.64,13,14,1,0,Inactive_145
192.064725496,0,-0.9728,6,0,69.78,14,15,2,0,Inactive_146
294.096419548,2,-1.4923999999999984,9,0,105.19,21,22,4,0,Inactive_147
179.0443244,0,-1.4114000000000002,5,3,117.52,13,14,3,0,Inactive_148
269.09127459200005,1,0.3872199999999997,6,1,93.53,20,22,2,0,Inactive_149
521.26784198,4,6.604400000000007,5,1,61.88,39,44,1,0,Inactive_150
479.257277296,4,6.665000000000006,5,2,53.6,36,41,1,0,Inactive_151
535.283492044,4,6.914420000000007,5,1,61.88,40,45,1,0,Inactive_152
537.299142108,5,7.450600000000008,6,2,62.83,40,45,1,0,Inactive_153
579.309706792,5,7.391600000000008,6,1,71.11,43,48,1,0,Inactive_154
526.2467721879999,6,6.4115000000000055,6,1,77.10000000000001,39,43,1,0,Inactive_155
507.288577424,6,7.015700000000007,4,1,52.650000000000006,38,42,1,0,Inactive_156
537.2627566,6,6.378600000000006,6,1,78.95,40,44,1,0,Inactive_157
497.26784198,7,6.529500000000007,6,2,62.83,37,41,1,0,Inactive_158
497.26784198,7,6.529500000000006,6,2,62.83,37,41,1,0,Inactive_159
539.2784066639999,7,6.470500000000006,6,1,71.11000000000001,40,44,1,0,Inactive_160
467.257277296,6,6.520900000000006,5,2,53.6,35,39,1,0,Inactive_161
509.26784198,6,6.461900000000006,5,1,61.88,38,42,1,0,Inactive_162
467.257277296,6,6.520900000000006,5,2,53.6,35,39,1,0,Inactive_163
509.26784198,6,6.461900000000006,5,1,61.88,38,42,1,0,Inactive_164
523.283492044,8,6.504400000000006,6,1,61.88,39,43,1,0,Inactive_165
567.273321284,7,6.387200000000005,7,1,88.18,42,46,1,0,Inactive_166
581.2889713479999,8,6.313520000000006,7,1,88.17999999999998,43,47,1,0,Inactive_167
495.215806408,4,5.574100000000004,5,2,87.74000000000001,37,41,1,0,Inactive_168
452.246378264,3,6.972200000000006,4,2,50.36,34,38,1,0,Inactive_169
480.241292884,2,6.610200000000007,4,2,69.64,36,40,1,0,Inactive_170
438.2307282,4,6.798100000000006,4,2,50.36,33,37,1,0,Inactive_171
480.241292884,4,6.739100000000007,4,1,58.64,36,40,1,0,Inactive_172
513.218304944,5,7.106700000000007,4,1,52.650000000000006,37,41,1,0,Inactive_173
567.3460922999999,9,8.475200000000006,6,2,62.83,42,46,1,0,Inactive_174
278.072513308,2,1.9327,5,1,62.13,19,20,3,0,Inactive_175
292.051777864,4,1.0187,5,1,76.99000000000001,20,21,1,0,Inactive_176
318.03756728,1,1.6935999999999998,8,6,151.59,23,25,2,0,Inactive_177
538.0899967759999,3,5.134000000000006,10,6,181.8,40,45,2,0,Inactive_178
538.0899967759999,3,5.134000000000007,10,6,181.79999999999995,40,45,2,0,Inactive_179
324.00684754,3,4.335600000000001,2,3,78.43,21,22,5,0,Inactive_180
211.023789288,1,2.0506,5,1,37.28,13,14,3,0,Inactive_181
332.116092372,4,4.695800000000003,2,3,78.43,25,27,5,0,Inactive_182
304.051777864,4,1.7820199999999995,6,1,81.28,21,23,4,0,Inactive_183
296.061948624,4,2.898100000000001,4,1,62.82,21,23,3,0,Inactive_184
317.08341234000005,5,2.0117199999999995,5,2,91.92,22,23,4,0,Inactive_185
296.061948624,4,2.898100000000001,4,1,62.82,21,23,3,0,Inactive_186
303.06776227600005,5,1.7032999999999998,5,2,91.92,21,22,4,0,Inactive_187
292.05177786400003,4,1.4645199999999998,6,3,103.28,20,21,4,0,Inactive_188
257.10117058000003,5,-1.7562,7,7,148.07,18,18,4,0,Inactive_189
170.06914218,2,-0.2333000000000003,5,5,98.74,12,12,4,0,Inactive_190
138.07931294,2,0.3554999999999996,3,3,58.28,10,10,4,0,Inactive_191
270.05282342000004,1,2.576800000000001,5,3,90.9,20,22,2,0,Inactive_192
342.110338296,3,2.726400000000001,6,1,66.38000000000001,25,28,4,0,Inactive_193
208.037173356,1,1.2127999999999997,5,2,79.9,15,16,4,0,Inactive_194
403.849895512,2,6.609000000000001,2,2,40.46,21,22,2,0,Inactive_195
143.019413028,1,-0.0394000000000001,2,2,63.32000000000001,9,8,4,0,Inactive_196
295.027869536,3,4.530280000000001,3,0,40.86,20,21,3,0,Inactive_197
289.086956432,1,3.2479000000000013,3,0,37.38,20,22,3,0,Inactive_198
158.036779432,0,1.6218,2,0,34.14,12,13,1,0,Inactive_199
184.012021228,2,1.2086,5,1,106.51000000000002,13,13,5,0,Inactive_200
285.136493468,3,2.997200000000001,3,0,38.77,21,23,3,0,Inactive_201
229.047885556,1,-1.2919999999999998,5,4,159.29,15,15,3,0,Inactive_202
292.051777864,3,0.9657,5,2,76.66,20,21,1,0,Inactive_203
